State,EarliestSessionYear,LatestSessionYear,NumSessions,Status
AL,2010,2026,29,OK
AK,2009,2025,9,OK
AZ,2010,2026,30,OK
AR,2010,2026,31,OK
CA,2009,2025,9,OK
CO,2010,2026,22,OK
CT,2010,2026,17,OK
DE,2009,2025,9,OK
DC,2013,2025,7,OK
FL,2010,2026,37,OK
GA,2009,2026,14,OK
HI,2010,2026,24,OK
ID,2010,2026,20,OK
IL,2009,2025,9,OK
IN,2010,2026,19,OK
IA,2009,2025,9,OK
KS,2009,2025,13,OK
KY,2009,2026,26,OK
LA,2010,2026,34,OK
ME,2009,2025,9,OK
MD,2010,2026,20,OK
MA,2009,2025,9,OK
MI,2009,2025,9,OK
MN,2009,2025,24,OK
MS,2010,2026,33,OK
MO,2010,2026,31,OK
MT,2009,2025,10,OK
NE,2009,2025,11,OK
NV,2009,2025,19,OK
NH,2010,2026,17,OK
NJ,2010,2026,9,OK
NM,2010,2026,28,OK
NY,2009,2025,9,OK
NC,2009,2025,18,OK
ND,2009,2026,12,OK
OH,2007,2025,11,OK
OK,2010,2026,28,OK
OR,2010,2026,26,OK
PA,2007,2025,12,OK
RI,2010,2026,17,OK
SC,2009,2025,9,OK
SD,2010,2026,24,OK
TN,2009,2025,9,OK
TX,2009,2025,23,OK
UT,2010,2026,46,OK
VT,2009,2025,11,OK
VA,2008,2026,32,OK
WA,2009,2025,9,OK
WV,2008,2026,50,OK
WI,2009,2026,22,OK
WY,2010,2026,19,OK
