Name,BioguideId,State,StateAbbr,StateLegChamber,StateLegYears,MinYear,MaxYear
Steve Austria,A000365,Ohio,OH,Ohio House of Representatives 1999-2000 (76th district); Ohio State Senate 2001-2008 (10th district),1999-2008,1999,2008
Sandy Adams,A000366,Florida,FL,Florida House of Representatives,2002-2010,2002,2010
Justin Amash,A000367,Michigan,MI,Michigan House of Representatives,2009-2011,2009,2011
Mark Amodei,A000369,Nevada,NV,Nevada Assembly (40th district) 1997-1999; Nevada State Senate (17th district) 1999-2011,1997-2011,1997,2011
Alma Adams,A000370,North Carolina,NC,NC House,1994-2014,1994,2014
Brad Ashford,A000373,Nebraska,NE,Nebraska Legislature (unicameral),1987-1995; 2007-2015,1987,2015
Kelly Armstrong,A000377,North Dakota,ND,North Dakota State Senate (District 36),2012-2018,2012,2018
James Barcia,B000134,Michigan,MI,Michigan House of Representatives (1977-1983); Michigan Senate (1983-1993; returned 2003-2011 after Congress),1977-1993 (first stint); 2003-2011 (second stint),1977,2011
Cliff Bentz,B000668,Oregon,OR,OR House 2008-2018; OR Senate 2018-2020,2008-2020,2008,2020
Stephanie Bice,B000740,Oklahoma,OK,Oklahoma Senate,2014-2020 (22nd district),2014,2020
John Bryant,B000997,Texas,TX,Texas House of Representatives,1974-1983; 2023-present (2nd stint),1974,2023
Peter Barca,B001226,Wisconsin,WI,Wisconsin State Assembly,1985-1993 (dist 64); 2009-2019 (dist 64; resigned Jan 2019),1985,2019
Jeb Bradley,B001246,New Hampshire,NH,New Hampshire House of Representatives (1990-2002); New Hampshire Senate (2009-2024; after House service),1990-2002 (pre-Congress); 2009-2024 (post-Congress),1990,2024
Max Burns,B001249,Georgia,GA,Georgia State Senate (23rd district) - served AFTER House service,2021-present,2021,2021
John Boccieri,B001263,Ohio,OH,Ohio House of Representatives 2001-2006 (61st district); Ohio State Senate 2007-2008 (33rd district),2001-2008,2001,2008
Scott Brown,B001268,Massachusetts,MA,Massachusetts House of Representatives (1998-2004); Massachusetts Senate (2004-2010),1998-2010,1998,2010
Karen Bass,B001270,California,CA,CA State Assembly (47th district; Speaker 2008-2010),2004-2010,2004,2010
Rick Berg,B001272,North Dakota,ND,North Dakota House of Representatives,1985-2010,1985,2010
Diane Black,B001273,Tennessee,TN,Tennessee House of Representatives (1999-2005); Tennessee Senate (2005-2010),TN House dist 45 1999-2005 (3 terms); TN Senate dist 18 2005-2010 (~1 term/5.5 yrs),1999,2010
Suzanne Bonamici,B001278,Oregon,OR,OR House 2007-08 (1 term); OR Senate 2008-2012 (~2 terms),2007-2012,2007,2012
Joyce Beatty,B001281,Ohio,OH,Ohio House of Representatives (27th district),1999-2008,1999,2008
Julia Brownley,B001285,California,CA,CA State Assembly (41st district),2006-2012,2006,2012
Mike Bost,B001295,Illinois,IL,Illinois House of Representatives,1995-2015 (district 115),1995,2015
Brendan Boyle,B001296,Pennsylvania,PA,PA House of Representatives,2009-2015,2009,2015
Jim Banks,B001299,Indiana,IN,Indiana State Senate,2010-2016,2010,2016
Andy Biggs,B001302,Arizona,AZ,Arizona House of Representatives (22nd district); Arizona Senate (22nd; then 12th district; Senate President 2013-17),2003-2011; 2011-2017,2003,2017
Troy Balderson,B001306,Ohio,OH,Ohio House of Representatives 2009-2011 (94th district); Ohio State Senate 2011-2018 (20th district),2009-2018,2009,2018
Jim Baird,B001307,Indiana,IN,Indiana House of Representatives (District 44),2010-2018,2010,2018
Tim Burchett,B001309,Tennessee,TN,Tennessee House of Representatives (1995-1998); Tennessee Senate (1999-2010),TN House dist 18 1995-1998 (2 terms); TN Senate dist 7 1999-2010 (3 terms),1995,2010
Mike Braun,B001310,Indiana,IN,Indiana House of Representatives,2014-2017,2014,2017
Dan Bishop,B001311,North Carolina,NC,NC House 2015-2017; NC Senate 2017-2019,2015-2019,2015,2019
Aaron Bean,B001314,Florida,FL,Florida House of Representatives (12th district); Florida Senate (4th district),2000-2008; 2012-2022,2000,2022
Eric Burlison,B001316,Missouri,MO,Missouri House of Representatives (2009-2016); Missouri Senate (2019-2023),2009-2023,2009,2023
Josh Brecheen,B001317,Oklahoma,OK,Oklahoma Senate,2010-2018,2010,2018
Becca Balint,B001318,Vermont,VT,Vermont Senate,2015-2023 (Windham County),2015,2023
Tom Barrett,B001321,Michigan,MI,Michigan Senate,2019-2023,2019,2023
Michael Baumgartner,B001322,Washington,WA,Washington State Senate,January 2011-January 2019; dist 6 (2 terms),2011,2019
Janelle Bynum,B001326,Oregon,OR,OR House,2017-2025,2017,2025
Hansen Clarke,C001085,Michigan,MI,Michigan House of Representatives (1991-1992; 1999-2002; non-consecutive); Michigan Senate (2003-2010),1991-1992; 1999-2010,1991,2010
Joaquin Castro,C001091,Texas,TX,Texas House of Representatives,2003-2013,2003,2013
Doug Collins,C001093,Georgia,GA,Georgia House of Representatives (27th district),2007-2013,2007,2013
Paul Cook,C001094,California,CA,CA State Assembly (65th district),2006-2012,2006,2012
Katherine Clark,C001101,Massachusetts,MA,Massachusetts House of Representatives (2008-2011); Massachusetts Senate (2011-2013),2008-2013,2008,2013
Buddy Carter,C001103,Georgia,GA,Georgia House of Representatives (159th district); Georgia State Senate (1st district),2005-2009; 2009-2014,2005,2014
Barbara Comstock,C001105,Virginia,VA,Virginia House of Delegates,January 2010-November 2014; dist 34 (3 terms),2010,2014
James Comer,C001108,Kentucky,KY,Kentucky House of Representatives (53rd district),2001-2012,2001,2012
Lou Correa,C001110,California,CA,CA State Assembly (69th district); CA State Senate (34th district),Assembly 1998-2006; Senate 2006-2014,1998,2014
Ben Cline,C001118,Virginia,VA,Virginia House of Delegates,November 2002-December 2018; dist 24 (8 terms),2002,2018
Troy Carter,C001125,Louisiana,LA,Louisiana House of Representatives (102nd district 1992-1994); Louisiana Senate (7th district 2016-2021; Minority Leader),1992-1994 and 2016-2021,1992,2021
Jasmine Crockett,C001130,Texas,TX,Texas House of Representatives,2021-2023,2021,2023
Yadira Caraveo,C001134,Colorado,CO,Colorado House of Representatives district 31,2019-2023,2019,2023
Herb Conaway,C001136,New Jersey,NJ,New Jersey General Assembly (7th district),1998-2025,1998,2025
Byron Donalds,D000032,Florida,FL,Florida House of Representatives (80th district),2016-2020,2016,2020
Don Davis,D000230,North Carolina,NC,NC Senate 2009-2011 and 2013-2023 (non-continuous),2009-2011; 2013-2023,2009,2023
Roy Dyson,D000593,Maryland,MD,Maryland House of Delegates (29th district 1975-1980); Maryland Senate (29th district 1995-2015 - after House career),1975-1980 and 1995-2015,1975,2015
Ted Deutch,D000610,Florida,FL,Florida State Senate (30th district),2006-2010,2006,2010
Jeff Duncan,D000615,South Carolina,SC,South Carolina House of Representatives,2003-2010 (District 15),2003,2010
Mark DeSaulnier,D000623,California,CA,CA State Assembly (11th district); CA State Senate (7th district),Assembly 2006-2008; Senate 2008-2015,2006,2015
Madeleine Dean,D000631,Pennsylvania,PA,PA House of Representatives,2012-2018,2012,2018
Maxine Dexter,D000635,Oregon,OR,OR House,2020-2024,2020,2024
Jake Ellzey,E000071,Texas,TX,Texas House of Representatives,January-July 2021,2021,2021
Chuck Edwards,E000246,North Carolina,NC,NC Senate,2016-2023,2016,2023
Elizabeth Esty,E000293,Connecticut,CT,Connecticut House of Representatives district 103,2009-2011,2009,2011
Tom Emmer,E000294,Minnesota,MN,Minnesota House of Representatives,2005-2011,2005,2011
Joni Ernst,E000295,Iowa,IA,Iowa State Senate,2011-2014,2011,2014
Dwight Evans,E000296,Pennsylvania,PA,PA House of Representatives,1981-2016,1981,2016
Adriano Espaillat,E000297,New York,NY,New York State Assembly (1997-2010; 72nd district); New York State Senate (2011-2016; 31st district),1997-2016,1997,2016
Gabe Evans,E000300,Colorado,CO,Colorado House of Representatives district 48,2023-2025,2023,2025
Sarah Elfreth,E000301,Maryland,MD,Maryland Senate (30th district),2019-2025,2019,2025
Cleo Fields,F000110,Louisiana,LA,Louisiana Senate (14th district; three separate stints),1988-1993 and 1997-2008 and 2020-2025,1988,2025
Pat Fallon,F000246,Texas,TX,Texas House of Representatives; Texas Senate,2013-2019 (House district 106); 2019-2021 (Senate district 30),2013,2021
Randy Feenstra,F000446,Iowa,IA,Iowa Senate (2nd district),2009-2021,2009,2021
Deb Fischer,F000463,Nebraska,NE,Nebraska Legislature (unicameral),2005-2013,2005,2013
Abby Finkenauer,F000467,Iowa,IA,Iowa House of Representatives (99th district),2015-2019,2015,2019
Russ Fulcher,F000469,Idaho,ID,Idaho Senate,2005-2014 (District 21 then 22),2005,2014
Michelle Fischbach,F000470,Minnesota,MN,Minnesota Senate,1996-2018,1996,2018
Scott Fitzgerald,F000471,Wisconsin,WI,Wisconsin Senate,1995-2021 (dist 13),1995,2021
Mike Flood,F000474,Nebraska,NE,Nebraska Legislature (unicameral),2005-2013; 2021-2022,2005,2022
Brad Finstad,F000475,Minnesota,MN,Minnesota House of Representatives,2003-2009,2003,2009
Russell Fry,F000478,South Carolina,SC,South Carolina House of Representatives,2015-2022 (106th district),2015,2022
Vince Fong,F000480,California,CA,CA State Assembly (34th then 32nd district),2016-2024,2016,2024
Laura Friedman,F000483,California,CA,CA State Assembly (44th district),2016-2024,2016,2024
Randy Fine,F000484,Florida,FL,Florida House of Representatives (53rd; then 33rd district); Florida Senate (19th district),2016-2024; 2024-2025,2016,2025
Tom Graves,G000560,Georgia,GA,Georgia House of Representatives (10th; then 12th district),2003-2010,2003,2010
Cory Gardner,G000562,Colorado,CO,Colorado House of Representatives,2005-2011,2005,2011
Bob Gibbs,G000563,Ohio,OH,Ohio House of Representatives (97th district),2003-2009,2003,2009
Morgan Griffith,G000568,Virginia,VA,Virginia House of Delegates,1994-2011; dist 8 (Majority Leader 2000-2010),1994,2011
Pete Gallego,G000572,Texas,TX,Texas House of Representatives,1991-2013,1991,2013
Ruben Gallego,G000574,Arizona,AZ,Arizona House of Representatives,2011-2014,2011,2014
Glenn Grothman,G000576,Wisconsin,WI,Wisconsin State Assembly (1993-2005; dist 58); Wisconsin Senate (2005-2015; dist 20),WI Assembly 1993-2005 (6 terms); WI Senate 2005-2015 (3 terms),1993,2015
Matt Gaetz,G000578,Florida,FL,Florida House of Representatives,2010-2016,2010,2016
Tom Garrett,G000580,Virginia,VA,Virginia Senate,dist 22; elected 2011/took office Jan 2012 through his 2016 election to Congress (source shows some date overlap/error with Congress dates - flagged),2011,2016
Jimmy Gomez,G000585,California,CA,CA State Assembly (51st district),2012-2017,2012,2017
Sylvia Garcia,G000587,Texas,TX,Texas Senate,2013-2018,2013,2018
Lance Gooden,G000589,Texas,TX,Texas House of Representatives,2011-2015; 2017-2019,2011,2019
Mark Green,G000590,Tennessee,TN,Tennessee Senate,2013-2018; dist 22 (2 terms),2013,2018
Jared Golden,G000592,Maine,ME,Maine House of Representatives,2014-2018 (District 60; Asst. House Majority Leader),2014,2018
Andrew Garbarino,G000597,New York,NY,New York State Assembly,2013-2020,2013,2020
Craig Goldman,G000601,Texas,TX,Texas House of Representatives,2013-2025,2013,2025
Adam Gray,G000605,California,CA,CA State Assembly (21st district),2012-2022,2012,2022
Debbie Halvorson,H001044,Illinois,IL,Illinois Senate,1997-2009 (district 40),1997,2009
Kay Hagan,H001049,North Carolina,NC,North Carolina State Senate,1999-2009,1999,2009
Colleen Hanabusa,H001050,Hawaii,HI,Hawaii Senate,1998-2010 (21st District; Senate President 2007),1998,2010
Andy Harris,H001052,Maryland,MD,Maryland Senate (9th district then 7th district; Minority Whip 2003-2006),1999-2011,1999,2011
Jaime Herrera Beutler,H001056,Washington,WA,Washington House of Representatives,November 2007-January 2011 (appointed 2007; won 2008 election),2007,2011
Tim Huelskamp,H001057,Kansas,KS,Kansas Senate (38th district),1997-2011,1997,2011
Bill Huizenga,H001058,Michigan,MI,Michigan House of Representatives,2003-2009,2003,2009
Randy Hultgren,H001059,Illinois,IL,Illinois House of Representatives; Illinois Senate,1999-2007 (House; districts 40 then 95); 2007-2011 (Senate; district 48),1999,2011
Robert Hurt,H001060,Virginia,VA,Virginia House of Delegates (2002-2008); Virginia Senate (2008-2011),VA House dist 16 2002-2008 (3 terms); VA Senate dist 19 2008-2011 (1 term),2002,2011
Steven Horsford,H001066,Nevada,NV,Nevada State Senate (4th district),2005-2013,2005,2013
Jared Huffman,H001068,California,CA,CA State Assembly (6th district),2006-2012,2006,2012
Cresent Hardy,H001070,Nevada,NV,Nevada Assembly (20th district 2010-2012; 19th district 2012-2014),2010-2014,2010,2014
Maggie Hassan,H001076,New Hampshire,NH,New Hampshire State Senate,2005-2010,2005,2010
Cindy Hyde-Smith,H001079,Mississippi,MS,Mississippi State Senate,2000-2012,2000,2012
Yvette Herrell,H001084,New Mexico,NM,New Mexico House of Representatives,2011-2019 (51st district),2011,2019
Ashley Hinson,H001091,Iowa,IA,Iowa House of Representatives (67th district),2017-2021,2017,2021
Erin Houchin,H001093,Indiana,IN,Indiana Senate (47th district),2014-2022 (resigned Feb 2022),2014,2022
Val Hoyle,H001094,Oregon,OR,OR House,2009-2017,2009,2017
Jon Husted,H001104,Ohio,OH,Ohio House of Representatives; Ohio Senate,2001-2009 (House; Speaker 2005-2009); 2009-2011 (Senate),2001,2011
Hakeem Jeffries,J000294,New York,NY,New York State Assembly,2007-2012 (57th district),2007,2012
Evan Jenkins,J000297,West Virginia,WV,West Virginia House of Delegates (1994-2002); West Virginia Senate (2002-2014; dist 5),WV House 1994-2002 (4 terms); WV Senate 2002-2014 (3 terms),1994,2014
Pramila Jayapal,J000298,Washington,WA,Washington State Senate,January 2015-December 2016; dist 37 (1 term),2015,2016
Mike Johnson,J000299,Louisiana,LA,Louisiana House of Representatives (8th district),2015-2017,2015,2017
Jeff Jackson,J000308,North Carolina,NC,NC Senate,2014-2023,2014,2023
Julie Johnson,J000310,Texas,TX,Texas House of Representatives,2019-2025,2019,2025
Derek Kilmer,K000381,Washington,WA,Washington House of Representatives (2005-2007); Washington State Senate (2007-2012),WA House 2005-2007 (1 term); WA Senate dist 26 2007-2012 (~2 terms),2005,2012
Steve Knight,K000387,California,CA,CA State Assembly (36th district); CA State Senate (21st district),Assembly 2008-2012; Senate 2012-2014,2008,2014
Ruben Kihuen,K000390,Nevada,NV,Nevada Assembly 2006-2010; Nevada State Senate 2010-2016,2006-2016,2006,2016
Fred Keller,K000395,Pennsylvania,PA,PA House of Representatives,2011-2019,2011,2019
Kai Kahele,K000396,Hawaii,HI,Hawaii Senate,2016-2020 (1st District; appointed then elected),2016,2020
Young Kim,K000397,California,CA,CA State Assembly (65th district),2014-2016,2014,2016
Thomas Kean Jr.,K000398,New Jersey,NJ,New Jersey General Assembly 2001-2003; New Jersey Senate 2003-2022 (Minority Leader 2008-2022),2001-2022,2001,2022
Jen Kiggans,K000399,Virginia,VA,Senate of Virginia,January 2020-November 2022; dist 7 (1 term),2020,2022
Sydney Kamlager-Dove,K000400,California,CA,CA State Assembly (54th district) 2018-2021; CA State Senate (30th district) 2021-2022,Assembly 2018-2021; Senate 2021-2022,2018,2022
Kevin Kiley,K000401,California,CA,CA State Assembly (6th district),2016-2022,2016,2022
Tim Kennedy,K000402,New York,NY,New York State Senate,2011-2024 (58th district 2011-13; 63rd district 2013-24),2011,2024
Mike Kennedy,K000403,Utah,UT,Utah House of Representatives (2013-2019); Utah Senate (2021-2025),UT House 2013-2019 (3 terms); UT Senate 2021-2025 (2 terms),2013,2025
Jake LaTurner,L000266,Kansas,KS,Kansas Senate (13th district),2013-2017,2013,2017
Raul Labrador,L000573,Idaho,ID,Idaho House of Representatives,2006-2010 (District 14 Seat B),2006,2010
Doug LaMalfa,L000578,California,CA,CA State Assembly (2nd district); CA State Senate (4th district),Assembly 2002-2008; Senate 2010-2012,2002,2012
Ted Lieu,L000582,California,CA,CA State Assembly (53rd district); CA State Senate (28th district),Assembly 2005-2010; Senate 2011-2014,2005,2014
Barry Loudermilk,L000583,Georgia,GA,Georgia House of Representatives (14th district); Georgia State Senate (52nd; then 14th district),2005-2011; 2011-2013,2005,2013
Darin LaHood,L000585,Illinois,IL,Illinois Senate,2011-2015 (district 37; appointed then elected),2011,2015
Debbie Lesko,L000589,Arizona,AZ,Arizona House of Representatives (9th; then 21st district); Arizona Senate (21st district),2009-2015; 2015-2018,2009,2018
Mike Lawler,L000599,New York,NY,New York State Assembly,2021-2022,2021,2022
Summer Lee,L000602,Pennsylvania,PA,PA House of Representatives,2019-2022,2019,2022
George Latimer,L000606,New York,NY,New York State Assembly (2005-13); New York State Senate (2013-17),2005-2017,2005,2017
Nancy Mace,M000194,South Carolina,SC,South Carolina House of Representatives,2018-2020 (99th district),2018,2020
Nicole Malliotakis,M000317,New York,NY,New York State Assembly,2011-2020 (60th district 2011-13; 64th district 2013-21),2011,2020
Mick Mulvaney,M001182,South Carolina,SC,South Carolina House of Representatives; South Carolina Senate,2007-2009 (House; 45th district); 2009-2011 (Senate; 16th district),2007,2011
Grace Meng,M001188,New York,NY,New York State Assembly,2009-2012,2009,2012
John Moolenaar,M001194,Michigan,MI,Michigan House of Representatives (2003-2008); Michigan Senate (2011-2015),2003-2015,2003,2015
Alex Mooney,M001195,Maryland,MD,Maryland State Senate,1999-2011 (dist 3),1999,2011
Donald McEachin,M001200,Virginia,VA,Virginia House of Delegates (1996-2002; 2006-2008); Senate of Virginia (2008-2017),VA House dist 74 two non-consecutive stints; VA Senate dist 9 2008-2017 (~2.5 terms),2008,2017
Carol Miller,M001205,West Virginia,WV,West Virginia House of Delegates,2006-2018 (dist 15 2006-12; dist 16 2012-18),2006,2018
Joseph Morelle,M001206,New York,NY,New York State Assembly,1991-2018,1991,2018
Ben McAdams,M001209,Utah,UT,Utah State Senate,2009-2013 (dist 2),2009,2013
Barry Moore,M001212,Alabama,AL,Alabama House of Representatives district 91,2010-2018,2010,2018
Mariannette Miller-Meeks,M001215,Iowa,IA,Iowa Senate (41st district),2019-2021,2019,2021
Jared Moskowitz,M001217,Florida,FL,Florida House of Representatives (97th district),2012-2019,2012,2019
Morgan McGarvey,M001220,Kentucky,KY,Kentucky Senate (19th district),2012-2023,2012,2023
Kevin Mullin,M001225,California,CA,CA State Assembly (22nd district),2012-2022,2012,2022
Jennifer McClellan,M001227,Virginia,VA,Virginia House of Delegates (2006-2017); Virginia Senate (2017-2023),VA House dist 71 2006-2017 (~6 terms); VA Senate dist 9 2017-2023 (~1.5 terms),2006,2023
Ryan Mackenzie,M001230,Pennsylvania,PA,PA House of Representatives,2012-2024,2012,2024
John Mannion,M001231,New York,NY,New York State Senate,c. 2021-2025 (50th district),2021,2025
Mark Messmer,M001233,Indiana,IN,Indiana House of Representatives (63rd district); Indiana Senate (48th district),2008-2014; 2014-2024,2008,2024
Kelly Morrison,M001234,Minnesota,MN,Minnesota House of Representatives (2019-2023); Minnesota Senate (2023-2024),2019-2024,2019,2024
Riley Moore,M001235,West Virginia,WV,West Virginia House of Delegates,2017-2019 (dist 67),2017,2019
Tim Moore,M001236,North Carolina,NC,NC House,2003-2025,2003,2025
Kristen McDonald Rivet,M001237,Michigan,MI,Michigan Senate,2023-2025,2023,2025
Sarah McBride,M001238,Delaware,DE,Delaware Senate district 1 (first openly transgender state senator in the US),2021-2025,2021,2025
John McGuire,M001239,Virginia,VA,Virginia House of Delegates (2018-2024); Virginia Senate (2024-2025),VA House dist 56 2018-2024 (2 terms); VA Senate dist 10 2024-2025 (partial term),2018,2025
Dave Min,M001241,California,CA,CA State Senate (37th district),2020-2024,2020,2024
Kristi Noem,N000184,South Dakota,SD,South Dakota House of Representatives,2007-2010 (dist 6),2007,2010
Alan Nunnelee,N000186,Mississippi,MS,Mississippi State Senate (6th district),1995-2011,1995,2011
Donald Norcross,N000188,New Jersey,NJ,New Jersey General Assembly (5th district; brief; Jan 12-19 2010); New Jersey State Senate (5th district) 2010-2014,2010-2014,2010,2014
Dan Newhouse,N000189,Washington,WA,Washington House of Representatives,2003-2009; dist 15 (4 terms),2003,2009
Ralph Norman,N000190,South Carolina,SC,South Carolina House of Representatives,2005-2007; 2009-2017 (48th district; non-continuous),2005,2017
Zach Nunn,N000193,Iowa,IA,Iowa House of Representatives (30th district); Iowa Senate (15th district),2015-2019; 2019-2023,2015,2023
Wiley Nickel,N000194,North Carolina,NC,NC Senate,2019-2023,2019,2023
Jay Obernolte,O000019,California,CA,CA State Assembly (33rd district),2014-2020,2014,2020
Ilhan Omar,O000173,Minnesota,MN,Minnesota House of Representatives,2017-2019,2017,2019
Johnny Olszewski,O000176,Maryland,MD,Maryland House of Delegates (6th district),2006-2015,2006,2015
Bob Onder,O000177,Missouri,MO,Missouri House of Representatives (2007-2008); Missouri Senate (2015-2023),2007-2023,2007,2023
Alex Padilla,P000145,California,CA,California State Senate,2006-2014,2006,2014
Erik Paulsen,P000594,Minnesota,MN,Minnesota House of Representatives,1995-2009,1995,2009
Steven Palazzo,P000601,Mississippi,MS,Mississippi House of Representatives (district 116),2006-2011,2006,2011
Scott Perry,P000605,Pennsylvania,PA,PA House of Representatives,2007-2012,2007,2012
Mark Pocan,P000607,Wisconsin,WI,Wisconsin State Assembly,1999-2013 (dist 78),1999,2013
Mary Peltola,P000619,Alaska,AK,Alaska House of Representatives districts 39 (1999-2003) and 38 (2003-2009),1999-2009,1999,2009
Brittany Pettersen,P000620,Colorado,CO,Colorado House of Representatives district 28 (2013-2019); Colorado Senate district 22 (2019-2023),2013-2023,2013,2023
Nellie Pou,P000621,New Jersey,NJ,New Jersey General Assembly 1997-2012; New Jersey Senate 2012-2025,1997-2025,1997,2025
Jimmy Patronis,P000622,Florida,FL,Florida House of Representatives (6th district),2006-2014,2006,2014
Matt Rosendale,R000103,Montana,MT,Montana House of Representatives (2011-2013); Montana Senate (2013-2021; Senate Majority Leader 2015-2017),2011-2021,2011,2021
Deborah Ross,R000305,North Carolina,NC,NC House,2003-2013,2003,2013
Laura Richardson,R000581,California,CA,CA State Assembly (55th district) 2007 (brief); CA State Senate (35th district) 2024-present,Assembly 2007 (few months); Senate 2024-present,2007,2026
Cedric Richmond,R000588,Louisiana,LA,Louisiana House of Representatives (101st district),2000-2011,2000,2011
David Rivera,R000590,Florida,FL,Florida House of Representatives (112th district),2002-2010,2002,2010
Steve Russell,R000604,Oklahoma,OK,Oklahoma Senate,2009-2013,2009,2013
Jamie Raskin,R000606,Maryland,MD,Maryland Senate (20th district),2007-2016,2007,2016
Guy Reschenthaler,R000610,Pennsylvania,PA,PA Senate,2015-2019,2015,2019
Delia Ramirez,R000617,Illinois,IL,Illinois House of Representatives,2018-2022 (district 4; first Guatemalan-American in IL General Assembly),2018,2022
Luz Rivas,R000620,California,CA,CA State Assembly (39th then 43rd district),2018-2024,2018,2024
Emily Randall,R000621,Washington,WA,Washington State Senate,January 2019-December 2024 (2 terms),2019,2024
Victoria Spartz,S000929,Indiana,IN,Indiana Senate (20th district),2017-2020 (appointed 2017; elected 2018),2017,2020
Jean Schmidt,S001164,Ohio,OH,Ohio House of Representatives (two separate stints: ~2001-2004 and 2021-2022),2001-2004; 2021-2022,2001,2022
Aaron Schock,S001179,Illinois,IL,Illinois House of Representatives,2005-2009 (district 92),2005,2009
Tim Scott,S001184,South Carolina,SC,South Carolina House of Representatives,2009-2011,2009,2011
Steve Stivers,S001187,Ohio,OH,Ohio State Senate,2003-2008,2003,2008
Marlin Stutzman,S001188,Indiana,IN,Indiana House of Representatives; Indiana Senate (13th district),2003-2009; 2009-2010,2003,2010
Austin Scott,S001189,Georgia,GA,Georgia House of Representatives (138th; then 153rd district),1996-2011,1996,2011
Kyrsten Sinema,S001191,Arizona,AZ,Arizona House of Representatives; Arizona State Senate,House 2005-2011; Senate 2011-2012,2005,2012
Jason Smith,S001195,Missouri,MO,Missouri House of Representatives,2005-2013,2005,2013
Darren Soto,S001200,Florida,FL,Florida House of Representatives (49th district); Florida Senate (14th district),2007-2012; 2012-2016,2007,2016
Greg Steube,S001214,Florida,FL,Florida House of Representatives (67th; then 73rd district); Florida Senate (23rd district),2010-2016; 2016-2018,2010,2018
Melanie Stansbury,S001218,New Mexico,NM,New Mexico House of Representatives,2019-2021,2019,2021
Emilia Sykes,S001223,Ohio,OH,Ohio House of Representatives (34th district),2015-2022,2015,2022
Andrea Salinas,S001226,Oregon,OR,OR House,2017-2023,2017,2023
Eric Schmitt,S001227,Missouri,MO,Missouri Senate,2009-2017,2009,2017
Derek Schmidt,S001228,Kansas,KS,Kansas Senate (15th district; Majority Leader 2004-2010),2001-2011,2001,2011
Suhas Subramanyam,S001230,Virginia,VA,Virginia House of Delegates (2020-2024); Virginia Senate (2024-2025),VA House dist 87 2020-2024 (2 terms); VA Senate dist 32 2024-2025 (partial term),2020,2025
Tom Tiffany,T000165,Wisconsin,WI,Wisconsin State Assembly (2011-2013); Wisconsin Senate (2013-2020),WI Assembly 2011-2013 (1 term); WI Senate 2013-2020 (partial/2 terms),2011,2020
Scott Tipton,T000470,Colorado,CO,Colorado House of Representatives,2009-2011,2009,2011
Mark Takai,T000473,Hawaii,HI,Hawaii House of Representatives,1994-2014 (districts 34 then 33),1994,2014
Norma Torres,T000474,California,CA,CA State Assembly (61st then 52nd district); CA State Senate (32nd district),Assembly 2008-2013; Senate 2013-2014,2008,2014
Thom Tillis,T000476,North Carolina,NC,North Carolina House of Representatives,2007-2015,2007,2015
Scott Taylor,T000477,Virginia,VA,Virginia House of Delegates,January 2014-January 2017; dist 85 (1 term),2014,2017
Claudia Tenney,T000478,New York,NY,New York State Assembly,2011-2016 (115th district 2011-13; 101st district 2013-16),2011,2016
Van Taylor,T000479,Texas,TX,Texas House of Representatives; Texas Senate,2010-2015 (House district 66); 2015-2019 (Senate district 8),2010,2019
William Timmons,T000480,South Carolina,SC,South Carolina Senate,2016-2018,2016,2018
Rashida Tlaib,T000481,Michigan,MI,Michigan House of Representatives,2009-2015,2009,2015
Jill Tokuda,T000487,Hawaii,HI,Hawaii Senate,2006-2018 (24th district),2006,2018
Shri Thanedar,T000488,Michigan,MI,Michigan House of Representatives,2021-2023,2021,2023
Sylvester Turner,T000489,Texas,TX,Texas House of Representatives,1989-2016,1989,2016
David Valadao,V000129,California,CA,CA State Assembly (30th district),2010-2012,2010,2012
Juan Vargas,V000130,California,CA,CA State Assembly (79th district); CA State Senate (40th district),Assembly 2000-2006; Senate 2010-2013,2000,2013
Marc Veasey,V000131,Texas,TX,Texas House of Representatives,2005-2013,2005,2013
Jeff Van Drew,V000133,New Jersey,NJ,New Jersey General Assembly (1st district) 2002-2008; New Jersey Senate (1st district) 2008-2018,2002-2018,2002,2018
Nikema Williams,W000788,Georgia,GA,Georgia State Senate (39th district),Dec 2017-Jan 2021,2017,2021
Frederica Wilson,W000808,Florida,FL,Florida House of Representatives (104th district); Florida Senate (33rd district),1998-2002; 2002-2010,1998,2010
Jackie Walorski,W000813,Indiana,IN,Indiana House of Representatives (21st district),2005-2010,2005,2010
Mimi Walters,W000820,California,CA,CA State Assembly (73rd district); CA State Senate (33rd then 37th district),Assembly 2005-2008; Senate 2008-2015,2005,2015
Bruce Westerman,W000821,Arkansas,AR,Arkansas House of Representatives,2011-2015 (House Minority Leader 2012; House Majority Leader 2013),2011,2015
Bonnie Watson Coleman,W000822,New Jersey,NJ,New Jersey General Assembly (15th district; Majority Leader 2006-2010),1998-2015,1998,2015
Jennifer Wexton,W000825,Virginia,VA,Virginia Senate,January 2014-January 2019; dist 33 (special election win plus 1 full term),2014,2019
David Young,Y000066,Iowa,IA,Iowa House of Representatives (28th district) - served AFTER House tenure,2023-present,2023,2023
Ryan Zinke,Z000018,Montana,MT,Montana Senate,2009-2013,2009,2013
