Name,State,StateLegChamber,StateLegYears,StateLegTerms,SenateYears,SenateCongresses,SenateTerms,BillsIntroducedSenate,BillsIntroducedStateLeg,Notes/Sources
Howard Metzenbaum,Ohio,Ohio House of Representatives; Ohio Senate,1943-1947 (House); 1947-1951 (Senate),~2 terms House; ~2 terms Senate (2-yr terms era),1974 (interim appt); 1976-1995,94th (partial 1974); 95th-103rd (1977-1995),2 full elected terms (1976; 1982) plus a 1974 interim appointment,N/A - congress.gov blocked from automated fetch; not found in quick search,N/A - not digitized/available,Wikipedia: Howard Metzenbaum page; List of US senators from Ohio
Mike DeWine,Ohio,Ohio Senate,1981-1982,1 term (partial; resigned Dec 1982 to run for Lt Governor),1995-2007,104th-109th,2 terms (elected 1994; re-elected 2000),N/A - congress.gov blocked from automated fetch; not found in quick search,N/A - not digitized/available,Wikipedia: Mike DeWine page
Sherrod Brown,Ohio,Ohio House of Representatives,1975-1983 (elected 1974-1980),~4 terms (2-yr terms),2007-2025,110th-118th,3 terms (elected 2006; 2012; 2018),N/A - congress.gov blocked from automated fetch; not found in quick search,N/A - not digitized/available,Wikipedia: Sherrod Brown page
George Voinovich,Ohio,Ohio House of Representatives,1967-1971,~2 terms (2-yr terms),1999-2011,106th-111th,2 terms (elected 1998; re-elected 2004),N/A - congress.gov blocked from automated fetch; not found in quick search,N/A - not digitized/available,Wikipedia: George Voinovich page
Jon Husted,Ohio,Ohio House of Representatives; Ohio Senate,2001-2009 (House; Speaker 2005-2009); 2009-2011 (Senate),4 terms House; 1 partial term Senate (elected 2008; resigned 2011 for Sec of State),2025-present,119th-,0 full terms elected yet (appointed Jan 2025 by Gov. DeWine to fill Vance vacancy; special election pending Nov 2026),N/A - congress.gov blocked from automated fetch; not found in quick search,"74 (LOWER BOUND: LegiScan-sourced state bill sponsorships since its coverage begins for OH; this person's state legislative service started before that window, see legiscan_coverage_gap_analysis.csv)",Wikipedia: Jon Husted page
David Boren,Oklahoma,Oklahoma House of Representatives,1967-1974,4 terms,1979-1994,96th-103rd,3 terms (elected 1978; 1984; 1990; resigned Nov 1994),N/A - congress.gov blocked from automated fetch; not found in quick search,N/A - not digitized/available,Wikipedia: David Boren page
Jim Inhofe,Oklahoma,Oklahoma House of Representatives; Oklahoma Senate,1966-1969 (House); 1969-1977 (Senate; Minority Leader 1975-1976),1 term House; 2 terms Senate,1994-2023,103rd-117th,6 elected/re-elected (1994 special; 1996; 2002; 2008; 2014; 2020),N/A - congress.gov blocked from automated fetch; not found in quick search,N/A - not digitized/available,Wikipedia: Jim Inhofe page
Don Nickles,Oklahoma,Oklahoma Senate,1979-1981,1 term,1981-2005,97th-108th,4 terms (elected 1980; 1986; 1992; 1998),N/A - congress.gov blocked from automated fetch; not found in quick search,N/A - not digitized/available,Wikipedia: Don Nickles page
Mark Hatfield,Oregon,Oregon House of Representatives; Oregon State Senate,1951-1955 (House); 1955-1959 (Senate; resigned to become Sec of State),2 terms House; ~1 term Senate (partial;resigned 1959),1967-1997,90th-104th,5 terms (elected 1966;1972;1978;1984;1990),N/A - congress.gov blocked from automated fetch; not found in quick search,N/A - not digitized/available,Wikipedia: Mark Hatfield page
Bob Packwood,Oregon,Oregon House of Representatives,1963-1969,"~3 terms (2-yr terms; source says ""single term"" district but dates span 6 years - verify)",1969-1995,91st-104th,4 terms (elected 1968;1974;1980;1986; resigned Oct 1995 before completing term),N/A - congress.gov blocked from automated fetch; not found in quick search,N/A - not digitized/available,Wikipedia: Bob Packwood page
Gordon Smith,Oregon,Oregon State Senate,1993-1997 (Senate President 1995-1997),~1 term,1997-2009,105th-110th,2 terms (elected 1996;2002),N/A - congress.gov blocked from automated fetch; not found in quick search,N/A - not digitized/available,Wikipedia: Gordon H. Smith page
Jeff Merkley,Oregon,Oregon House of Representatives,1999-2009 (Speaker 2007-2009),5 terms (2-yr terms),2009-present,111th-119th,3 terms so far (elected 2008;2014;2020),N/A - congress.gov blocked from automated fetch; not found in quick search,N/A - not digitized/available,Wikipedia: Jeff Merkley page
Jack Reed,Rhode Island,Rhode Island State Senate,1985-1991 (elected 1984; 3 terms; exact end date approximate),3 terms,1997-present,105th-119th,5 terms so far (elected 1996;2002;2008;2014;2020),N/A - congress.gov blocked from automated fetch; not found in quick search,N/A - not digitized/available,Wikipedia: Jack Reed (Rhode Island politician) page
Strom Thurmond,South Carolina,South Carolina Senate,1933-1938,1 term (~5 yrs; became circuit judge in 1938),1956-2003 (also brief initial term 1954-1956),85th-107th,8 terms elected (special election 1956; re-elected 1960;1966;1972;1978;1984;1990;1996),N/A - congress.gov blocked from automated fetch; not found in quick search,N/A - not digitized/available,Wikipedia: Strom Thurmond page
Fritz Hollings,South Carolina,South Carolina House of Representatives,1949-1954 (Speaker Pro Tempore 1951;1953),3 terms,1966-2005,89th-108th,7 elections total (special election 1966; full terms 1968;1974;1980;1986;1992;1998),N/A - congress.gov blocked from automated fetch; not found in quick search,N/A - not digitized/available,Wikipedia: Fritz Hollings page
Lindsey Graham,South Carolina,South Carolina House of Representatives,1993-1995,1 term,2003-present,108th-119th,4 terms so far (elected 2002;2008;2014;2020),N/A - congress.gov blocked from automated fetch; not found in quick search,N/A - not digitized/available,Wikipedia: Lindsey Graham page
Tim Scott,South Carolina,South Carolina House of Representatives,2009-2011,1 term,2013-present,113th-119th,3 elections (appointed Jan 2013; won 2014 special election; re-elected 2016;2022),N/A - congress.gov blocked from automated fetch; not found in quick search,"358 (state bill sponsorships, primary/sponsor only, via LegiScan)",Wikipedia: Tim Scott page
James Abdnor,South Dakota,South Dakota Senate,1957-1969,~6 terms (2-yr terms era),1981-1987,97th-99th,1 term (elected 1980; lost re-election 1986),N/A - congress.gov blocked from automated fetch; not found in quick search,N/A - not digitized/available,Wikipedia: James Abdnor page
Tim Johnson,South Dakota,South Dakota House of Representatives; South Dakota Senate,1979-1982 (House); 1983-1986 (Senate),2 terms House; 2 terms Senate,1997-2015,105th-113th,3 terms (elected 1996;2002;2008),N/A - congress.gov blocked from automated fetch; not found in quick search,N/A - not digitized/available,Wikipedia: Tim Johnson (South Dakota politician) page
Mike Rounds,South Dakota,South Dakota Senate,1991-2001 (Majority Leader from 1995),5 terms (term-limited out in 2001),2015-present,114th-119th,2 terms so far (elected 2014;2020),N/A - congress.gov blocked from automated fetch; not found in quick search,N/A - not digitized/available,Wikipedia: Mike Rounds page
Marsha Blackburn,Tennessee,Tennessee Senate,1999-2003,2 terms (elected 1998;2000; 2-yr terms),2019-present,116th-119th,2 terms so far (elected 2018;2024),N/A - congress.gov blocked from automated fetch; not found in quick search,N/A - not digitized/available,Wikipedia: Marsha Blackburn page
Kay Bailey Hutchison,Texas,Texas House of Representatives,1972-1976,2 terms,1993-2013,103rd-112th,3 elections (special election 1993; full term 1994; re-elected 2000;2006),N/A - congress.gov blocked from automated fetch; not found in quick search,N/A - not digitized/available,Wikipedia: Kay Bailey Hutchison page
Jim Jeffords,Vermont,Vermont Senate,1967-1969,1 term,1989-2007,101st-109th,3 terms (elected 1988;1994;2000; switched from R to Independent in 2001),N/A - congress.gov blocked from automated fetch; not found in quick search,N/A - not digitized/available,Wikipedia: Jim Jeffords page
Peter Welch,Vermont,Vermont Senate,1981-1989 (Pres pro tempore 1985-1989); 2001-2007 (Pres pro tempore 2003-2007),~7 terms combined across two stints (2-yr VT Senate terms),2023-present,118th-119th,1 term so far (elected 2022),N/A - congress.gov blocked from automated fetch; not found in quick search,N/A - not digitized/available,Wikipedia: Peter Welch page
Harry F. Byrd Jr.,Virginia,Virginia Senate,1948-1965,~4 terms (4-yr VA Senate terms),1965-1983,89th-97th,appointed 1965; elected 3 times (special election 1966; re-elected 1970 and 1976 as independent),N/A - congress.gov blocked from automated fetch; not found in quick search,N/A - not digitized/available,Wikipedia: Harry F. Byrd Jr. page
George Allen,Virginia,Virginia House of Delegates,1983-1991,4 terms (2-yr terms),2001-2007,107th-109th,1 term (elected 2000; lost re-election 2006),N/A - congress.gov blocked from automated fetch; not found in quick search,N/A - not digitized/available,Wikipedia: George Allen (American politician) page
Warren Magnuson,Washington,Washington House of Representatives,1933-1935,1 term,1944-1981,79th-96th,appointed 1944; elected/re-elected 6 times (1944 special;1950;1956;1962;1968;1974),N/A - congress.gov blocked from automated fetch; not found in quick search,N/A - not digitized/available,Wikipedia: Warren Magnuson page
Slade Gorton,Washington,Washington House of Representatives,1959-1969,~5 terms (2-yr terms),1981-1987 and 1989-2001 (two non-consecutive stints),97th-99th;101st-106th,3 elections total (1980;1988;1994; lost 1986 and 2000),N/A - congress.gov blocked from automated fetch; not found in quick search,N/A - not digitized/available,Wikipedia: Slade Gorton page
Daniel J. Evans,Washington,Washington House of Representatives,1957-1965,~4 terms (2-yr terms),1983-1989,98th-100th,appointed 1983; won special election Nov 1983; did not seek another term,N/A - congress.gov blocked from automated fetch; not found in quick search,N/A - not digitized/available,Wikipedia: Daniel J. Evans page
Patty Murray,Washington,Washington State Senate,1989-1993,1 term,1993-present,103rd-119th,6 terms (elected 1992;1998;2004;2010;2016;2022),N/A - congress.gov blocked from automated fetch; not found in quick search,N/A - not digitized/available,Wikipedia: Patty Murray page
Maria Cantwell,Washington,Washington House of Representatives,1987-1993,3 terms,2001-present,107th-119th,5 terms (elected 2000;2006;2012;2018;2024),N/A - congress.gov blocked from automated fetch; not found in quick search,N/A - not digitized/available,Wikipedia: Maria Cantwell page
Robert Byrd,West Virginia,West Virginia House of Delegates; West Virginia Senate,1947-1950 (House); 1950-1952 (Senate),2 terms House; 1 term Senate,1959-2010,86th-111th,9 terms elected (won 9 consecutive full terms; never lost an election),N/A - congress.gov blocked from automated fetch; not found in quick search,N/A - not digitized/available,Wikipedia: Robert Byrd page
Jay Rockefeller,West Virginia,West Virginia House of Delegates,1966-1968,1 term,1985-2015,99th-113th,5 terms (elected 1984;1990;1996;2002;2008),N/A - congress.gov blocked from automated fetch; not found in quick search,N/A - not digitized/available,Wikipedia: Jay Rockefeller page
Joe Manchin,West Virginia,West Virginia House of Delegates; West Virginia Senate,1982-1986 (House); 1986-1996 (Senate),2 terms House; 5 terms Senate (2-yr WV Senate terms),2010-2025,111th-118th,3 elections (special election 2010; full terms 2012;2018),N/A - congress.gov blocked from automated fetch; not found in quick search,N/A - not digitized/available,Wikipedia: Joe Manchin page
Shelley Moore Capito,West Virginia,West Virginia House of Delegates,1996-2000,2 terms,2015-present,114th-119th,2 terms so far (elected 2014;2020),N/A - congress.gov blocked from automated fetch; not found in quick search,N/A - not digitized/available,Wikipedia: Shelley Moore Capito page
Gaylord Nelson,Wisconsin,Wisconsin State Senate,1949-1959,1 term (10 yrs; long WI Senate term),1963-1981,88th-96th,3 terms (elected 1962;1968;1974; lost re-election 1980),N/A - congress.gov blocked from automated fetch; not found in quick search,N/A - not digitized/available,Wikipedia: Gaylord Nelson page
Bob Kasten,Wisconsin,Wisconsin State Senate,1973-1975,1 term,1981-1993,97th-102nd,2 terms (elected 1980;1986; lost re-election 1992),N/A - congress.gov blocked from automated fetch; not found in quick search,N/A - not digitized/available,Wikipedia: Bob Kasten page; GovTrack
Russ Feingold,Wisconsin,Wisconsin State Senate,1983-1993,2 terms (5-yr WI Senate cycle per source),1993-2011,103rd-111th,3 terms (elected 1992;1998;2004; lost re-election 2010),N/A - congress.gov blocked from automated fetch; not found in quick search,N/A - not digitized/available,Wikipedia: Russ Feingold page
Tammy Baldwin,Wisconsin,Wisconsin State Assembly,1993-1999,3 terms,2013-present,113th-119th,3 terms (elected 2012;2018;2024),N/A - congress.gov blocked from automated fetch; not found in quick search,N/A - not digitized/available,Wikipedia: Tammy Baldwin page
Alan Simpson,Wyoming,Wyoming House of Representatives,1965-1977 (Speaker Pro Tempore),~6 terms (2-yr terms),1979-1997,96th-104th,3 terms (initially appointed/elected Nov 1978 seated Jan 1979; re-elected 1984;1990),N/A - congress.gov blocked from automated fetch; not found in quick search,N/A - not digitized/available,Wikipedia: Alan Simpson (American politician) page
Malcolm Wallop,Wyoming,Wyoming State Senate,1973-1976,1 term,1977-1995,95th-103rd,3 terms (elected 1976;1982;1988),N/A - congress.gov blocked from automated fetch; not found in quick search,N/A - not digitized/available,Wikipedia: Malcolm Wallop page
Craig Thomas,Wyoming,Wyoming House of Representatives,1985-1989 (resigned May 1989),~2 terms,1995-2007,104th-110th,3 terms (elected 1994;2000;2006; died in office 2007),N/A - congress.gov blocked from automated fetch; not found in quick search,N/A - not digitized/available,Wikipedia: Craig L. Thomas page
Mike Enzi,Wyoming,Wyoming House of Representatives; Wyoming Senate,1987-1991 (House); 1991-1997 (Senate; appointed then elected),2 terms House; ~3 terms Senate,1997-2021,105th-116th,4 terms (elected 1996;2002;2008;2014),N/A - congress.gov blocked from automated fetch; not found in quick search,N/A - not digitized/available,Wikipedia: Mike Enzi page
John Barrasso,Wyoming,Wyoming State Senate,2003-2007,2 terms,2007-present,110th-119th,appointed 2007; elected 4 times (2008 special;2012;2018;2024),N/A - congress.gov blocked from automated fetch; not found in quick search,N/A - not digitized/available,Wikipedia: John Barrasso page
Cynthia Lummis,Wyoming,Wyoming House of Representatives,1979-1983 and 1985-1993 (two stints; also served as WY State Treasurer 1999-2007 and US Rep 2009-2017 in between),~6 terms combined (2-yr terms across two stints),2021-present,117th-119th,1 term so far (elected 2020; not seeking re-election 2026),N/A - congress.gov blocked from automated fetch; not found in quick search,N/A - not digitized/available,Wikipedia: Cynthia Lummis page
