bioguide_id,race
A000069,Asian or Pacific Islander
A000359,Hispanic
A000365,Asian or Pacific Islander
A000370,Black
A000371,Hispanic
A000376,Black
A000380,Black
A000382,Black
B000025,Hispanic
B000287,Hispanic
B000362,Hispanic
B000490,Black
B000517,Black
B000551,Hispanic; Asian or Pacific Islander
B000617,Hispanic
B000664,Hispanic
B000871,Black
B000911,Black
B000968,Black
B001102,Black
B001172,Hispanic
B001223,Black
B001224,Black
B001234,Hispanic
B001238,Black
B001251,Black
B001266,Black
B001270,Black
B001281,Black
B001287,Asian or Pacific Islander
B001288,Black
B001300,Hispanic
B001303,Black
B001304,Black
B001313,Black
B001320,Black
B001324,Black
B001326,Black
B001328,Black
C000022,Black
C000191,Black
C000337,Hispanic
C000338,Hispanic
C000340,Black
C000371,Black
C000380,Black
C000488,Black
C000494,Black
C000537,Black
C000581,Hispanic
C000633,Black
C000634,Black
C000637,Black
C000646,Hispanic
C000714,Black
C000775,Hispanic
C000788,Hispanic
C000919,Black
C000984,Black
C001049,Black
C001050,Hispanic
C001059,Hispanic
C001061,Black
C001063,Hispanic
C001067,Black
C001072,Black
C001079,Asian or Pacific Islander
C001080,Asian or Pacific Islander
C001082,Hispanic
C001085,Black; Asian or Pacific Islander
C001091,Hispanic
C001097,Hispanic
C001098,Hispanic
C001099,Black
C001107,Hispanic
C001110,Hispanic
C001112,Hispanic
C001113,Hispanic
C001123,Hispanic
C001124,Asian or Pacific Islander
C001125,Black
C001127,Black
C001130,Black
C001131,Hispanic
C001133,Hispanic
C001134,Hispanic
C001135,Hispanic
C001136,Black
D000032,Black
D000090,Hispanic
D000096,Black
D000158,Black
D000196,Hispanic
D000203,Hispanic
D000208,Black
D000209,Hispanic
D000218,Asian or Pacific Islander
D000222,Black
D000230,Black
D000263,Black
D000276,Asian or Pacific Islander
D000299,Hispanic
D000344,Black
D000373,Black
D000592,Black
D000594,Hispanic
D000600,Hispanic
D000602,Black
D000611,Asian or Pacific Islander
D000622,Asian or Pacific Islander
D000627,Black
D000630,Black; Hispanic
D000632,Hispanic
D000633,Hispanic
E000015,Asian or Pacific Islander
E000108,Asian or Pacific Islander
E000128,Black
E000218,Black
E000254,Black
E000288,Black
E000290,Black
E000296,Black
E000297,Black; Hispanic
E000299,Hispanic
E000300,Hispanic
F000010,Asian or Pacific Islander
F000043,Black
F000046,Black
F000085,Hispanic
F000086,Hispanic
F000087,Hispanic
F000110,Black
F000184,Black
F000245,Asian or Pacific Islander
F000261,Black
F000262,Black
F000348,Black
F000351,Black
F000435,Hispanic
F000452,Hispanic
F000455,Black
F000461,Hispanic
F000473,Hispanic
F000476,Black; Hispanic
F000477,Black
F000480,Asian or Pacific Islander
F000481,Black
G000001,Asian or Pacific Islander
G000022,Hispanic
G000047,Hispanic
G000061,Hispanic
G000272,Hispanic
G000402,Black
G000518,Asian or Pacific Islander
G000535,Hispanic
G000544,Hispanic
G000551,Hispanic
G000553,Black
G000571,Asian or Pacific Islander
G000572,Hispanic
G000573,Hispanic
G000574,Hispanic
G000581,Hispanic
G000582,Hispanic
G000585,Hispanic
G000586,Hispanic
G000587,Hispanic
G000588,Hispanic
G000593,Hispanic
G000594,Hispanic
G000598,Hispanic
G000600,Hispanic
G000606,Hispanic
H000058,Black
H000179,Black
H000324,Black
H000367,Black
H000384,Asian or Pacific Islander
H000388,Black
H000532,Hispanic
H000533,Hispanic
H000621,Black
H000636,Hispanic
H000828,Asian or Pacific Islander
H001025,Black
H001034,Asian or Pacific Islander
H001042,Asian or Pacific Islander
H001050,Asian or Pacific Islander
H001056,Hispanic
H001066,Black
H001073,Black
H001075,Black; Asian or Pacific Islander
H001081,Black
H001092,Black
H001095,Black
H001103,Hispanic
I000002,Hispanic
I000025,Asian or Pacific Islander
I000058,Black
J000032,Black
J000061,Asian or Pacific Islander
J000070,Black
J000126,Black
J000266,Black
J000272,Hispanic
J000283,Black
J000284,Black
J000287,Asian or Pacific Islander
J000288,Black
J000294,Black
J000298,Asian or Pacific Islander
J000303,Black
J000306,Black
J000307,Black
J000309,Black
K000004,Asian or Pacific Islander
K000180,Black
K000181,Asian or Pacific Islander
K000214,Asian or Pacific Islander
K000385,Black
K000389,Asian or Pacific Islander
K000390,Hispanic
K000391,Asian or Pacific Islander
K000394,Asian or Pacific Islander
K000396,Asian or Pacific Islander
K000397,Asian or Pacific Islander
K000400,Black
K000404,Asian or Pacific Islander
L000074,Black
L000101,Hispanic
L000102,Hispanic
L000153,Hispanic
L000218,Asian or Pacific Islander
L000237,Black
L000273,Hispanic
L000287,Black
L000419,Black
L000506,Hispanic
L000513,Hispanic
L000533,Black
L000551,Black
L000570,Hispanic
L000573,Hispanic
L000580,Hispanic
L000581,Black
L000582,Asian or Pacific Islander
L000584,Black
L000586,Black
L000593,Hispanic
L000596,Hispanic
L000602,Black
L000604,Hispanic
L000605,Black
L000607,Hispanic
M000118,Hispanic
M000206,Hispanic
M000249,Asian or Pacific Islander
M000250,Asian or Pacific Islander
M000317,Hispanic
M000523,Black
M000628,Black
M000639,Hispanic
M000675,Black
M000687,Black
M000714,Black
M000757,Black
M000794,Asian or Pacific Islander
M000797,Asian or Pacific Islander
M000805,Black
M000826,Black
M000876,Hispanic
M000877,Hispanic
M001025,Black
M001106,Black
M001137,Black
M001145,Black
M001148,Black
M001160,Black
M001162,Hispanic
M001163,Asian or Pacific Islander
M001188,Asian or Pacific Islander
M001195,Hispanic
M001199,Hispanic
M001200,Black
M001202,Asian or Pacific Islander
M001207,Hispanic
M001208,Black
M001219,Hispanic; Asian or Pacific Islander
M001226,Hispanic
M001227,Black
M001229,Black
M001241,Asian or Pacific Islander
M001242,Hispanic
M001245,Black
M001246,Black; Hispanic
N000008,Black
N000113,Black
N000147,Black
N000179,Hispanic
N000181,Hispanic
N000187,Hispanic
N000191,Black
O000020,Asian or Pacific Islander
O000054,Black
O000086,Black
O000107,Hispanic
O000118,Asian or Pacific Islander
O000124,Hispanic
O000125,Hispanic
O000159,Black
O000167,Black
O000172,Hispanic
O000173,Black
P000003,Hispanic
P000013,Hispanic
P000050,Asian or Pacific Islander
P000099,Hispanic
P000145,Hispanic
P000149,Black
P000224,Hispanic
P000225,Hispanic
P000249,Hispanic
P000361,Hispanic
P000405,Hispanic
P000419,Hispanic
P000477,Black
P000596,Hispanic
P000604,Black
P000610,Black
P000617,Black
P000621,Hispanic
Q000009,Asian or Pacific Islander
R000016,Black
R000053,Black
R000060,Black
R000064,Black
R000166,Black
R000170,Hispanic
R000178,Black
R000229,Hispanic
R000279,Hispanic
R000416,Hispanic
R000417,Hispanic
R000419,Asian or Pacific Islander
R000435,Hispanic
R000485,Hispanic
R000486,Hispanic
R000515,Black
R000568,Hispanic
R000581,Black
R000588,Black
R000590,Hispanic
R000595,Hispanic
R000599,Hispanic
R000600,Asian or Pacific Islander
R000617,Hispanic
R000620,Hispanic
R000621,Hispanic
S000014,Asian or Pacific Islander
S000030,Hispanic
S000075,Asian or Pacific Islander
S000081,Black
S000168,Hispanic
S000185,Black; Asian or Pacific Islander
S000248,Hispanic
S000502,Black
S000902,Black
S000948,Black
S001077,Asian or Pacific Islander
S001135,Asian or Pacific Islander
S001153,Hispanic
S001156,Hispanic
S001157,Black
S001158,Hispanic
S001159,Black; Asian or Pacific Islander
S001163,Hispanic
S001165,Hispanic
S001177,Hispanic; Asian or Pacific Islander
S001184,Black
S001185,Black
S001200,Hispanic
S001204,Hispanic; Asian or Pacific Islander
S001222,Hispanic
S001223,Black
S001226,Hispanic
S001230,Asian or Pacific Islander
S001231,Black
T000113,Hispanic
T000193,Black
T000316,Hispanic
T000326,Black
T000405,Black
T000414,Black
T000461,Hispanic
T000472,Asian or Pacific Islander
T000473,Asian or Pacific Islander
T000474,Hispanic
T000482,Hispanic
T000484,Hispanic
T000486,Black; Hispanic
T000487,Asian or Pacific Islander
T000488,Asian or Pacific Islander
T000489,Black
T000491,Asian or Pacific Islander
U000014,Hispanic; Asian or Pacific Islander
U000040,Black
V000081,Hispanic
V000129,Hispanic
V000130,Hispanic
V000131,Black
V000132,Hispanic
V000136,Hispanic
W000038,Black
W000093,Black
W000177,Black
W000180,Black
W000187,Black
W000207,Black
W000210,Black
W000326,Black
W000372,Black
W000459,Asian or Pacific Islander
W000686,Asian or Pacific Islander
W000784,Black
W000788,Black
W000790,Black
W000793,Asian or Pacific Islander
W000794,Black
W000807,Black
W000808,Black
W000822,Black
Y000004,Asian or Pacific Islander
Y000028,Black
