bioguide_id,name,status,state,sles_ids,sles_name,first_term,last_term,note
A000009,James Abdnor,before coverage,,,,,,state service ended before CEL coverage of SD
A000014,Neil Abercrombie,before coverage,,,,,,state service ended before CEL coverage of HI
A000022,Gary Ackerman,before coverage,,,,,,state service ended before CEL coverage of NY
A000076,Donald Albosta,before coverage,,,,,,state service ended before CEL coverage of MI
A000109,Wayne Allard,before coverage,,,,,,state service ended before CEL coverage of CO
A000121,George Allen,before coverage,,,,,,state service ended before CEL coverage of VA
A000189,Glenn M. Anderson,before coverage,,,,,,state service ended before CEL coverage of CA
A000207,Ike Andrews,before coverage,,,,,,state service ended before CEL coverage of NC
A000211,Tom Andrews,matched,ME,7057,"Andrews, Thomas H.",1987_1988,1989_1990,
A000214,Douglas Applegate,before coverage,,,,,,state service ended before CEL coverage of OH
A000215,Bill Archer,before coverage,,,,,,state service ended before CEL coverage of TX
A000219,William L. Armstrong,before coverage,,,,,,state service ended before CEL coverage of CO
A000226,Chester Atkins,before coverage,,,,,,state service ended before CEL coverage of MA
A000337,Les AuCoin,before coverage,,,,,,state service ended before CEL coverage of OR
A000358,W. Akin,matched,MO,9311,"Akin, Todd",1995_1996,1999_2000,
A000361,Rodney Alexander,matched,LA,5869,"Alexander, Rodney",1996_1999,2000_2003,
A000364,John Adler,matched,NJ,14306,"Adler, John H.",1996_1997,2008_2009,
A000365,Steve Austria,matched,OH,15633,"Austria, Stephan",1999_2000,2007_2008,
A000366,Sandy Adams,matched,FL,2827,"Adams, Sandra",2003_2004,2009_2010,
A000367,Justin Amash,matched,MI,8076,"Amash, Justin",2009_2010,2009_2010,
A000369,Mark Amodei,matched,NV,14921,"Amodei, Mark E.",1997_1998,2009_2010,
A000370,Alma Adams,matched,NC,10983,"Adams, Alma",1993_1994,2013_2014,
A000373,Brad Ashford,matched,NE,11955,"Ashford, Brad",2007_2008,2013_2014,
A000377,Kelly Armstrong,matched,ND,11594,"Armstrong, Kelly",2013_2014,2017_2018,
B000013,Spencer Bachus,before coverage,,,,,,state service ended before CEL coverage of AL
B000024,Robert Badham,before coverage,,,,,,state service ended before CEL coverage of CA
B000029,Skip Bafalis,before coverage,,,,,,state service ended before CEL coverage of FL
B000047,Wendell Bailey,before coverage,,,,,,state service ended before CEL coverage of MO
B000072,Richard Baker,before coverage,,,,,,state service ended before CEL coverage of LA
B000078,Bill Baker,before coverage,,,,,,state service ended before CEL coverage of CA
B000081,John Baldacci,matched,ME,7075,"Baldacci, John",1987_1988,1993_1994,
B000083,Alvin Baldus,matched,WI,21471,"Baldus, Alvin",1995_1996,1995_1996,
B000104,Cass Ballenger,before coverage,,,,,,state service ended before CEL coverage of NC
B000134,James Barcia,matched,MI,8088,"Barcia, James",2003_2004,2009_2010,
B000177,Thomas Barrett,before coverage,,,,,,state service ended before CEL coverage of WI
B000179,Bill Barrett,before coverage,,,,,,state service ended before CEL coverage of NE
B000220,Charles Bass,matched,NH,12179,"Bass, Charles F.",1989_1990,1991_1992,
B000229,Herbert H. Bateman,before coverage,,,,,,state service ended before CEL coverage of VA
B000243,Max Baucus,before coverage,,,,,,state service ended before CEL coverage of MT
B000244,Robert Bauman,before coverage,,,,,,state service ended before CEL coverage of MD
B000254,Birch Bayh,before coverage,,,,,,state service ended before CEL coverage of IN
B000279,Edward Beard,before coverage,,,,,,state service ended before CEL coverage of RI
B000287,Xavier Becerra,before coverage,,,,,,state service ended before CEL coverage of CA
B000318,Anthony Beilenson,before coverage,,,,,,state service ended before CEL coverage of CA
B000363,Adam Benjamin Jr.,before coverage,,,,,,state service ended before CEL coverage of IN
B000371,Charles Edward Bennett,before coverage,,,,,,state service ended before CEL coverage of FL
B000403,Doug Bereuter,before coverage,,,,,,state service ended before CEL coverage of NE
B000410,Howard Berman,before coverage,,,,,,state service ended before CEL coverage of CA
B000431,Tom Bevill,before coverage,,,,,,state service ended before CEL coverage of AL
B000462,James Bilbray,before coverage,,,,,,state service ended before CEL coverage of NV
B000490,Sanford Bishop,before coverage,,,,,,state service ended before CEL coverage of GA
B000517,Lucien Blackwell,before coverage,,,,,,state service ended before CEL coverage of PA
B000518,Rod Blagojevich,before coverage,,,,,,state service ended as CEL coverage of IL began
B000574,Earl Blumenauer,before coverage,,,,,,state service ended before CEL coverage of OR
B000576,Peter Blute,before coverage,,,,,,state service ended before CEL coverage of MA
B000589,John Boehner,before coverage,,,,,,state service ended before CEL coverage of OH
B000600,Edward Boland,before coverage,,,,,,state service ended before CEL coverage of MA
B000615,William Boner,before coverage,,,,,,state service ended before CEL coverage of TN
B000619,David Bonior,before coverage,,,,,,state service ended before CEL coverage of MI
B000639,David Boren,before coverage,,,,,,state service ended before CEL coverage of OK
B000644,Robert Borski,before coverage,,,,,,state service ended before CEL coverage of PA
B000648,Douglas Bosco,before coverage,,,,,,state service ended before CEL coverage of CA
B000652,Leonard Boswell,before coverage,,,,,,state service ended before CEL coverage of IA
B000657,Rick Boucher,before coverage,,,,,,state service ended before CEL coverage of VA
B000668,Cliff Bentz,matched,OR,16588,"Bentz, Cliff",2009_2010,2019_2020,
B000716,Allen Boyd,before coverage,,,,,,state service ended before CEL coverage of FL
B000740,Stephanie Bice,matched,OK,16109,"Bice, Stephanie",2015_2016,2019_2020,
B000755,Kevin Brady,matched,TX,19032,"Brady, Kevin",1991_1992,1995_1996,
B000798,Joseph E. Brennan,before coverage,,,,,,state service ended before CEL coverage of ME
B000817,Bill Brewster,before coverage,,,,,,state service ended before CEL coverage of OK
B000839,Jack Brinkley,before coverage,,,,,,state service ended before CEL coverage of GA
B000862,William Brodhead,before coverage,,,,,,state service ended before CEL coverage of MI
B000880,Jack Brooks,before coverage,,,,,,state service ended before CEL coverage of TX
B000890,William Broomfield,before coverage,,,,,,state service ended before CEL coverage of MI
B000897,Glen Browder,before coverage,,,,,,state service ended before CEL coverage of AL
B000911,Corrine Brown,before coverage,,,,,,state service ended before CEL coverage of FL
B000918,George E. Brown Jr.,before coverage,,,,,,state service ended before CEL coverage of CA
B000919,Hank Brown,before coverage,,,,,,state service ended before CEL coverage of CO
B000944,Sherrod Brown,before coverage,,,,,,state service ended before CEL coverage of OH
B000971,Terry L. Bruce,before coverage,,,,,,state service ended before CEL coverage of IL
B000993,Richard Bryan,before coverage,,,,,,state service ended before CEL coverage of NV
B000997,John Bryant,matched,TX,27617,"Bryant, John",2023_2024,2023_2024,
B001036,Jack Buechner,before coverage,,,,,,state service ended before CEL coverage of MO
B001063,Jim Bunn,before coverage,,,,,,state service ended before CEL coverage of OR
B001066,Jim Bunning,before coverage,,,,,,state service ended before CEL coverage of KY
B001080,Clair Burgener,before coverage,,,,,,state service ended before CEL coverage of CA
B001149,Dan Burton,before coverage,,,,,,state service ended before CEL coverage of IN
B001153,John Burton,matched,CA,1489,"Burton, John L.",1993_1994,2003_2004,
B001156,Phillip Burton,before coverage,,,,,,state service ended before CEL coverage of CA
B001182,M. Caldwell Butler,before coverage,,,,,,state service ended before CEL coverage of VA
B001209,Harry F. Byrd Jr.,before coverage,,,,,,state service ended before CEL coverage of VA
B001210,Robert Byrd,before coverage,,,,,,state service ended before CEL coverage of WV
B001213,Leslie Byrne,matched,VA,19966,"Byrne, Leslie",2000_2001,2002_2003,
B001226,Peter Barca,matched,WI,21475,"Barca, Peter W.",2009_2010,2017_2018,
B001230,Tammy Baldwin,matched,WI,21472,"Baldwin, Tammy",1995_1996,1997_1998,
B001231,Shelley Berkley,before coverage,,,,,,state service ended before CEL coverage of NV
B001232,Judy Biggert,matched,IL,4774,"Biggert, Judy",1997_1998,1997_1998,
B001234,Joe Baca,matched,CA,1443,"Baca, Joe",1993_1994,1999_2000,
B001235,Henry Brown,matched,SC,17757,"Brown, Henry E.",1989_1990,1999_2000,
B001238,Frank Ballance,matched,NC,11008,"Ballance, Frank W.",1993_1994,2001_2002,
B001239,Gresham Barrett,matched,SC,17725,"Barrett, James Gresham",1997_1998,2001_2002,
B001243,Marsha Blackburn,matched,TN,18644,"Blackburn, Marsha",1999_2000,2001_2002,
B001246,Jeb Bradley,matched,NH,12272,"Bradley, Jeb",1991_1992,2023_2024,
B001247,Ginny Brown-Waite,matched,FL,2884,"Brown-Waite, Virginia Ginny",2001_2002,2001_2002,
B001249,Max Burns,matched,GA,23133,"Burns, Max",2021_2022,2023_2024,
B001250,Rob Bishop,before coverage,,,,,,state service ended before CEL coverage of UT
B001254,Dan Boren,matched,OK,16120,"Boren, Daniel David",2003_2004,2003_2004,
B001256,Michele Bachmann,matched,MN,8698,"Bachmann, Michele",2001_2002,2005_2006,
B001257,Gus Bilirakis,matched,FL,2867,"Bilirakis, Gus Michael",2001_2002,2005_2006,
B001261,John Barrasso,matched,WY,22321,"Barrasso, John",2003_2004,2007_2008,
B001263,John Boccieri,matched,OH,15655,"Boccieri, John",2001_2002,2017_2018,
B001268,Scott Brown,matched,MA,6293,"Brown, Scott P.",2009_2010,2009_2010,
B001270,Karen Bass,matched,CA,1447,"Bass, Karen",2005_2006,2009_2010,
B001272,Rick Berg,matched,ND,11608,"Berg, Richard 'Rick'",1997_1998,2009_2010,
B001273,Diane Black,matched,TN,18643,"Black, Diane",1999_2000,2009_2010,
B001274,Mo Brooks,before coverage,,,,,,state service ended before CEL coverage of AL
B001277,Richard Blumenthal,before coverage,,,,,,state service ended before CEL coverage of CT
B001278,Suzanne Bonamici,matched,OR,16593,"Bonamici, Suzanne",2007_2008,2011_2012,
B001281,Joyce Beatty,matched,OH,15644,"Beatty, Joyce",2001_2002,2007_2008,
B001285,Julia Brownley,matched,CA,1485,"Brownley, Julia",2007_2008,2011_2012,
B001289,Bradley Byrne,matched,AL,251,"Byrne, Bradley",2003_2006,2007_2010,
B001293,Mike Bishop,matched,MI,8104,"Bishop, Mike",1999_2000,2009_2010,
B001295,Mike Bost,matched,IL,4782,"Bost, Mike",1997_1998,2013_2014,
B001296,Brendan Boyle,matched,PA,16815,"Boyle, Brendan F.",2009_2010,2013_2014,
B001299,Jim Banks,matched,IN,5238,"Banks, James E.",2011_2012,2015_2016,
B001302,Andy Biggs,matched,AZ,1081,"Biggs, Andy",2003_2004,2015_2016,
B001304,Anthony Brown,matched,MD,6640,"Brown, Anthony",1999_2002,2003_2006,
B001306,Troy Balderson,matched,OH,15636,"Balderson, William Troy",2009_2010,2017_2018,
B001307,Jim Baird,matched,IN,5236,"Baird, James R.",2011_2012,2017_2018,
B001309,Tim Burchett,matched,TN,18662,"Burchett, Tim",1995_1996,2009_2010,
B001310,Mike Braun,matched,IN,5263,"Braun, Mike",2015_2016,2017_2018,
B001311,Dan Bishop,matched,NC,11030,"Bishop, Dan",2015_2016,2019_2020,
B001314,Aaron Bean,matched,FL,2854,"Bean, Aaron",2001_2002,2021_2022,
B001316,Eric Burlison,matched,MO,9390,"Burlison, Eric",2009_2010,2021_2022,
B001317,Josh Brecheen,matched,OK,16126,"Brecheen, Josh",2011_2012,2017_2018,
B001318,Becca Balint,matched,VT,20308,"Balint, Rebecca",2015_2016,2021_2022,
B001321,Tom Barrett,matched,MI,8090,"Barrett, Tom",2015_2016,2021_2022,
B001322,Michael Baumgartner,matched,WA,20970,"Baumgartner, Michael",2011_2012,2017_2018,
B001326,Janelle Bynum,matched,OR,16605,"Bynum, Janelle",2017_2018,2023_2024,
C000052,Sonny Callahan,before coverage,,,,,,state service ended before CEL coverage of AL
C000071,Dave Camp,before coverage,,,,,,state service ended before CEL coverage of MI
C000077,Ben Nighthorse Campbell,before coverage,,,,,,state service ended before CEL coverage of CO
C000079,Carroll Campbell Jr.,before coverage,,,,,,state service ended before CEL coverage of SC
C000100,Tom Campbell,matched,CA,26215,"Campbell, Tom",1993_1994,1995_1996,
C000107,Charles Canady,before coverage,,,,,,state service ended before CEL coverage of FL
C000127,Maria Cantwell,matched,WA,21007,"Cantwell, Maria",1991_1992,1991_1992,
C000141,Ben Cardin,before coverage,,,,,,state service ended before CEL coverage of MD
C000191,Julia Carson,before coverage,,,,,,state service ended before CEL coverage of IN
C000243,Michael N. Castle,before coverage,,,,,,state service ended before CEL coverage of DE
C000261,John Cavanaugh,before coverage,,,,,,state service ended before CEL coverage of NE
C000293,Rod Chandler,before coverage,,,,,,state service ended before CEL coverage of WA
C000321,Bill Chappell,before coverage,,,,,,state service ended before CEL coverage of FL
C000322,Eugene Chappie,before coverage,,,,,,state service ended before CEL coverage of CA
C000356,Lawton Chiles,before coverage,,,,,,state service ended before CEL coverage of FL
C000371,Shirley Chisholm,before coverage,,,,,,state service ended before CEL coverage of NY
C000462,James McClure Clarke,before coverage,,,,,,state service ended before CEL coverage of NC
C000512,James Cleveland,before coverage,,,,,,state service ended before CEL coverage of NH
C000556,Howard Coble,before coverage,,,,,,state service ended before CEL coverage of NC
C000618,E. Thomas Coleman,before coverage,,,,,,state service ended before CEL coverage of MO
C000621,Ronald D. Coleman,before coverage,,,,,,state service ended before CEL coverage of TX
C000633,Barbara-Rose Collins,before coverage,,,,,,state service ended before CEL coverage of MI
C000640,Mac Collins,before coverage,,,,,,state service ended before CEL coverage of GA
C000666,Barber Conable,before coverage,,,,,,state service ended before CEL coverage of NY
C000670,Gary Condit,before coverage,,,,,,state service ended before CEL coverage of CA
C000709,Silvio Conte,before coverage,,,,,,state service ended before CEL coverage of MA
C000737,Wes Cooley,before coverage,,,,,,state service ended before CEL coverage of OR
C000813,Paul Coverdell,before coverage,,,,,,state service ended before CEL coverage of GA
C000846,William Coyne,before coverage,,,,,,state service ended before CEL coverage of PA
C000858,Larry Craig,before coverage,,,,,,state service ended before CEL coverage of ID
C000880,Mike Crapo,before coverage,,,,,,state service ended before CEL coverage of ID
C000962,Barbara Cubin,before coverage,,,,,,state service ended before CEL coverage of WY
C000984,Elijah Cummings,matched,MD,6680,"Cummings, Elijah",1995_1998,1995_1998,
C001034,Max Cleland,before coverage,,,,,,state service ended before CEL coverage of GA
C001038,Joseph Crowley,before coverage,,,,,,state service ended before CEL coverage of NY
C001045,Ander Crenshaw,before coverage,,,,,,state service ended before CEL coverage of FL
C001046,Eric Cantor,matched,VA,19971,"Cantor, Eric",1994_1995,2000_2001,
C001047,Shelley Moore Capito,matched,WV,21903,"Capito, Shelley Moore",1997_1998,2017_2018,
C001048,John Culberson,matched,TX,19096,"Culberson, John",1989_1990,1999_2000,
C001049,Lacy Clay,matched,MO,9418,"Clay, William Jr.",1995_1996,1999_2000,
C001050,Dennis Cardoza,matched,CA,1506,"Cardoza, Dennis A.",1997_1998,2001_2002,
C001053,Tom Cole,before coverage,,,,,,state service ended before CEL coverage of OK
C001055,Ed Case,matched,HI,3910,"Case, Ed",1999_2000,2001_2002,
C001059,Jim Costa,matched,CA,1534,"Costa, Jim",1993_1994,2001_2002,
C001060,Russ Carnahan,matched,MO,9402,"Carnahan, Russ",2001_2002,2003_2004,
C001063,Henry Cuellar,matched,TX,19094,"Cuellar, Henry",1989_1990,1999_2000,
C001064,John Campbell,matched,CA,1499,"Campbell, John",2001_2002,2005_2006,
C001068,Steve Cohen,matched,TN,18691,"Cohen, Steve",1995_1996,2005_2006,
C001069,Joe Courtney,before coverage,,,,,,state service ended before CEL coverage of CT
C001073,Donald Cazayoux,matched,LA,5931,"Cazayoux, Donald Jr.",2000_2003,2008_2011,
C001075,Bill Cassidy,matched,LA,5930,"Cassidy, Bill",2004_2007,2008_2011,
C001077,Mike Coffman,before coverage,,,,,,state service ended before CEL coverage of CO
C001080,Judy Chu,matched,CA,1520,"Chu, Judy",2001_2002,2005_2006,
C001084,David Cicilline,before coverage,,,,,,state service ended before CEL coverage of RI
C001085,Hansen Clarke,matched,MI,8161,"Clarke, Hansen",1999_2000,2009_2010,
C001091,Joaquin Castro,matched,TX,19063,"Castro, Joaquin",2003_2004,2011_2012,
C001093,Doug Collins,matched,GA,3409,"Collins, Doug",2007_2008,2011_2012,
C001094,Paul Cook,matched,CA,1528,"Cook, Paul",2007_2008,2011_2012,
C001097,Tony Cardenas,matched,CA,1505,"Cardenas, Tony",1997_1998,2001_2002,
C001101,Katherine Clark,matched,MA,6312,"Clark, Katherine M.",2009_2010,2013_2014,
C001103,Buddy Carter,matched,GA,3385,"Carter, Earl",2005_2006,2013_2014,
C001105,Barbara Comstock,matched,VA,19986,"Comstock, Barbara",2010_2011,2014_2015,
C001108,James Comer,matched,KY,5625,"Comer, James R.",2001_2002,2011_2012,
C001110,Lou Correa,matched,CA,1532,"Correa, Lou",1999_2000,2013_2014,
C001111,Charlie Crist,before coverage,,,,,,state service ended before CEL coverage of FL
C001118,Ben Cline,matched,VA,19981,"Cline, Benjamin L.",2002_2003,2018_2019,
C001125,Troy Carter,matched,LA,5928,"Carter, Troy",2016_2019,2020_2023,
C001128,Connie Conway,matched,CA,1527,"Conway, Connie",2009_2010,2013_2014,
C001130,Jasmine Crockett,matched,TX,25613,"Crockett, Jasmine",2021_2022,2021_2022,
C001134,Yadira Caraveo,matched,CO,22843,"Caraveo, Yadira",2019_2020,2021_2022,
C001136,Herb Conaway,matched,NJ,14367,"Conaway, Herbert",1998_1999,2024_2025,
D000032,Byron Donalds,matched,FL,2951,"Donalds, Byron",2017_2018,2019_2020,
D000038,"W.C. ""Dan"" Daniel",before coverage,,,,,,state service ended before CEL coverage of VA
D000043,George Danielson,before coverage,,,,,,state service ended before CEL coverage of CA
D000044,William Dannemeyer,before coverage,,,,,,state service ended before CEL coverage of CA
D000046,Pat Danner,before coverage,,,,,,state service ended before CEL coverage of MO
D000051,Buddy Darden,before coverage,,,,,,state service ended before CEL coverage of GA
D000106,Jack Davis,before coverage,,,,,,state service ended before CEL coverage of IL
D000114,James Davis,before coverage,,,,,,state service ended before CEL coverage of FL
D000131,Bob Davis,before coverage,,,,,,state service ended before CEL coverage of MI
D000168,Nathan Deal,before coverage,,,,,,state service ended before CEL coverage of GA
D000183,Joel Deckard,before coverage,,,,,,state service ended before CEL coverage of IN
D000197,Diana DeGette,before coverage,,,,,,state service ended before CEL coverage of CO
D000203,Kika de la Garza,before coverage,,,,,,state service ended before CEL coverage of TX
D000210,Bill Delahunt,before coverage,,,,,,state service ended before CEL coverage of MA
D000217,Tom DeLay,before coverage,,,,,,state service ended before CEL coverage of TX
D000230,Don Davis,matched,NC,11132,"Davis, Don",2009_2010,2021_2022,
D000231,Lawrence J. DeNardis,before coverage,,,,,,state service ended before CEL coverage of CT
D000267,Butler Derrick,before coverage,,,,,,state service ended before CEL coverage of SC
D000269,Edward Derwinski,before coverage,,,,,,state service ended before CEL coverage of IL
D000275,Peter Deutsch,before coverage,,,,,,state service ended before CEL coverage of FL
D000294,Mike DeWine,before coverage,,,,,,state service ended before CEL coverage of OH
D000299,Lincoln Diaz-Balart,before coverage,,,,,,state service ended before CEL coverage of FL
D000366,Alan J. Dixon,before coverage,,,,,,state service ended before CEL coverage of IL
D000373,Julian Dixon,before coverage,,,,,,state service ended before CEL coverage of CA
D000399,Lloyd Doggett,before coverage,,,,,,state service ended before CEL coverage of TX
D000401,Bob Dole,before coverage,,,,,,state service ended before CEL coverage of KS
D000416,Brian Donnelly,before coverage,,,,,,state service ended before CEL coverage of MA
D000429,John Doolittle,before coverage,,,,,,state service ended before CEL coverage of CA
D000446,Charles Dougherty,before coverage,,,,,,state service ended before CEL coverage of PA
D000537,Robert Duncan,before coverage,,,,,,state service ended before CEL coverage of OR
D000586,Bernard J. Dwyer,before coverage,,,,,,state service ended before CEL coverage of NJ
D000592,Mervyn Dymally,matched,CA,1563,"Dymally, Mervyn M.",2003_2004,2007_2008,
D000593,Roy Dyson,matched,MD,6701,"Dyson, Roy",1995_1998,2011_2014,
D000597,Jo Ann Davis,matched,VA,20007,"Davis, Jo Ann",1998_1999,2000_2001,
D000598,Susan Davis,matched,CA,1545,"Davis, Susan A.",1995_1996,1999_2000,
D000599,Lincoln Davis,matched,TN,18709,"Davis, Lincoln",1997_1998,2001_2002,
D000600,Mario Diaz-Balart,matched,FL,2945,"Diaz-Balart, Mario",2001_2002,2001_2002,
D000604,Charlie Dent,matched,PA,16911,"Dent, Charles Wieder",1991_1992,2003_2004,
D000605,Thelma Drake,matched,VA,20016,"Drake, Thelma S.",1996_1997,2004_2005,
D000606,David Davis,matched,TN,18708,"Davis, David",1999_2000,2005_2006,
D000609,Steve Driehaus,matched,OH,15733,"Driehaus, Steve",2001_2002,2007_2008,
D000610,Ted Deutch,matched,FL,2941,"Deutch, Ted",2007_2008,2009_2010,
D000611,Charles Djou,matched,HI,3927,"Djou, Charles Kong",2001_2002,2001_2002,
D000612,Jeff Denham,matched,CA,1549,"Denham, Jeff",2003_2004,2009_2010,
D000615,Jeff Duncan,matched,SC,17825,"Duncan, Jeff",2003_2004,2009_2010,
D000623,Mark DeSaulnier,matched,CA,1550,"DeSaulnier, Mark",2007_2008,2013_2014,
D000631,Madeleine Dean,matched,PA,16903,"Cunnane, Madeleine Dean",2011_2012,2017_2018,
D000635,Maxine Dexter,matched,OR,25266,"Dexter, Maxine",2019_2020,2023_2024,
E000013,Joseph D. Early,before coverage,,,,,,state service ended before CEL coverage of MA
E000031,Dennis Eckart,before coverage,,,,,,state service ended before CEL coverage of OH
E000033,Fred Eckert,before coverage,,,,,,state service ended before CEL coverage of NY
E000035,Bob Eckhardt,before coverage,,,,,,state service ended before CEL coverage of TX
E000063,Thomas Edwards,matched,TX,19126,"Edwards, Thomas Chester",1989_1990,1989_1990,
E000071,Jake Ellzey,matched,TX,25610,"Ellzey, Jake",2021_2022,2021_2022,
E000092,Vernon Ehlers,before coverage,,,,,,state service ended before CEL coverage of MI
E000093,Bob Ehrlich,before coverage,,,,,,state service ended as CEL coverage of MD began
E000175,David F. Emery,before coverage,,,,,,state service ended before CEL coverage of ME
E000179,Eliot Engel,before coverage,,,,,,state service ended before CEL coverage of NY
E000186,Karan English,before coverage,,,,,,state service ended before CEL coverage of AZ
E000198,Arlen Erdahl,before coverage,,,,,,state service ended before CEL coverage of MN
E000201,Ben Erdreich,before coverage,,,,,,state service ended before CEL coverage of AL
E000226,Bob Etheridge,before coverage,,,,,,state service ended before CEL coverage of NC
E000233,Billy Lee Evans,before coverage,,,,,,state service ended before CEL coverage of GA
E000236,Daniel J. Evans,before coverage,,,,,,state service ended before CEL coverage of WA
E000246,Chuck Edwards,matched,NC,11153,"Edwards, Chuck",2017_2018,2021_2022,
E000259,T. Cooper Evans,before coverage,,,,,,state service ended before CEL coverage of IA
E000282,Tom Ewing,before coverage,,,,,,state service ended before CEL coverage of IL
E000285,Mike Enzi,before coverage,,,,,,state service ended before CEL coverage of WY
E000288,Keith Ellison,matched,MN,8808,"Ellison, Keith M.",2003_2004,2005_2006,
E000293,Elizabeth Esty,matched,CT,2394,"Esty, Elizabeth",2009_2010,2009_2010,
E000294,Tom Emmer,matched,MN,8809,"Emmer, Tom",2005_2006,2009_2010,
E000295,Joni Ernst,matched,IA,4161,"Ernst, Joni K.",2011_2012,2013_2014,
E000296,Dwight Evans,matched,PA,16943,"Evans, Dwight",1989_1990,2015_2016,
E000297,Adriano Espaillat,matched,NY,15257,"Espaillat, Adriano",1999_2000,2015_2016,
E000300,Gabe Evans,matched,CO,26440,"Evans, Gabe",2023_2024,2023_2024,
E000301,Sarah Elfreth,matched,MD,23906,"Elfreth, Sarah",2019_2022,2019_2022,
F000030,Sam Farr,matched,CA,1570,"Farr, Sam",1993_1994,1993_1994,
F000040,John G. Fary,before coverage,,,,,,state service ended before CEL coverage of IL
F000041,Dante Fascell,before coverage,,,,,,state service ended before CEL coverage of FL
F000043,Chaka Fattah,matched,PA,16954,"Fattah, Chaka",1989_1990,1993_1994,
F000049,Harris Fawell,before coverage,,,,,,state service ended before CEL coverage of IL
F000053,Vic Fazio,before coverage,,,,,,state service ended before CEL coverage of CA
F000059,Edward Feighan,before coverage,,,,,,state service ended before CEL coverage of OH
F000061,Russ Feingold,before coverage,,,,,,state service ended before CEL coverage of WI
F000078,Millicent Fenwick,before coverage,,,,,,state service ended before CEL coverage of NJ
F000110,Cleo Fields,matched,LA,5993,"Fields, Cleo",1996_1999,2020_2023,
F000128,Eric Fingerhut,matched,OH,15746,"Fingerhut, Eric D.",1999_2000,2005_2006,
F000208,Ronnie Flippo,before coverage,,,,,,state service ended before CEL coverage of AL
F000215,James Florio,before coverage,,,,,,state service ended before CEL coverage of NJ
F000238,Mark Foley,before coverage,,,,,,state service ended before CEL coverage of FL
F000246,Pat Fallon,matched,TX,19140,"Fallon, Pat",2013_2014,2019_2020,
F000261,Harold Ford Sr.,before coverage,,,,,,state service ended before CEL coverage of TN
F000268,Wendell Ford,before coverage,,,,,,state service ended before CEL coverage of KY
F000270,William D. Ford,before coverage,,,,,,state service ended before CEL coverage of MI
F000286,Edwin B. Forsythe,before coverage,,,,,,state service ended before CEL coverage of NJ
F000319,L. H. Fountain,before coverage,,,,,,state service ended before CEL coverage of NC
F000332,Jon Fox,matched,PA,16971,"Fox, Jon D.",1989_1990,1991_1992,
F000339,Barney Frank,before coverage,,,,,,state service ended before CEL coverage of MA
F000349,Bob Franks,before coverage,,,,,,state service ended before CEL coverage of NJ
F000372,Rodney Frelinghuysen,before coverage,,,,,,state service ended before CEL coverage of NJ
F000380,Bill Frenzel,before coverage,,,,,,state service ended before CEL coverage of MN
F000387,Dan Frisa,before coverage,,,,,,state service ended before CEL coverage of NY
F000430,Don Fuqua,before coverage,,,,,,state service ended before CEL coverage of FL
F000438,Sheila Frahm,before coverage,,,,,,state service ended before CEL coverage of KS
F000441,Ernie Fletcher,before coverage,,,,,,state service ended before CEL coverage of KY
F000442,Peter Fitzgerald,matched,IL,4883,"Fitzgerald, Peter G.",1997_1998,1997_1998,
F000445,J. Randy Forbes,matched,VA,20031,"Forbes, Randy",1994_1995,2000_2001,
F000446,Randy Feenstra,matched,IA,4163,"Feenstra, Randy",2009_2010,2019_2020,
F000447,Tom Feeney,matched,FL,2966,"Feeney, Tom",2001_2002,2001_2002,
F000448,Trent Franks,before coverage,,,,,,state service ended before CEL coverage of AZ
F000450,Virginia Foxx,matched,NC,11176,"Foxx, Virginia",1995_1996,2003_2004,
F000453,Mary Fallin,matched,OK,16210,"Fallin, Mary",1993_1994,1993_1994,
F000462,Lois Frankel,matched,FL,2978,"Frankel, Lois J.",2001_2002,2001_2002,
F000463,Deb Fischer,matched,NE,11986,"Fischer, Deb",2007_2008,2011_2012,
F000464,John Faso,matched,NY,15264,"Faso, John J.",1999_2000,2001_2002,
F000467,Abby Finkenauer,matched,IA,4165,"Finkenauer, Abby",2015_2016,2017_2018,
F000469,Russ Fulcher,matched,ID,4523,"Fulcher, Russell M.",2005_2006,2013_2014,
F000470,Michelle Fischbach,matched,MN,8823,"Fischbach, Michelle",1995_1996,2017_2018,
F000471,Scott Fitzgerald,matched,WI,21535,"Fitzgerald, Scott",1995_1996,2019_2020,
F000474,Mike Flood,matched,NE,11987,"Flood, Mike",2007_2008,2021_2022,
F000475,Brad Finstad,matched,MN,8822,"Finstad, Brad",2003_2004,2007_2008,
F000478,Russell Fry,matched,SC,17849,"Fry, Russell",2015_2016,2021_2022,
F000480,Vince Fong,matched,CA,1581,"Fong, Vince",2017_2018,2023_2024,
F000483,Laura Friedman,matched,CA,1586,"Friedman, Laura",2017_2018,2023_2024,
F000484,Randy Fine,matched,FL,2970,"Fine, Randy",2017_2018,2023_2024,
G000025,Dean A. Gallo,before coverage,,,,,,state service ended before CEL coverage of NJ
G000047,Robert Garcia,before coverage,,,,,,state service ended before CEL coverage of NY
G000105,Joseph M. Gaydos,before coverage,,,,,,state service ended before CEL coverage of PA
G000120,Sam Gejdenson,before coverage,,,,,,state service ended before CEL coverage of CT
G000121,George Gekas,before coverage,,,,,,state service ended before CEL coverage of PA
G000152,Jim Gibbons,before coverage,,,,,,state service ended before CEL coverage of NV
G000153,Sam Gibbons,before coverage,,,,,,state service ended before CEL coverage of FL
G000210,Paul Gillmor,before coverage,,,,,,state service ended before CEL coverage of OH
G000212,Benjamin Gilman,before coverage,,,,,,state service ended before CEL coverage of NY
G000272,Henry B. Gonzalez,before coverage,,,,,,state service ended before CEL coverage of TX
G000280,Virgil Goode,matched,VA,20043,"Goode, Virgil",1994_1995,1996_1997,
G000333,Slade Gorton,before coverage,,,,,,state service ended before CEL coverage of WA
G000352,Bob Graham,before coverage,,,,,,state service ended before CEL coverage of FL
G000359,Lindsey Graham,matched,SC,17868,"Graham, Lindsey",1993_1994,1993_1994,
G000382,Bill Grant,before coverage,,,,,,state service ended before CEL coverage of FL
G000386,Chuck Grassley,before coverage,,,,,,state service ended before CEL coverage of IA
G000388,Mike Gravel,before coverage,,,,,,state service ended before CEL coverage of AK
G000410,Gene Green,matched,TX,19186,"Green, Raymond Eugene",1989_1990,1991_1992,
G000417,Sedgwick Green,before coverage,,,,,,state service ended before CEL coverage of NY
G000439,Jim Greenwood,matched,PA,17000,"Greenwood, Jim",1989_1990,1991_1992,
G000480,Wayne Grisham,before coverage,,,,,,state service ended before CEL coverage of CA
G000499,John E. Grotberg,before coverage,,,,,,state service ended before CEL coverage of IL
G000511,Frank J. Guarini,before coverage,,,,,,state service ended before CEL coverage of NJ
G000515,Vonno Gudger,before coverage,,,,,,state service ended before CEL coverage of NC
G000524,Steve Gunderson,before coverage,,,,,,state service ended before CEL coverage of WI
G000536,Gil Gutknecht,before coverage,,,,,,state service ended as CEL coverage of MN began
G000537,Tennyson Guyer,before coverage,,,,,,state service ended before CEL coverage of OH
G000545,Mark Green,matched,WI,21549,"Green, Mark A.",1995_1996,1997_1998,
G000546,Sam Graves,matched,MO,9550,"Graves, Samuel",1995_1996,1999_2000,
G000548,Scott Garrett,matched,NJ,14420,"Garrett, Ernest Scott",1996_1997,2002_2003,
G000549,Jim Gerlach,matched,PA,16988,"Gerlach, James W.",1991_1992,2001_2002,
G000550,Phil Gingrey,matched,GA,3485,"Gingrey, Phil",2001_2002,2001_2002,
G000554,Gabby Giffords,matched,AZ,1183,"Giffords, Gabrielle",2001_2002,2005_2006,
G000557,Parker Griffith,matched,AL,322,"Griffith, Rolf Parker Jr.",2007_2010,2007_2010,
G000558,Brett Guthrie,matched,KY,5667,"Guthrie, Brett",2001_2002,2007_2008,
G000559,John Garamendi,before coverage,,,,,,state service ended before CEL coverage of CA
G000560,Tom Graves,matched,GA,3496,"Graves, Tom",2003_2004,2009_2010,
G000562,Cory Gardner,matched,CO,2008,"Gardner, Cory",2005_2006,2009_2010,
G000563,Bob Gibbs,matched,OH,15763,"Gibbs, Robert 'Bob'",2003_2004,2009_2010,
G000568,Morgan Griffith,matched,VA,20046,"Griffith, Morgan",1994_1995,2010_2011,
G000570,Frank Guinta,matched,NH,12903,"Guinta, Frank C.",2001_2002,2003_2004,
G000571,Tulsi Gabbard,matched,HI,4057,"Gabbard Tamayo, Tulsi",2003_2004,2003_2004,
G000572,Pete Gallego,matched,TX,19156,"Gallego, Pete P.",1991_1992,2011_2012,
G000574,Ruben Gallego,matched,AZ,1177,"Gallego, Ruben",2011_2012,2013_2014,
G000576,Glenn Grothman,matched,WI,21553,"Grothman, Glenn",1995_1996,2013_2014,
G000578,Matt Gaetz,matched,FL,2984,"Gaetz, Matt",2009_2010,2015_2016,
G000580,Tom Garrett,matched,VA,20038,"Garrett, Tom",2012_2013,2024_2025,
G000585,Jimmy Gomez,matched,CA,1609,"Gomez, Jimmy",2013_2014,2017_2018,
G000586,"Jesus ""Chuy"" Garcia",matched,IL,4898,"Garcia, Jesus G.",1997_1998,1997_1998,
G000587,Sylvia Garcia,matched,TX,19163,"Garcia, Sylvia R.",2013_2014,2017_2018,
G000589,Lance Gooden,matched,TX,19181,"Gooden, Lance",2011_2012,2017_2018,
G000590,Mark Green,matched,TN,18759,"Green, Mark",2013_2014,2017_2018,
G000592,Jared Golden,matched,ME,7402,"Golden, Jared F.",2015_2016,2017_2018,
G000597,Andrew Garbarino,matched,NY,15282,"Garbarino, Andrew",2013_2014,2019_2020,
G000601,Craig Goldman,matched,TX,19176,"Goldman, Craig",2013_2014,2023_2024,
G000605,Adam Gray,matched,CA,1616,"Gray, Adam",2013_2014,2021_2022,
H000012,Tom Hagedorn,before coverage,,,,,,state service ended before CEL coverage of MN
H000058,Katie Hall,before coverage,,,,,,state service ended before CEL coverage of IN
H000067,Ralph Hall,before coverage,,,,,,state service ended before CEL coverage of TX
H000074,Tony Hall,before coverage,,,,,,state service ended before CEL coverage of OH
H000144,Kent Hance,before coverage,,,,,,state service ended before CEL coverage of TX
H000172,James V. Hansen,before coverage,,,,,,state service ended before CEL coverage of UT
H000302,Thomas F. Hartnett,before coverage,,,,,,state service ended before CEL coverage of SC
H000323,Dennis Hastert,before coverage,,,,,,state service ended before CEL coverage of IL
H000329,Doc Hastings,before coverage,,,,,,state service ended before CEL coverage of WA
H000340,Charles Hatcher,before coverage,,,,,,state service ended before CEL coverage of GA
H000343,Mark Hatfield,before coverage,,,,,,state service ended before CEL coverage of OR
H000367,Augustus Hawkins,before coverage,,,,,,state service ended before CEL coverage of CA
H000439,Chic Hecht,before coverage,,,,,,state service ended before CEL coverage of NV
H000444,Joel Hefley,before coverage,,,,,,state service ended before CEL coverage of CO
H000514,Paul B. Henry,before coverage,,,,,,state service ended before CEL coverage of MI
H000528,Wally Herger,before coverage,,,,,,state service ended before CEL coverage of CA
H000547,Dennis Hertel,before coverage,,,,,,state service ended before CEL coverage of MI
H000582,Jack Hightower,before coverage,,,,,,state service ended before CEL coverage of TX
H000621,Earl Hilliard Sr.,before coverage,,,,,,state service ended before CEL coverage of AL
H000624,Elwood Hillis,before coverage,,,,,,state service ended before CEL coverage of IN
H000627,Maurice Hinchey,before coverage,,,,,,state service ended before CEL coverage of NY
H000652,Peter Hoagland,before coverage,,,,,,state service ended before CEL coverage of NE
H000666,David Hobson,before coverage,,,,,,state service ended before CEL coverage of OH
H000670,George Hochbrueckner,before coverage,,,,,,state service ended before CEL coverage of NY
H000722,Harold C. Hollenbeck,before coverage,,,,,,state service ended before CEL coverage of NJ
H000725,Fritz Hollings,before coverage,,,,,,state service ended before CEL coverage of SC
H000762,Darlene Hooley,before coverage,,,,,,state service ended before CEL coverage of OR
H000776,Larry Hopkins,before coverage,,,,,,state service ended before CEL coverage of KY
H000874,Steny Hoyer,before coverage,,,,,,state service ended before CEL coverage of MD
H000878,Carroll Hubbard,before coverage,,,,,,state service ended before CEL coverage of KY
H000905,Walter Huddleston,before coverage,,,,,,state service ended before CEL coverage of KY
H000951,Gordon Humphrey,matched,NH,13058,"Humphrey, Gordon J.",1991_1992,1991_1992,
H001015,Tim Hutchinson,before coverage,,,,,,state service ended before CEL coverage of AR
H001016,Kay Bailey Hutchison,before coverage,,,,,,state service ended before CEL coverage of TX
H001018,Earl Hutto,before coverage,,,,,,state service ended before CEL coverage of FL
H001022,Henry Hyde,before coverage,,,,,,state service ended before CEL coverage of IL
H001029,Robin Hayes,matched,NC,11239,"Hayes, Robin",1993_1994,1995_1996,
H001030,Baron Hill,before coverage,,,,,,state service ended before CEL coverage of IN
H001031,Joseph Hoeffel,before coverage,,,,,,state service ended before CEL coverage of PA
H001033,Melissa Hart,matched,PA,17023,"Hart, Melissa A.",1991_1992,1999_2000,
H001034,Michael Honda,matched,CA,1645,"Honda, Mike",1997_1998,1999_2000,
H001035,Katherine Harris,before coverage,,,,,,state service ended before CEL coverage of FL
H001038,Brian Higgins,matched,NY,15323,"Higgins, Brian M.",1999_2000,2003_2004,
H001041,Dean Heller,before coverage,,,,,,state service ended before CEL coverage of NV
H001042,Mazie Hirono,before coverage,,,,,,state service ended before CEL coverage of HI
H001044,Debbie Halvorson,matched,IL,4915,"Halvorson, Debbie Defrances",1997_1998,2007_2008,
H001049,Kay Hagan,matched,NC,11215,"Hagan, Kay R.",1999_2000,2007_2008,
H001050,Colleen Hanabusa,matched,HI,3947,"Hanabusa, Colleen",1999_2000,2009_2010,
H001052,Andy Harris,matched,MD,6758,"Harris, Andrew P.",1999_2002,2007_2010,
H001053,Vicky Hartzler,matched,MO,9582,"Hartzler, Vicky",1995_1996,1999_2000,
H001055,Joe Heck,matched,NV,15012,"Heck, Joseph",2005_2006,2007_2008,
H001056,Jaime Herrera Beutler,matched,WA,21130,"Beutler, Jaime Herrera",2007_2008,2009_2010,
H001057,Tim Huelskamp,before coverage,,,,,,state service ended before CEL coverage of KS
H001058,Bill Huizenga,matched,MI,8330,"Huizenga, Bill",2003_2004,2007_2008,
H001059,Randy Hultgren,matched,IL,4941,"Hultgren, Randall M.",1999_2000,2009_2010,
H001060,Robert Hurt,matched,VA,20077,"Hurt, Robert",2002_2003,2010_2011,
H001064,Denny Heck,before coverage,,,,,,state service ended before CEL coverage of WA
H001066,Steven Horsford,matched,NV,15019,"Horsford, Steven",2005_2006,2011_2012,
H001068,Jared Huffman,matched,CA,1655,"Huffman, Jared",2007_2008,2011_2012,
H001070,Cresent Hardy,matched,NV,15006,"Hardy, Cresent",2011_2012,2013_2014,
H001076,Maggie Hassan,matched,NH,12955,"Hassan, Maggie Wood",2005_2006,2009_2010,
H001079,Cindy Hyde-Smith,matched,MS,10246,"Hyde-Smith, Cindy",2000_2003,2008_2011,
H001084,Yvette Herrell,matched,NM,14728,"Herrell, Yvette",2011_2012,2017_2018,
H001091,Ashley Hinson,matched,IA,4211,"Hinson, Ashley",2017_2018,2019_2020,
H001093,Erin Houchin,matched,IN,5375,"Houchin, Erin",2015_2016,2021_2022,
H001094,Val Hoyle,matched,OR,16659,"Hoyle, Valerie 'Val'",2009_2010,2015_2016,
H001099,Mike Haridopolos,matched,FL,3017,"Haridopolos, Mike",2001_2002,2011_2012,
H001104,Jon Husted,matched,OH,15814,"Husted, Jon",2001_2002,2009_2010,
I000001,Richard Ichord,before coverage,,,,,,state service ended before CEL coverage of MO
I000024,Jim Inhofe,before coverage,,,,,,state service ended before CEL coverage of OK
I000025,Daniel Inouye,before coverage,,,,,,state service ended before CEL coverage of HI
I000026,Jay Inslee,matched,WA,21152,"Inslee, Jay",1991_1992,1991_1992,
I000047,Ernest Istook,before coverage,,,,,,state service ended as CEL coverage of OK began
I000055,Johnny Isakson,before coverage,,,,,,state service ended before CEL coverage of GA
J000020,Chris Jacobs,matched,NY,15337,"Jacobs, Christopher",2017_2018,2019_2020,
J000033,Andrew Jacobs Jr.,before coverage,,,,,,state service ended before CEL coverage of IN
J000070,William J. Jefferson,before coverage,,,,,,state service ended before CEL coverage of LA
J000072,Jim Jeffords,before coverage,,,,,,state service ended before CEL coverage of VT
J000082,Bill Jenkins,before coverage,,,,,,state service ended before CEL coverage of TN
J000099,John Jenrette,before coverage,,,,,,state service ended before CEL coverage of SC
J000101,Roger Jepsen,before coverage,,,,,,state service ended before CEL coverage of IA
J000110,Christopher John,before coverage,,,,,,state service ended as CEL coverage of LA began
J000120,Don Johnson Jr.,before coverage,,,,,,state service ended before CEL coverage of GA
J000126,Eddie Bernice Johnson,matched,TX,19260,"Johnson, Eddie B.",1989_1990,1991_1992,
J000135,Harold Johnson,before coverage,,,,,,state service ended before CEL coverage of CA
J000163,Nancy Johnson,before coverage,,,,,,state service ended before CEL coverage of CT
J000174,Sam Johnson,matched,TX,19264,"Johnson, Samuel",1989_1990,1991_1992,
J000177,Tim Johnson,before coverage,,,,,,state service ended before CEL coverage of SD
J000187,Harry Johnston,before coverage,,,,,,state service ended before CEL coverage of FL
J000189,J. Bennett Johnston,before coverage,,,,,,state service ended before CEL coverage of LA
J000255,Walter B. Jones Jr.,before coverage,,,,,,state service ended as CEL coverage of NC began
J000256,Walter Jones,before coverage,,,,,,state service ended before CEL coverage of NC
J000265,Jim Jontz,before coverage,,,,,,state service ended before CEL coverage of IN
J000285,Tim Johnson,matched,IL,4957,"Johnson, Timothy V.",1997_1998,1999_2000,
J000289,Jim Jordan,matched,OH,15827,"Jordan, James 'Jim'",1997_1998,2005_2006,
J000290,Lynn Jenkins,before coverage,,,,,,state service ended before CEL coverage of KS
J000294,Hakeem Jeffries,matched,NY,15341,"Jeffries, Hakeem",2007_2008,2011_2012,
J000297,Evan Jenkins,matched,WV,22036,"Jenkins, Evan",1995_1996,2013_2014,
J000298,Pramila Jayapal,matched,WA,21158,"Jayapal, Pramila",2015_2016,2015_2016,
J000299,Mike Johnson,matched,LA,6075,"Johnson, Mike",2012_2015,2016_2019,
J000308,Jeff Jackson,matched,NC,11280,"Jackson, Jeff",2015_2016,2021_2022,
J000310,Julie Johnson,matched,TX,25619,"Johnson, Julie",2019_2020,2023_2024,
K000016,John Kasich,before coverage,,,,,,state service ended before CEL coverage of OH
K000019,Bob Kasten,before coverage,,,,,,state service ended before CEL coverage of WI
K000025,Abraham Kazen Jr.,before coverage,,,,,,state service ended before CEL coverage of TX
K000113,Patrick J. Kennedy,before coverage,,,,,,state service ended before CEL coverage of RI
K000172,Dale Kildee,before coverage,,,,,,state service ended before CEL coverage of MI
K000180,Carolyn Kilpatrick,matched,MI,8368,"Kilpatrick, Carolyn Cheeks",1995_1996,1995_1996,
K000190,Thomas Kindness,before coverage,,,,,,state service ended before CEL coverage of OH
K000220,Jack Kingston,before coverage,,,,,,state service ended before CEL coverage of GA
K000259,Jerry Kleczka,before coverage,,,,,,state service ended before CEL coverage of WI
K000262,Herbert C. Klein,before coverage,,,,,,state service ended before CEL coverage of NJ
K000304,Raymond Kogovsek,before coverage,,,,,,state service ended before CEL coverage of CO
K000306,Jim Kolbe,before coverage,,,,,,state service ended before CEL coverage of AZ
K000307,Joseph P. Kolter,before coverage,,,,,,state service ended before CEL coverage of PA
K000309,Ernie Konnyu,before coverage,,,,,,state service ended before CEL coverage of CA
K000312,Michael Kopetski,before coverage,,,,,,state service ended before CEL coverage of OR
K000322,Ken Kramer,before coverage,,,,,,state service ended before CEL coverage of CO
K000328,Mike Kreidler,matched,WA,21192,"Kreidler, Myron 'Mike'",1991_1992,1991_1992,
K000336,Dennis Kucinich,before coverage,,,,,,state service ended as CEL coverage of OH began
K000357,Steven Kuykendall,matched,CA,1689,"Kuykendall, Steven T.",1995_1996,1997_1998,
K000362,Steve King,before coverage,,,,,,state service ended as CEL coverage of IA began
K000364,Randy Kuhl,matched,NY,15365,"Kuhl, John R., Jr.",1999_2000,2003_2004,
K000366,Ron Klein,matched,FL,3067,"Klein, Ron",2001_2002,2005_2006,
K000368,Ann Kirkpatrick,matched,AZ,1245,"Kirkpatrick, Ann",2005_2006,2007_2008,
K000370,Suzanne Kosmas,matched,FL,3068,"Kosmas, Suzanne M.",2001_2002,2003_2004,
K000375,William Keating,before coverage,,,,,,state service ended before CEL coverage of MA
K000381,Derek Kilmer,matched,WA,21179,"Kilmer, Derek",2005_2006,2011_2012,
K000385,Robin Kelly,matched,IL,4968,"Kelly, Robin",2003_2004,2007_2008,
K000387,Steve Knight,matched,CA,1681,"Knight, Steve",2009_2010,2015_2016,
K000390,Ruben Kihuen,matched,NV,15029,"Kihuen, Ruben",2007_2008,2015_2016,
K000395,Fred Keller,matched,PA,17068,"Keller, Frederick",2011_2012,2019_2020,
K000396,Kai Kahele,matched,HI,23180,"Kahele, Kaiali'I 'Kai'",2019_2020,2019_2020,
K000397,Young Kim,matched,CA,1679,"Kim, Young",2015_2016,2015_2016,
K000398,Thomas Kean Jr.,matched,NJ,14459,"Kean, Thomas",2000_2001,2020_2021,
K000399,Jen Kiggans,matched,VA,25719,"Kiggans, Jennifer",2020_2021,2022_2023,
K000400,Sydney Kamlager-Dove,matched,CA,22782,"Kamlager-Dove, Sydney",2019_2020,2021_2022,
K000401,Kevin Kiley,matched,CA,1677,"Kiley, Kevin",2017_2018,2021_2022,
K000402,Tim Kennedy,matched,NY,15357,"Kennedy, Timothy",2011_2012,2023_2024,
K000403,Mike Kennedy,matched,UT,19757,"Kennedy, Michael",2013_2014,2023_2024,
L000020,Robert J. Lagomarsino,before coverage,,,,,,state service ended before CEL coverage of CA
L000045,H. Martin Lancaster,before coverage,,,,,,state service ended before CEL coverage of NC
L000116,Delbert Latta,before coverage,,,,,,state service ended before CEL coverage of OH
L000167,Buddy Leach,before coverage,,,,,,state service ended before CEL coverage of LA
L000187,Raymond Lederer,before coverage,,,,,,state service ended before CEL coverage of PA
L000192,Gary A. Lee,before coverage,,,,,,state service ended before CEL coverage of NY
L000225,Richard H. Lehman,before coverage,,,,,,state service ended before CEL coverage of CA
L000237,Mickey Leland,before coverage,,,,,,state service ended before CEL coverage of TX
L000243,Norman F. Lent,before coverage,,,,,,state service ended before CEL coverage of NY
L000263,Sander Levin,before coverage,,,,,,state service ended before CEL coverage of MI
L000264,Mel Levine,before coverage,,,,,,state service ended before CEL coverage of CA
L000265,Elliott H. Levitas,before coverage,,,,,,state service ended before CEL coverage of GA
L000266,Jake LaTurner,before coverage,,,,,,state service ended before CEL coverage of KS
L000274,Jerry Lewis,before coverage,,,,,,state service ended before CEL coverage of CA
L000295,Tom Lewis,before coverage,,,,,,state service ended before CEL coverage of FL
L000304,Joe Lieberman,before coverage,,,,,,state service ended before CEL coverage of CT
L000321,John Linder,before coverage,,,,,,state service ended before CEL coverage of GA
L000491,Frank D. Lucas,matched,OK,16335,"Lucas, Frank D.",1993_1994,1993_1994,
L000509,"Donald E. ""Buz"" Lukens",before coverage,,,,,,state service ended before CEL coverage of OH
L000521,William Luther,matched,MN,9019,"Luther, Darlene",1995_1996,2001_2002,
L000550,Mary Landrieu,before coverage,,,,,,state service ended before CEL coverage of LA
L000551,Barbara Lee,matched,CA,1696,"Lee, Barbara",1993_1994,1997_1998,
L000552,Ray LaHood,before coverage,,,,,,state service ended before CEL coverage of IL
L000554,Frank LoBiondo,before coverage,,,,,,state service ended before CEL coverage of NJ
L000556,John LaFalce,before coverage,,,,,,state service ended before CEL coverage of NY
L000557,John B. Larson,before coverage,,,,,,state service ended before CEL coverage of CT
L000559,Jim Langevin,before coverage,,,,,,state service ended before CEL coverage of RI
L000562,Stephen Lynch,before coverage,,,,,,state service ended before CEL coverage of MA
L000564,Doug Lamborn,matched,CO,2079,"Lamborn, Douglas L.",1999_2000,2005_2006,
L000566,Robert Latta,matched,OH,15853,"Latta, Robert E.",1997_1998,2007_2008,
L000567,Leonard Lance,matched,NJ,14468,"Lance, Leonard",1996_1997,2008_2009,
L000569,Blaine Luetkemeyer,matched,MO,9712,"Luetkemeyer, Blaine",1999_2000,2003_2004,
L000571,Cynthia Lummis,before coverage,,,,,,Reviewed 2026-10-07: Wyoming House service 1979-1983 and 1985-1993 ended before CEL coverage of Wyoming begins (2001); her StateLegYears text also mentions later non-legislative years.
L000573,Raul Labrador,matched,ID,4588,"Labrador, Raul R.",2007_2008,2009_2010,
L000578,Doug LaMalfa,matched,CA,1692,"LaMalfa, Doug",2003_2004,2011_2012,
L000579,Alan Lowenthal,matched,CA,1715,"Lowenthal, Alan",1999_2000,2011_2012,
L000582,Ted Lieu,matched,CA,1706,"Lieu, Ted W.",2005_2006,2013_2014,
L000583,Barry Loudermilk,matched,GA,3625,"Loudermilk, Barry",2005_2006,2013_2014,
L000585,Darin LaHood,matched,IL,4982,"LaHood, Darin",2011_2012,2015_2016,
L000586,Al Lawson,matched,FL,3079,"Lawson, Alfred Jr.",2001_2002,2009_2010,
L000589,Debbie Lesko,matched,AZ,1257,"Lesko, Debbie",2009_2010,2017_2018,
L000599,Mike Lawler,matched,NY,25059,"Lawler, Michael",2021_2022,2021_2022,
L000602,Summer Lee,matched,PA,25367,"Lee, Summer",2019_2020,2021_2022,
L000606,George Latimer,matched,NY,15374,"Latimer, George S.",2005_2006,2017_2018,
M000023,Buddy MacKay,before coverage,,,,,,state service ended before CEL coverage of FL
M000041,Edward Madigan,before coverage,,,,,,state service ended before CEL coverage of IL
M000053,Warren Magnuson,before coverage,,,,,,state service ended before CEL coverage of WA
M000090,James H. Maloney,before coverage,,,,,,state service ended before CEL coverage of CT
M000133,Ed Markey,before coverage,,,,,,state service ended before CEL coverage of MA
M000174,David Martin,before coverage,,,,,,state service ended before CEL coverage of NY
M000194,Nancy Mace,matched,SC,17990,"Mace, Nancy",2017_2018,2019_2020,
M000195,Lynn M. Martin,before coverage,,,,,,state service ended before CEL coverage of IL
M000206,Matthew G. Martinez,before coverage,,,,,,state service ended before CEL coverage of CA
M000241,Charles Mathias,before coverage,,,,,,state service ended before CEL coverage of MD
M000250,Spark Matsunaga,before coverage,,,,,,state service ended before CEL coverage of HI
M000260,Jim Mattox,before coverage,,,,,,state service ended before CEL coverage of TX
M000291,Romano Mazzoli,before coverage,,,,,,state service ended before CEL coverage of KY
M000316,Karen McCarthy,before coverage,,,,,,state service ended as CEL coverage of MO began
M000317,Nicole Malliotakis,matched,NY,15395,"Malliotakis, Nicole",2011_2012,2019_2020,
M000340,Robert McClory,before coverage,,,,,,state service ended before CEL coverage of IL
M000346,James A. McClure,before coverage,,,,,,state service ended before CEL coverage of ID
M000365,Mike McCormack,before coverage,,,,,,state service ended before CEL coverage of WA
M000404,Jim McDermott,before coverage,,,,,,state service ended before CEL coverage of WA
M000432,Bob McEwen,before coverage,,,,,,state service ended before CEL coverage of OH
M000458,Raymond J. McGrath,before coverage,,,,,,state service ended before CEL coverage of NY
M000466,Paul McHale,matched,PA,17158,"McHale, Paul",1989_1990,1991_1992,
M000472,John M. McHugh,before coverage,,,,,,state service ended before CEL coverage of NY
M000477,Scott McInnis,before coverage,,,,,,state service ended before CEL coverage of CO
M000490,K. Gunn McKay,before coverage,,,,,,state service ended before CEL coverage of UT
M000512,John R. McKernan Jr.,before coverage,,,,,,state service ended before CEL coverage of ME
M000523,Cynthia McKinney,before coverage,,,,,,state service ended before CEL coverage of GA
M000527,Stewart McKinney,before coverage,,,,,,state service ended before CEL coverage of CT
M000589,James F. McNulty Jr.,before coverage,,,,,,state service ended before CEL coverage of AZ
M000590,Michael McNulty,before coverage,,,,,,state service ended before CEL coverage of NY
M000628,Carrie Meek,before coverage,,,,,,state service ended before CEL coverage of FL
M000635,John Melcher,before coverage,,,,,,state service ended before CEL coverage of MT
M000639,Bob Menendez,before coverage,,,,,,state service ended before CEL coverage of NJ
M000669,Jack Metcalf,before coverage,,,,,,state service ended before CEL coverage of WA
M000678,Howard Metzenbaum,before coverage,,,,,,state service ended before CEL coverage of OH
M000684,Jan Meyers,before coverage,,,,,,state service ended before CEL coverage of KS
M000689,John Mica,before coverage,,,,,,state service ended before CEL coverage of FL
M000714,Juanita Millender-McDonald,matched,CA,1745,"Millender-McDonald, Juantia",1993_1994,1995_1996,
M000808,Donald J. Mitchell,before coverage,,,,,,state service ended before CEL coverage of NY
M000834,Joseph Moakley,before coverage,,,,,,state service ended before CEL coverage of MA
M000842,Guy Molinari,before coverage,,,,,,state service ended before CEL coverage of NY
M000865,Sonny Montgomery,before coverage,,,,,,state service ended before CEL coverage of MS
M000881,Jim Moody,before coverage,,,,,,state service ended before CEL coverage of WI
M000926,Carlos J. Moorhead,before coverage,,,,,,state service ended before CEL coverage of CA
M000934,Jerry Moran,before coverage,,,,,,state service ended before CEL coverage of KS
M000941,Connie Morella,before coverage,,,,,,state service ended before CEL coverage of MD
M000956,Robert B. Morgan,before coverage,,,,,,state service ended before CEL coverage of NC
M000999,Sid Morrison,no state years,,,,,,StateLegYears has no year
M001025,Carol Moseley Braun,before coverage,,,,,,state service ended before CEL coverage of IL
M001044,Ronald Mottl,matched,OH,15904,"Mottl, Ronald M.",1997_1998,1997_1998,
M001088,Austin J. Murphy,before coverage,,,,,,state service ended before CEL coverage of PA
M001111,Patty Murray,matched,WA,21261,"Murray, Patty",1991_1992,1991_1992,
M001120,John Murtha,before coverage,,,,,,state service ended before CEL coverage of PA
M001121,Edmund Muskie,before coverage,,,,,,state service ended before CEL coverage of ME
M001123,Raphael Musto,matched,PA,17203,"Musto, Raphael",1989_1990,2009_2010,
M001132,Michael Myers,before coverage,,,,,,state service ended before CEL coverage of PA
M001137,Gregory Meeks,before coverage,,,,,,state service ended before CEL coverage of NY
M001139,Gary Miller,matched,CA,1746,"Miller, Gary",1995_1996,1997_1998,
M001141,Zell Miller,before coverage,,,,,,state service ended before CEL coverage of GA
M001143,Betty McCollum,matched,MN,9036,"McCollum, Betty",1995_1996,1999_2000,
M001144,Jeff Miller,matched,FL,3117,"Miller, Jeff",2001_2002,2001_2002,
M001147,Thaddeus McCotter,matched,MI,8439,"McCotter, Thaddeus",1999_2000,2001_2002,
M001148,Kendrick Meek,matched,FL,3112,"Meek, Kendrick",2001_2002,2001_2002,
M001149,Mike Michaud,matched,ME,7680,"Michaud, Michael H.",1987_1988,2001_2002,
M001151,Tim Murphy,matched,PA,17200,"Murphy, Tim",1997_1998,2001_2002,
M001152,Marilyn Musgrave,matched,CO,2132,"Musgrave, Marilyn N.",1999_2000,2001_2002,
M001153,Lisa Murkowski,matched,AK,131,"Murkowski, Lisa A.",1999_2000,2001_2002,
M001154,Brad Miller,matched,NC,11370,"Miller, Brad",1993_1994,2001_2002,
M001155,Connie Mack,matched,FL,3093,"Mack, Connie",2001_2002,2003_2004,
M001156,Patrick McHenry,matched,NC,11353,"McHenry, Patrick",2003_2004,2003_2004,
M001158,Kenny Marchant,matched,TX,19329,"Marchant, Ken",1989_1990,2003_2004,
M001159,Cathy McMorris Rodgers,matched,WA,21239,"Rodgers, Cathy McMorris",1993_1994,2003_2004,
M001160,Gwen Moore,matched,WI,21664,"Moore, Gwendolynne 'Gwen'",1995_1996,2003_2004,
M001161,Charlie Melancon,before coverage,,,,,,state service ended before CEL coverage of LA
M001165,Kevin McCarthy,matched,CA,1733,"McCarthy, Kevin",2003_2004,2005_2006,
M001167,Harry Mitchell,matched,AZ,1293,"Mitchell, Harry E.",1999_2000,2005_2006,
M001169,Chris Murphy,matched,CT,2555,"Murphy, Christopher",1999_2000,2005_2006,
M001170,Claire McCaskill,before coverage,,,,,,state service ended before CEL coverage of MO
M001176,Jeff Merkley,matched,OR,16692,"Merkley, Jeff",2007_2008,2007_2008,
M001177,Tom McClintock,matched,CA,1735,"McClintock, Tom",1997_1998,2007_2008,
M001180,David McKinley,matched,WV,22105,"McKinley, David",1993_1994,1993_1994,
M001182,Mick Mulvaney,matched,SC,18050,"Mulvaney, Mick",2007_2008,2009_2010,
M001183,Joe Manchin,matched,WV,22084,"Manchin, Joe III",1993_1994,1995_1996,
M001188,Grace Meng,matched,NY,15419,"Meng, Grace",2009_2010,2011_2012,
M001189,Luke Messer,matched,IN,5434,"Messer, Allen Luke",2003_2004,2005_2006,
M001194,John Moolenaar,matched,MI,8462,"Moolenaar, John",2003_2004,2013_2014,
M001195,Alex Mooney,matched,MD,6891,"Mooney, Alexander X.",1999_2002,2007_2010,
M001200,Donald McEachin,matched,VA,20132,"Mceachin, Donald",1996_1997,2016_2017,
M001205,Carol Miller,matched,WV,22109,"Miller, Carol D.",2007_2008,2017_2018,
M001206,Joseph Morelle,matched,NY,15435,"Morelle, Joseph D.",1999_2000,2017_2018,
M001209,Ben McAdams,matched,UT,19785,"McAdams, Benjamin 'Ben'",2009_2010,2011_2012,
M001210,Gregory Murphy,matched,NC,11394,"Murphy, Gregory",2015_2016,2019_2020,
M001212,Barry Moore,matched,AL,416,"Moore, Barry",2011_2014,2015_2018,
M001215,Mariannette Miller-Meeks,matched,IA,23236,"Miller-Meeks, Mariannette",2019_2020,2019_2020,
M001217,Jared Moskowitz,matched,FL,3123,"Moskowitz, Jared E.",2013_2014,2017_2018,
M001220,Morgan McGarvey,matched,KY,5723,"McGarvey, Morgan",2013_2014,2021_2022,
M001221,Marcus Molinaro,matched,NY,15430,"Molinaro, Marc J.",2007_2008,2011_2012,
M001225,Kevin Mullin,matched,CA,1761,"Mullin, Kevin",2013_2014,2021_2022,
M001227,Jennifer McClellan,matched,VA,20128,"Mcclellan, Jennifer",2006_2007,2022_2023,
M001230,Ryan Mackenzie,matched,PA,17126,"Mackenzie, Ryan",2011_2012,2023_2024,
M001231,John Mannion,matched,NY,25035,"Mannion, John",2021_2022,2023_2024,
M001233,Mark Messmer,matched,IN,5435,"Messmer, Mark",2009_2010,2023_2024,
M001234,Kelly Morrison,matched,MN,24148,"Morrison, Kelly",2019_2020,2023_2024,
M001235,Riley Moore,matched,WV,22122,"Moore, Riley",2017_2018,2017_2018,
M001236,Tim Moore,matched,NC,11387,"Moore, Tim",2003_2004,2023_2024,
M001237,Kristen McDonald Rivet,matched,MI,26708,"Rivet, Kristen McDonald",2023_2024,2023_2024,
M001238,Sarah McBride,matched,DE,22982,"McBride, Sarah",2021_2022,2023_2024,
M001239,John McGuire,matched,VA,25722,"McGuire, John",2018_2019,2024_2025,
M001241,Dave Min,matched,CA,22754,"Min, Dave",2021_2022,2023_2024,
N000002,Jerrold Nadler,before coverage,,,,,,state service ended before CEL coverage of NY
N000032,Bill Nelson,before coverage,,,,,,state service ended before CEL coverage of FL
N000033,Gaylord Nelson,before coverage,,,,,,state service ended before CEL coverage of WI
N000081,Bob Ney,before coverage,,,,,,state service ended before CEL coverage of OH
N000095,Bill Nichols,before coverage,,,,,,state service ended before CEL coverage of AL
N000102,Don Nickles,before coverage,,,,,,state service ended before CEL coverage of OK
N000106,Howard C. Nielson,before coverage,,,,,,state service ended before CEL coverage of UT
N000127,Rick Nolan,before coverage,,,,,,state service ended before CEL coverage of MN
N000143,Anne Northup,before coverage,,,,,,state service ended before CEL coverage of KY
N000171,Sam Nunn,before coverage,,,,,,state service ended before CEL coverage of GA
N000179,Grace Napolitano,matched,CA,1767,"Napolitano, Grace F.",1993_1994,1997_1998,
N000184,Kristi Noem,matched,SD,18494,"Noem, Kristi",2007_2008,2009_2010,
N000186,Alan Nunnelee,matched,MS,10331,"Nunnelee, Alan",1996_1999,2008_2011,
N000188,Donald Norcross,matched,NJ,14508,"Norcross, Donald W.",2010_2011,2014_2015,
N000189,Dan Newhouse,matched,WA,21269,"Newhouse, Daniel 'Dan'",2003_2004,2009_2010,
N000190,Ralph Norman,matched,SC,18062,"Norman, Ralph W.",2005_2006,2017_2018,
N000193,Zach Nunn,matched,IA,4302,"Nunn, Zach",2015_2016,2021_2022,
N000194,Wiley Nickel,matched,NC,24511,"Nickel, Wiley",2019_2020,2021_2022,
O000001,Mary Oakar,matched,OH,15914,"Oakar, Mary Rose",2001_2002,2001_2002,
O000007,David Obey,before coverage,,,,,,state service ended before CEL coverage of WI
O000010,George M. O'Brien,before coverage,,,,,,state service ended before CEL coverage of IL
O000019,Jay Obernolte,matched,CA,1779,"Obernolte, Jay",2015_2016,2019_2020,
O000085,John Olver,before coverage,,,,,,state service ended before CEL coverage of MA
O000098,Tip O'Neill,before coverage,,,,,,state service ended before CEL coverage of MA
O000159,Major Owens,before coverage,,,,,,state service ended before CEL coverage of NY
O000163,Mike Oxley,before coverage,,,,,,state service ended before CEL coverage of OH
O000166,Butch Otter,before coverage,,,,,,state service ended before CEL coverage of ID
O000167,Barack Obama,matched,IL,5063,"Obama, Barack",1997_1998,2003_2004,
O000171,Tom O'Halleran,matched,AZ,1307,"O'Halleran, Tom",2001_2002,2007_2008,
O000173,Ilhan Omar,matched,MN,9098,"Omar, Ilhan",2017_2018,2017_2018,
O000176,Johnny Olszewski,matched,MD,6912,"Olszewski, John Jr.",2007_2010,2011_2014,
O000177,Bob Onder,matched,MO,9799,"Onder, Robert",2007_2008,2021_2022,
P000009,Bob Packwood,before coverage,,,,,,state service ended before CEL coverage of OR
P000034,Frank Pallone,before coverage,,,,,,state service ended before CEL coverage of NJ
P000080,Stan Parris,before coverage,,,,,,state service ended before CEL coverage of VA
P000096,Bill Pascrell,matched,NJ,14517,"Pascrell, William J. Jr.",1996_1997,1996_1997,
P000104,Bill Patman,before coverage,,,,,,state service ended before CEL coverage of TX
P000112,Liz Patterson,before coverage,,,,,,state service ended before CEL coverage of SC
P000145,Alex Padilla,matched,CA,1789,"Padilla, Alex",2007_2008,2013_2014,
P000148,Bill Paxon,before coverage,,,,,,state service ended before CEL coverage of NY
P000170,Donald Pease,before coverage,,,,,,state service ended before CEL coverage of OH
P000171,Ed Pease,before coverage,,,,,,state service ended before CEL coverage of IN
P000215,Timothy Penny,before coverage,,,,,,state service ended before CEL coverage of MN
P000218,Claude Pepper,before coverage,,,,,,state service ended before CEL coverage of FL
P000229,Carl Christopher Perkins,before coverage,,,,,,state service ended before CEL coverage of KY
P000230,Carl D. Perkins,before coverage,,,,,,state service ended before CEL coverage of KY
P000258,Collin Peterson,before coverage,,,,,,state service ended before CEL coverage of MN
P000263,John Peterson,matched,PA,17238,"Peterson, John E.",1989_1990,1995_1996,
P000265,Tom Petri,before coverage,,,,,,state service ended before CEL coverage of WI
P000326,Owen B. Pickett,before coverage,,,,,,state service ended before CEL coverage of VA
P000373,Joseph Pitts,matched,PA,17251,"Pitts, Joseph R.",1989_1990,1995_1996,
P000422,Earl Pomeroy,before coverage,,,,,,state service ended before CEL coverage of ND
P000444,John Edward Porter,before coverage,,,,,,state service ended before CEL coverage of IL
P000452,Glenn Poshard,before coverage,,,,,,state service ended before CEL coverage of IL
P000556,David Pryor,before coverage,,,,,,state service ended before CEL coverage of AR
P000574,Carl Pursell,before coverage,,,,,,state service ended before CEL coverage of MI
P000584,David D. Phelps,matched,IL,5085,"Phelps, David D.",1997_1998,1997_1998,
P000585,Todd Platts,matched,PA,17252,"Platts, Todd",1993_1994,1999_2000,
P000586,Adam Putnam,before coverage,,,,,,state service ended before CEL coverage of FL
P000588,Stevan Pearce,matched,NM,14811,"Pearce, Stevan E.",1997_1998,1999_2000,
P000589,Jon Porter,matched,NV,15079,"Porter, Jon C.",1995_1996,2001_2002,
P000590,Mark Pryor,before coverage,,,,,,state service ended before CEL coverage of AR
P000591,Tom Price,matched,GA,3712,"Price, Tom",2001_2002,2003_2004,
P000593,Ed Perlmutter,matched,CO,2150,"Perlmutter, Edwin G.",1999_2000,2001_2002,
P000594,Erik Paulsen,matched,MN,9118,"Paulsen, Erik",1995_1996,2007_2008,
P000595,Gary Peters,matched,MI,8509,"Peters, Gary",1995_1996,2001_2002,
P000597,Chellie Pingree,matched,ME,7783,"Pingree, Rochelle M.",1993_1994,1999_2000,
P000599,Bill Posey,matched,FL,3161,"Posey, Bill",2001_2002,2007_2008,
P000601,Steven Palazzo,matched,MS,10335,"Palazzo, Steven",2004_2007,2008_2011,
P000605,Scott Perry,matched,PA,17235,"Perry, Scott",2007_2008,2011_2012,
P000606,Robert Pittenger,matched,NC,11415,"Pittenger, Robert",2003_2004,2007_2008,
P000607,Mark Pocan,matched,WI,21701,"Pocan, Mark",1999_2000,2011_2012,
P000614,Chris Pappas,matched,NH,13643,"Pappas, Christopher",2003_2004,2005_2006,
P000619,Mary Peltola,matched,AK,89,"Kapsner, Mary",1999_2000,2007_2008,"Reviewed 2026-10-07, confirmed by Ardis: listed by CEL under an earlier surname as ""Kapsner, Mary"", Alaska House district 39 (1999-2002) and 38 (2003-2008), matching her researched service in districts 39 (1999-2003) and 38 (2003-2009)."
P000620,Brittany Pettersen,matched,CO,2151,"Pettersen, Brittany",2013_2014,2021_2022,
P000621,Nellie Pou,matched,NJ,14526,"Pou, Nellie",1996_1997,2024_2025,
P000622,Jimmy Patronis,matched,FL,3141,"Patronis, Jimmy Theo Jr.",2007_2008,2013_2014,
Q000013,Jimmy Quillen,before coverage,,,,,,state service ended before CEL coverage of TN
R000012,Tom Railsback,before coverage,,,,,,state service ended before CEL coverage of IL
R000033,Jim Ramstad,before coverage,,,,,,state service ended before CEL coverage of MN
R000053,Charles Rangel,before coverage,,,,,,state service ended before CEL coverage of NY
R000067,William R. Ratchford,before coverage,,,,,,state service ended before CEL coverage of CT
R000072,Arthur Ravenel Jr.,matched,SC,18088,"Ravenel, Arthur Jr.",1997_1998,2003_2004,
R000103,Matt Rosendale,matched,MT,10861,"Rosendale, Matthew M., Sr.",2011_2012,2015_2016,
R000122,Jack Reed,before coverage,,,,,,state service ended before CEL coverage of RI
R000141,Ralph Regula,before coverage,,,,,,state service ended before CEL coverage of OH
R000146,Harry Reid,before coverage,,,,,,state service ended before CEL coverage of NV
R000191,Abraham Ribicoff,before coverage,,,,,,state service ended before CEL coverage of CT
R000262,Matthew J. Rinaldo,before coverage,,,,,,state service ended before CEL coverage of NJ
R000281,Lynn Rivers,before coverage,,,,,,state service ended before CEL coverage of MI
R000305,Deborah Ross,matched,NC,11455,"Ross, Deborah",2003_2004,2013_2014,
R000308,Clint Roberts,before coverage,,,,,,state service ended before CEL coverage of SD
R000312,Ray Roberts,before coverage,,,,,,state service ended before CEL coverage of TX
R000337,J. Kenneth Robinson,before coverage,,,,,,state service ended before CEL coverage of VA
R000361,Jay Rockefeller,before coverage,,,,,,state service ended before CEL coverage of WV
R000386,James Rogan,matched,CA,1824,"Rogan, James E.",1993_1994,1995_1996,
R000435,Ileana Ros-Lehtinen,before coverage,,,,,,state service ended before CEL coverage of FL
R000458,Dan Rostenkowski,before coverage,,,,,,state service ended before CEL coverage of IL
R000459,Toby Roth,before coverage,,,,,,state service ended before CEL coverage of WI
R000481,J. Roy Rowland,before coverage,,,,,,state service ended before CEL coverage of GA
R000482,John G. Rowland,before coverage,,,,,,state service ended before CEL coverage of CT
R000486,Lucille Roybal-Allard,before coverage,,,,,,state service ended before CEL coverage of CA
R000487,Ed Royce,before coverage,,,,,,state service ended as CEL coverage of CA began
R000510,Harold L. Runnels,before coverage,,,,,,state service ended before CEL coverage of NM
R000568,Ciro Rodriguez,matched,TX,19448,"Rodriguez, Ciro D.",1989_1990,1997_1998,
R000569,Thomas Reynolds,before coverage,,,,,,state service ended before CEL coverage of NY
R000571,Denny Rehberg,before coverage,,,,,,state service ended before CEL coverage of MT
R000572,Mike Rogers,matched,MI,8550,"Rogers, Mike",1995_1996,1999_2000,
R000573,Mike Ross,matched,AR,929,"Ross, Mike",1997_1998,1999_2000,
R000575,Mike Rogers,matched,AL,450,"Rogers, Mike",1999_2002,1999_2002,
R000577,Tim Ryan,matched,OH,15968,"Ryan, Timothy",2001_2002,2001_2002,
R000580,Peter Roskam,matched,IL,5112,"Roskam, Peter J.",1997_1998,2005_2006,
R000581,Laura Richardson,matched,CA,1817,"Richardson, Laura",2007_2008,2007_2008,
R000584,Jim Risch,matched,ID,4666,"Risch, James E.",1999_2000,2001_2002,
R000588,Cedric Richmond,matched,LA,6178,"Richmond, Cedric",2000_2003,2008_2011,
R000590,David Rivera,matched,FL,3187,"Rivera, David",2003_2004,2009_2010,
R000593,Dennis Ross,matched,FL,3197,"Ross, Dennis A.",2001_2002,2007_2008,
R000595,Marco Rubio,matched,FL,3201,"Rubio, Marco",2001_2002,2007_2008,
R000603,David Rouzer,matched,NC,11457,"Rouzer, David",2009_2010,2011_2012,
R000604,Steve Russell,matched,OK,16464,"Russell, Steve",2009_2010,2011_2012,
R000605,Mike Rounds,matched,SD,18535,"Rounds, Micharl",1997_1998,1999_2000,
R000606,Jamie Raskin,matched,MD,6944,"Raskin, Jamie",2007_2010,2015_2018,
R000610,Guy Reschenthaler,matched,PA,17279,"Reschenthaler, Guy",2015_2016,2017_2018,
R000617,Delia Ramirez,matched,IL,23340,"Ramirez, Delia",2019_2020,2021_2022,
R000620,Luz Rivas,matched,CA,22769,"Rivas, Luz",2019_2020,2023_2024,
R000621,Emily Randall,matched,WA,25858,"Randall, Emily",2019_2020,2023_2024,
S000005,Martin Olav Sabo,before coverage,,,,,,state service ended before CEL coverage of MN
S000014,Pat Saiki,before coverage,,,,,,state service ended before CEL coverage of HI
S000018,Matt Salmon,before coverage,,,,,,state service ended as CEL coverage of AZ began
S000055,Terry Sanford,before coverage,,,,,,state service ended before CEL coverage of NC
S000056,George Sangmeister,before coverage,,,,,,state service ended before CEL coverage of IL
S000064,Paul Sarbanes,before coverage,,,,,,state service ended before CEL coverage of MD
S000066,Bill Sarpalius,before coverage,,,,,,state service ended as CEL coverage of TX began
S000070,David E. Satterfield III,before coverage,,,,,,state service ended before CEL coverage of VA
S000094,Thomas Sawyer,before coverage,,,,,,state service ended before CEL coverage of OH
S000097,Jim Saxton,before coverage,,,,,,state service ended before CEL coverage of NJ
S000109,Daniel Schaefer,before coverage,,,,,,state service ended before CEL coverage of CO
S000112,Bob Schaffer,before coverage,,,,,,state service ended before CEL coverage of CO
S000143,Bill Schuette,matched,MI,8566,"Schuette, Bill",1995_1996,2001_2002,
S000146,Richard Schulze,before coverage,,,,,,state service ended before CEL coverage of PA
S000148,Chuck Schumer,before coverage,,,,,,state service ended before CEL coverage of NY
S000185,Bobby Scott,before coverage,,,,,,state service ended before CEL coverage of VA
S000213,Andrea Seastrand,matched,CA,1843,"Seastrand, Andrea",1993_1994,1993_1994,
S000217,Keith Sebelius,before coverage,,,,,,state service ended before CEL coverage of KS
S000244,Jim Sensenbrenner,before coverage,,,,,,state service ended before CEL coverage of WI
S000248,Jose E. Serrano,before coverage,,,,,,state service ended before CEL coverage of NY
S000269,John Seymour,before coverage,,,,,,state service ended before CEL coverage of CA
S000320,Richard Shelby,before coverage,,,,,,state service ended before CEL coverage of AL
S000332,Karen Shepherd,before coverage,,,,,,state service ended before CEL coverage of UT
S000407,Gerald Sikorski,before coverage,,,,,,state service ended before CEL coverage of MN
S000409,Mark Siljander,before coverage,,,,,,state service ended before CEL coverage of MI
S000423,Paul Simon,before coverage,,,,,,state service ended before CEL coverage of IL
S000429,Alan Simpson,before coverage,,,,,,state service ended before CEL coverage of WY
S000453,Norman Sisisky,before coverage,,,,,,state service ended before CEL coverage of VA
S000462,David Skaggs,before coverage,,,,,,state service ended before CEL coverage of CO
S000465,Ike Skelton,before coverage,,,,,,state service ended before CEL coverage of MO
S000477,Jim Slattery,before coverage,,,,,,state service ended before CEL coverage of KS
S000479,D. French Slaughter Jr.,before coverage,,,,,,state service ended before CEL coverage of VA
S000480,Louise Slaughter,before coverage,,,,,,state service ended before CEL coverage of NY
S000510,Adam Smith,matched,WA,21380,"Smith, Adam",1991_1992,1995_1996,
S000579,Joseph Smith,before coverage,,,,,,state service ended before CEL coverage of PA
S000583,Lamar Smith,before coverage,,,,,,state service ended before CEL coverage of TX
S000586,Lawrence J. Smith,before coverage,,,,,,state service ended before CEL coverage of FL
S000587,Linda Smith,matched,WA,21382,"Smith, Linda A.",1991_1992,1993_1994,
S000597,Nick Smith,before coverage,,,,,,state service ended before CEL coverage of MI
S000601,Peter P. Smith,before coverage,,,,,,state service ended before CEL coverage of VT
S000607,"Robert F. ""Bob"" Smith",before coverage,,,,,,state service ended before CEL coverage of OR
S000662,Vincent Snowbarger,before coverage,,,,,,state service ended before CEL coverage of KS
S000663,Olympia Snowe,before coverage,,,,,,state service ended before CEL coverage of ME
S000672,Vic Snyder,before coverage,,,,,,state service ended as CEL coverage of AR began
S000673,Stephen Solarz,before coverage,,,,,,state service ended before CEL coverage of NY
S000675,Gerald B.H. Solomon,before coverage,,,,,,state service ended before CEL coverage of NY
S000718,Floyd Spence,before coverage,,,,,,state service ended before CEL coverage of SC
S000762,Fernand St Germain,before coverage,,,,,,state service ended before CEL coverage of RI
S000770,Debbie Stabenow,before coverage,,,,,,state service ended before CEL coverage of MI
S000779,Harley O. Staggers Jr.,before coverage,,,,,,state service ended before CEL coverage of WV
S000795,Arlan Stangeland,before coverage,,,,,,state service ended before CEL coverage of MN
S000852,John Stennis,before coverage,,,,,,state service ended before CEL coverage of MS
S000888,Ted Stevens,before coverage,,,,,,state service ended before CEL coverage of AK
S000890,Adlai Stevenson III,before coverage,,,,,,state service ended before CEL coverage of IL
S000907,Donald W. Stewart,before coverage,,,,,,state service ended before CEL coverage of AL
S000929,Victoria Spartz,matched,IN,5509,"Spartz, Victoria",2017_2018,2019_2020,
S000962,Richard (Dick) Stone,before coverage,,,,,,state service ended before CEL coverage of FL
S000991,Michael Strang,before coverage,,,,,,state service ended before CEL coverage of CO
S001044,Bob Stump,before coverage,,,,,,state service ended before CEL coverage of AZ
S001045,Bart Stupak,before coverage,,,,,,state service ended before CEL coverage of MI
S001142,Gordon Smith,before coverage,,,,,,state service ended before CEL coverage of OR
S001144,Chris Shays,before coverage,,,,,,state service ended before CEL coverage of CT
S001145,Janice Schakowsky,matched,IL,5124,"Schakowsky, Janice D.",1997_1998,1997_1998,
S001147,Ronnie Shows,before coverage,,,,,,state service ended before CEL coverage of MS
S001148,Mike Simpson,before coverage,,,,,,state service ended before CEL coverage of ID
S001150,Adam Schiff,matched,CA,1841,"Schiff, Adam",1997_1998,1999_2000,
S001151,Ed Schrock,matched,VA,20215,"Schrock, Edward L.",1996_1997,2000_2001,
S001152,Rob Simmons,matched,CT,2641,"Simmons, Robert R.",1999_2000,1999_2000,
S001153,Hilda Solis,matched,CA,1852,"Solis, Hilda L.",1993_1994,1999_2000,
S001155,John Sullivan,matched,OK,16512,"Sullivan, John",1995_1996,2001_2002,
S001157,David Scott,matched,GA,3752,"Scott, David",2001_2002,2001_2002,
S001158,John Salazar,matched,CO,2182,"Salazar, John T.",2003_2004,2003_2004,
S001161,John Schwarz,matched,MI,8568,"Schwarz, John ""Joe""",1995_1996,2001_2002,
S001162,Allyson Schwartz,matched,PA,17330,"Schwartz, Allyson",1991_1992,2003_2004,
S001164,Jean Schmidt,matched,OH,15979,"Schmidt, Jeannette 'Jean'",2001_2002,2023_2024,
S001165,Albio Sires,matched,NJ,14564,"Sires, Albio",2000_2001,2006_2007,
S001167,Bill Sali,matched,ID,4676,"Sali, William",1999_2000,2005_2006,
S001172,Adrian Smith,before coverage,,,,,,state service ended as CEL coverage of NE began
S001174,Betty Sutton,matched,OH,16017,"Sutton, Betty",1997_1998,1999_2000,
S001175,Jackie Speier,matched,CA,1855,"Speier, Jackie",1993_1994,2005_2006,
S001176,Steve Scalise,matched,LA,6190,"Scalise, Stephen J.",1996_1999,2008_2011,
S001178,Mark Schauer,matched,MI,8560,"Schauer, Mark",1997_1998,2007_2008,
S001179,Aaron Schock,matched,IL,5129,"Schock, Aaron",2005_2006,2007_2008,
S001180,Kurt Schrader,matched,OR,16724,"Schrader, Walter Kurt",2007_2008,2009_2010,
S001181,Jeanne Shaheen,matched,NH,13926,"Shaheen, Jeanne",1991_1992,1995_1996,
S001183,David Schweikert,before coverage,,,,,,state service ended before CEL coverage of AZ
S001184,Tim Scott,matched,SC,18120,"Scott, Tim",2009_2010,2009_2010,
S001187,Steve Stivers,matched,OH,16012,"Stivers, Steven",2003_2004,2007_2008,
S001188,Marlin Stutzman,matched,IN,5519,"Stutzman, Marlin A.",2003_2004,2009_2010,
S001189,Austin Scott,matched,GA,3753,"Scott, James Austin",2001_2002,2009_2010,
S001191,Kyrsten Sinema,matched,AZ,1359,"Sinema, Kyrsten",2005_2006,2011_2012,
S001194,Brian Schatz,matched,HI,4042,"Schatz, Brian",1999_2000,2005_2006,
S001195,Jason Smith,matched,MO,9935,"Smith, Jason T.",2005_2006,2013_2014,
S001199,Lloyd Smucker,matched,PA,17351,"Smucker, Lloyd K.",2009_2010,2015_2016,
S001200,Darren Soto,matched,FL,3236,"Soto, Darren",2007_2008,2015_2016,
S001214,Greg Steube,matched,FL,3246,"Steube, Greg",2011_2012,2017_2018,
S001218,Melanie Stansbury,matched,NM,24940,"Stansbury, Melanie",2019_2020,2021_2022,
S001223,Emilia Sykes,matched,OH,16021,"Sykes, Emilia",2015_2016,2021_2022,
S001226,Andrea Salinas,matched,OR,16721,"Salinas, Andrea",2017_2018,2021_2022,
S001227,Eric Schmitt,matched,MO,9902,"Schmitt, Eric",2009_2010,2015_2016,
S001228,Derek Schmidt,before coverage,,,,,,state service ended before CEL coverage of KS
S001230,Suhas Subramanyam,matched,VA,25746,"Subramanyam, Suhas",2020_2021,2024_2025,
T000024,Jim Talent,before coverage,,,,,,state service ended before CEL coverage of MO
T000034,Robin Tallon,before coverage,,,,,,state service ended before CEL coverage of SC
T000038,John Tanner,before coverage,,,,,,state service ended before CEL coverage of TN
T000048,Randy Tate,matched,WA,21413,"Tate, Randy",1991_1992,1993_1994,
T000053,Tom Tauke,before coverage,,,,,,state service ended before CEL coverage of IA
T000058,Billy Tauzin,before coverage,,,,,,state service ended before CEL coverage of LA
T000067,Charles H. Taylor,before coverage,,,,,,state service ended before CEL coverage of NC
T000074,Gene Taylor,before coverage,,,,,,state service ended before CEL coverage of MS
T000113,Frank Tejeda,matched,TX,19523,"Tejeda, Frank",1989_1990,1991_1992,
T000162,Craig Thomas,before coverage,,,,,,state service ended before CEL coverage of WY
T000165,Tom Tiffany,matched,WI,21783,"Tiffany, Thomas 'Tom'",2011_2012,2019_2020,
T000188,Bill Thomas,before coverage,,,,,,state service ended before CEL coverage of CA
T000200,Frank Thompson Jr.,before coverage,,,,,,state service ended before CEL coverage of NJ
T000253,Karen Thurman,before coverage,,,,,,state service ended before CEL coverage of FL
T000254,Strom Thurmond,before coverage,,,,,,state service ended before CEL coverage of SC
T000260,Todd Tiahrt,before coverage,,,,,,state service ended before CEL coverage of KS
T000314,Peter Torkildsen,before coverage,,,,,,state service ended before CEL coverage of MA
T000356,Bob Traxler,before coverage,,,,,,state service ended before CEL coverage of MI
T000424,Jim Turner,matched,TX,19540,"Turner, Jim",1991_1992,1995_1996,
T000458,Tom Tancredo,before coverage,,,,,,state service ended before CEL coverage of CO
T000460,Mike Thompson,matched,CA,1871,"Thompson, Mike",1993_1994,1997_1998,
T000462,Pat Tiberi,matched,OH,16033,"Tiberi, Patrick 'Pat'",1997_1998,1999_2000,
T000464,Jon Tester,matched,MT,10916,"Tester, Jon",1999_2000,2005_2006,
T000468,Dina Titus,matched,NV,15112,"Titus, Dina",1995_1996,2007_2008,
T000469,Paul Tonko,matched,NY,15586,"Tonko, Paul D.",1999_2000,2007_2008,
T000470,Scott Tipton,matched,CO,2228,"Tipton, Scott R.",2009_2010,2009_2010,
T000473,Mark Takai,matched,HI,4052,"Takai, K. Mark",1999_2000,2013_2014,
T000474,Norma Torres,matched,CA,1877,"Torres, Norma J.",2009_2010,2013_2014,
T000476,Thom Tillis,matched,NC,11523,"Tillis, Thom",2007_2008,2013_2014,
T000477,Scott Taylor,matched,VA,20239,"Taylor, Scott W.",2014_2015,2016_2017,
T000478,Claudia Tenney,matched,NY,15577,"Tenney, Claudia",2011_2012,2015_2016,
T000479,Van Taylor,matched,TX,19522,"Taylor, Nicholas 'Van'",2011_2012,2017_2018,
T000480,William Timmons,matched,SC,18175,"Timmons, William",2017_2018,2017_2018,
T000481,Rashida Tlaib,matched,MI,8623,"Tlaib, Rashida",2009_2010,2013_2014,
T000487,Jill Tokuda,matched,HI,4065,"Tokuda, Jill",2007_2008,2017_2018,
T000488,Shri Thanedar,matched,MI,24099,"Thanedar, Shri",2021_2022,2021_2022,
T000489,Sylvester Turner,matched,TX,19543,"Turner, Sylvester",1989_1990,2015_2016,
U000017,Jolene Unsoeld,before coverage,,,,,,state service ended before CEL coverage of WA
U000038,Mark Udall,before coverage,,,,,,state service ended before CEL coverage of CO
V000027,Guy Vander Jagt,before coverage,,,,,,state service ended before CEL coverage of MI
V000087,Bruce Vento,before coverage,,,,,,state service ended before CEL coverage of MN
V000112,Harold Volkmer,before coverage,,,,,,state service ended before CEL coverage of MO
V000126,George Voinovich,before coverage,,,,,,state service ended before CEL coverage of OH
V000127,David Vitter,matched,LA,6238,"Vitter, David",1996_1999,1996_1999,
V000128,Chris Van Hollen,matched,MD,7018,"Vanhollen, Christopher",1995_1998,1999_2002,
V000129,David Valadao,matched,CA,1882,"Valadao, David G.",2011_2012,2011_2012,
V000130,Juan Vargas,matched,CA,1883,"Vargas, Juan",2001_2002,2011_2012,
V000131,Marc Veasey,matched,TX,19554,"Veasey, Marc",2005_2006,2011_2012,
V000133,Jeff Van Drew,matched,NJ,14589,"Van Drew, Jeff",2002_2003,2018_2019,
W000038,Alton Waldon,before coverage,,,,,,state service ended before CEL coverage of NY
W000092,Malcolm Wallop,before coverage,,,,,,state service ended before CEL coverage of WY
W000139,Mike Ward,before coverage,,,,,,state service ended before CEL coverage of KY
W000177,Craig Washington,matched,TX,19564,"Washington, Craig",1989_1990,1989_1990,
W000180,Harold Washington,before coverage,,,,,,state service ended before CEL coverage of IL
W000187,Maxine Waters,before coverage,,,,,,state service ended before CEL coverage of CA
W000194,Wes Watkins,before coverage,,,,,,state service ended before CEL coverage of OK
W000207,Melvin Watt,before coverage,,,,,,state service ended before CEL coverage of NC
W000215,Henry Waxman,before coverage,,,,,,state service ended before CEL coverage of CA
W000273,Jerry Weller,before coverage,,,,,,state service ended before CEL coverage of IL
W000314,Robert Wexler,before coverage,,,,,,state service ended before CEL coverage of FL
W000315,Robert Weygand,before coverage,,,,,,state service ended before CEL coverage of RI
W000326,Alan Wheat,before coverage,,,,,,state service ended before CEL coverage of MO
W000390,Richard C. White,before coverage,,,,,,state service ended before CEL coverage of TX
W000413,Ed Whitfield,before coverage,,,,,,state service ended before CEL coverage of KY
W000426,Robert Whittaker,before coverage,,,,,,state service ended before CEL coverage of KS
W000428,Jamie Whitten,before coverage,,,,,,state service ended before CEL coverage of MS
W000437,Roger Wicker,before coverage,,,,,,state service ended before CEL coverage of MS
W000520,Pat Williams,before coverage,,,,,,state service ended before CEL coverage of MT
W000570,Charlie Wilson,before coverage,,,,,,state service ended before CEL coverage of TX
W000571,Charles H. Wilson,before coverage,,,,,,state service ended before CEL coverage of CA
W000607,Pete Wilson,before coverage,,,,,,state service ended before CEL coverage of CA
W000654,Bob Wise,before coverage,,,,,,state service ended before CEL coverage of WV
W000682,Howard Wolpe,before coverage,,,,,,state service ended before CEL coverage of MI
W000763,Jim Wright,before coverage,,,,,,state service ended before CEL coverage of TX
W000777,Joseph P. Wyatt Jr.,before coverage,,,,,,state service ended before CEL coverage of TX
W000784,Albert Wynn,before coverage,,,,,,state service ended before CEL coverage of MD
W000788,Nikema Williams,matched,GA,3880,"Williams, Nikema",2017_2018,2019_2020,
W000791,Greg Walden,before coverage,,,,,,state service ended before CEL coverage of OR
W000794,Diane Watson,matched,CA,1894,"Watson, Diane Edith",1993_1994,1997_1998,
W000795,Joe Wilson,matched,SC,18218,"Wilson, Addison G.",1989_1990,2001_2002,
W000796,Lynn Westmoreland,matched,GA,3866,"Westmoreland, Lynn",2001_2002,2003_2004,
W000797,Debbie Wasserman Schultz,matched,FL,3273,"Schultz, Debbie Wasserman",2001_2002,2003_2004,
W000798,Tim Walberg,matched,MI,8645,"Walberg, Timothy ""Tim""",1995_1996,1997_1998,
W000800,Peter Welch,matched,VT,20918,"Welch, Peter F.",2001_2002,2005_2006,
W000801,Charlie Wilson,matched,OH,16063,"Wilson, Charles A. jr.",1997_1998,2007_2008,
W000804,Rob Wittman,matched,VA,20274,"Wittman, Robert J.",2006_2007,2006_2007,
W000806,Daniel Webster,matched,FL,3278,"Webster, Daniel",2001_2002,2007_2008,
W000808,Frederica Wilson,matched,FL,3287,"Wilson, Frederica S.",2001_2002,2011_2012,
W000813,Jackie Walorski,matched,IN,5542,"Walorskiswihart, Jackie",2005_2006,2009_2010,
W000814,Randy Weber,matched,TX,19568,"Weber, Randall",2009_2010,2011_2012,
W000820,Mimi Walters,matched,CA,1892,"Walters, Mimi",2005_2006,2015_2016,
W000821,Bruce Westerman,matched,AR,1017,"Westerman, Bruce",2011_2012,2013_2014,
W000822,Bonnie Watson Coleman,matched,NJ,14597,"Coleman, Bonnie Watson",1998_1999,2014_2015,
W000825,Jennifer Wexton,matched,VA,20268,"Wexton, Jennifer",2014_2015,2018_2019,
Y000014,Gus Yatron,before coverage,,,,,,state service ended before CEL coverage of PA
Y000031,C. Young,before coverage,,,,,,state service ended before CEL coverage of FL
Y000033,Don Young,before coverage,,,,,,state service ended before CEL coverage of AK
Y000047,Milton Young,before coverage,,,,,,state service ended before CEL coverage of ND
Y000051,Robert A. Young,before coverage,,,,,,state service ended before CEL coverage of MO
Y000063,Kevin Yoder,before coverage,,,,,,state service ended before CEL coverage of KS
Y000066,David Young,matched,IA,26595,"Young, David",2023_2024,2023_2024,
Z000001,Clement Zablocki,before coverage,,,,,,state service ended before CEL coverage of WI
Z000008,Dick Zimmer,before coverage,,,,,,state service ended before CEL coverage of NJ
Z000017,Lee Zeldin,matched,NY,15621,"Zeldin, Lee M.",2011_2012,2013_2014,
Z000018,Ryan Zinke,matched,MT,10980,"Zinke, Ryan",2009_2010,2011_2012,
