bioguide_id,veteran,evidence_type,editions_found,evidence,evidence_edition,review
A000009,Yes,service,3,"served in U.S. Army, 1942-43",CDIR-1981-04-01,
A000014,No,,17,,,
A000022,No,,21,,,
A000076,Yes,service,2,U.S. Navy,CDIR-1981-04-01,
A000109,No,,16,,,
A000121,No,,8,,,
A000189,Yes,service,4,"Infantry sergeant, U.S. Army, in World War II",CDIR-1981-04-01,
A000207,Yes,service,2,"served as field artillery forward observer, U.S. Army, 1943-45",CDIR-1981-04-01,
A000211,No,,1,,,
A000214,No,,5,,,
A000215,Yes,service,10,"served in the U.S. Air Force, 1951-53",CDIR-1997-06-04,
A000219,Yes,service,4,"served as first lieutenant, Army National Guard, 1957-63",CDIR-1981-04-01,
A000226,No,,3,,,
A000337,Not found,,0,,,
A000358,Yes,service,12,"military service: Officer, U.S. Army Engineers",CDIR-2001-12-07,
A000361,Yes,service,10,"U.S. Air Force Reserves, 1965-71",CDIR-2009-12-01,
A000364,No,,1,,,
A000365,No,,2,,,
A000366,No,,1,,,
A000367,No,,6,,,
A000369,Yes,service,9,"lawyer, United States Army Judge Advocate General Corps, 1983-87",CDIR-2011-12-01,
A000370,No,,7,,,
A000373,No,,1,,,
A000377,No,,3,,,
B000013,No,,19,,,
B000024,Yes,service,3,"served in the U.S. Navy, 1951-54",CDIR-1981-04-01,
B000029,Yes,service,1,"entered U.S. Army as private, rose to captain",CDIR-1981-04-01,
B000047,No,,1,,,
B000072,No,,18,,,
B000078,No,,2,,,
B000081,No,,7,,,
B000083,Not found,,0,,,
B000104,Yes,service,13,"served in U.S. Naval Air Corps, aviation cadet, 1944-45",CDIR-1997-06-04,
B000134,No,,8,,,
B000177,No,,8,,,
B000179,Yes,service,6,"served in the U.S. Navy, 1951-52",CDIR-1997-06-04,
B000220,No,,14,,,
B000229,Yes,service,9,"enlisted in U.S. Air Force, 1951, discharged first lieutenant, 1953",CDIR-1997-06-04,
B000243,No,,23,,,
B000244,Not found,,0,,,
B000254,Not found,,0,,,
B000279,Not found,,0,,,
B000287,No,,20,,,
B000318,No,,6,,,
B000363,Yes,service,1,"served in the U.S. Marine Corps, 1952-54",CDIR-1981-04-01,
B000371,Yes,service,4,"enlisted March 13, 1942, and served 58 months in Infantry in World War II, including guerrilla combat in the Philippines",CDIR-1981-04-01,
B000403,Yes,service,17,"counterintelligence officer, First Infantry Division, U.S. Army, 1963-65",CDIR-1997-06-04,
B000410,No,,20,,,
B000431,Yes,service,6,"graduate of Law School of University of Alabama, LL.B. degree, 1948: entered U.S. Army, March 1943",CDIR-1981-04-01,
B000462,Yes,service,2,"served in Nevada National Guard, 1955-63 and cur-rently holds rank of Lieutenant-Colonel in Nevada National Guard Reserve",CDIR-1989-04-18,
B000490,Yes,service,26,"military service: enlisted, U.S. Army, 1969–71",CDIR-2024-04-25,Reviewed 2026-10-07: kept. Specific service statement in the directory's military service field.
B000517,Yes,service,1,"service in U.S. Army in Korea, earning unit commen-dation medal with two bronze stars",CDIR-1993-06-25,
B000518,No,,6,,,
B000574,No,,23,,,
B000576,No,,2,,,
B000589,No,,19,,,
B000600,No,,4,,,
B000615,No,,3,,,
B000619,Yes,service,13,"served in the U.S. Air Force, 1968-72",CDIR-1997-06-04,
B000639,Yes,service,5,"captain, 6 years, Oklahoma National Guard",CDIR-1981-04-01,
B000644,No,,11,,,
B000648,No,,1,,,
B000652,Yes,service,16,"lieutenant colonel, U.S. Army, 1956-76",CDIR-1997-06-04,
B000657,No,,20,,,
B000668,No,,3,,,
B000716,Yes,service,15,"first lieutenant, U.S. Army 101st Airborne Division, Vietnam, 1969-71, receiving the CIB and other decorations",CDIR-1997-06-04,
B000740,No,,3,,,
B000755,No,,22,,,
B000798,Yes,service,2,"served U.S. Army, 1953-55",CDIR-1987-04-15,
B000817,Yes,service,2,"U.S. Army Reserve, 1968-71",CDIR-1993-06-25,
B000839,Yes,service,1,"U.S. Air Force pilot, 1951-56",CDIR-1981-04-01,
B000862,No,,1,,,
B000880,Yes,service,5,"U.S. Marine Corps, World War II",CDIR-1981-04-01,
B000890,Yes,veterans' organization member,4,"member, American Legion. 100 Congressional Directory MINNESOTA MINNESOTA (Population, 1980 census, 4,075,970)",CDIR-1985-04-05,
B000897,No,,3,,,
B000911,No,,20,,,
B000918,No,,6,,,
B000919,Yes,service,6,"lieutenant, U.S. Navy, 1962-66, including service as a forward air controller in Vietnam",CDIR-1981-04-01,
B000944,No,,25,,,
B000971,No,,2,,,
B000993,Yes,service,7,"second lieutenant, U.S. Army, 1959-60",CDIR-1997-06-04,
B000997,No,,5,,,
B001036,No,,2,,,
B001063,Yes,service,1,"2nd lieutenant, Oregon National Guard Reserve",CDIR-1995-05-05,
B001066,No,,19,,,
B001080,Yes,service,1,served in U.S. Army Air Corps during World War II,CDIR-1981-04-01,
B001149,Yes,service,21,"served in the U.S. Army, 1957-58",CDIR-1997-06-04,
B001153,Not found,,0,,,
B001156,Yes,service,2,veteran of World War IT and Korean conflict,CDIR-1981-04-01,
B001182,Yes,service,1,served as U.S. Naval officer during World War II,CDIR-1981-04-01,
B001209,Yes,service,1,"left high school late in 1944 at age 17 to volunteer for the U.S. Navy, released from active duty as 3rd class electronic technician, July 1946",CDIR-1981-04-01,
B001210,No,,20,,,
B001213,No,,1,,,
B001226,No,,1,,,
B001230,No,,23,,,
B001231,No,,15,,,
B001232,No,,15,,,
B001234,Yes,service,14,military service: Army,CDIR-2000-02-01,
B001235,No,,11,,,
B001238,Yes,service,3,"military service: North Carolina National Guard, 1968-1971",CDIR-2003-07-11,
B001239,Yes,service,9,"military service: U.S. Army, 1983-1987",CDIR-2003-07-11,
B001243,No,,18,,,
B001246,No,,6,,,
B001247,No,,9,,,
B001249,Yes,service,4,"military service: U.S. Army Reserves, First Lieutenant",CDIR-2003-07-11,
B001250,No,,15,,,
B001254,No,,6,,,
B001256,No,,5,,,
B001257,No,,12,,,
B001261,No,,12,,,
B001263,Yes,service,1,"military service: Major, Air Force Reserve C-130 pilot, 1994-present",CDIR-2009-12-01,
B001268,Yes,service,1,"military: Lt. Colonel, JAG Corps, Army National Guard, 1979- present",CDIR-2011-12-01,
B001270,No,,7,,,
B001272,No,,1,,,
B001273,No,,5,,,
B001274,No,,7,,,
B001277,Yes,service,9,"military: served in the United States Marine Corps Reserves, 1970-76, honorably discharged as Sergeant",CDIR-2011-12-01,
B001278,No,,8,,,
B001281,No,,8,,,
B001285,No,,8,,,
B001289,No,,5,,,
B001293,No,,3,,,
B001295,Yes,service,7,"military: U.S. Marine Corps, 1979-82",CDIR-2018-07-27,
B001296,No,,7,,,
B001299,Yes,service,6,"military: U.S. Navy Reserve, Supply Corps Officer, 2012-15",CDIR-2018-07-27,
B001302,No,,6,,,
B001304,Yes,service,4,"military: U.S. Army, Commissioned Aviation Officer (Captain), 1984-89",CDIR-2018-07-27,
B001306,No,,4,,,
B001307,Yes,service,4,"military: First Lieutenant, U.S. Army, 1969-72",CDIR-2020-07-22,
B001309,No,,4,,,
B001310,No,,3,,,
B001311,No,,3,,,
B001314,No,,2,,,
B001316,No,,2,,,
B001317,No,,2,,,
B001318,No,,2,,,
B001321,Yes,service,1,"military service: U.S. Army, 2000-22",CDIR-2026-02-20,
B001322,No,,1,,,
B001326,No,,1,,,
C000052,Yes,service,10,"served in U.S. Navy, seaman, 1952-54",CDIR-1997-06-04,
C000071,No,,19,,,
C000077,Yes,service,14,"served in U.S. Air Force in Korea, airman second class, 1951-53",CDIR-1997-06-04,
C000079,No,,3,,,
C000100,No,,5,,,
C000107,No,,6,,,
C000127,No,,21,,,
C000141,No,,27,,,
C000191,No,,14,,,
C000243,No,,17,,,
C000261,Not found,,0,,,
C000293,No,,3,,,
C000321,Yes,service,2,"U.S. Naval Reserve, captain, aviator",CDIR-1983-03-31,
C000322,Yes,service,2,"captain, U.S. Army, Armored Force South Pacific Service, with service in World War II and Korea",CDIR-1981-04-01,
C000356,Yes,service,3,served in the U.S. Army as an artillery officer during the Korean conflict,CDIR-1981-04-01,
C000371,No,,1,,,
C000462,Yes,service,2,"served in the U.S. Navy, lieutenant, 1942-45",CDIR-1983-03-31,
C000512,Not found,,0,,,
C000556,Yes,service,21,"enlisted in U.S. Coast Guard as a seaman recruit, 1952",CDIR-1997-06-04,
C000618,No,,5,,,
C000621,Yes,service,5,"served in U.S. Army, captain, 1967-69, Army Commendation Medal",CDIR-1983-03-31,
C000633,No,,2,,,
C000640,No,,12,,,
C000666,Yes,service,2,served in the Marine Corps during World War II and in the Korean conflict,CDIR-1981-04-01,
C000670,No,,8,,,
C000709,No,,5,,,
C000737,Yes,service,1,served in the U.S. Army 1952-54,CDIR-1995-05-05,
C000813,Yes,service,5,"served as an officer, U.S. Army in Okinawa, Taiwan and Korea, 1962-64",CDIR-1997-06-04,
C000846,Yes,service,12,"served in U.S. Army, 1955-57, Korea",CDIR-1997-06-04,
C000858,No,,20,,,
C000880,No,,26,,,
C000962,No,,15,,,
C000984,No,,20,,,
C001034,Yes,service,6,"captain, U.S. Army, 1965-68",CDIR-1997-06-04,
C001038,No,,19,,,
C001045,No,,14,,,
C001046,No,,13,,,
C001047,No,,20,,,
C001048,No,,16,,,
C001049,No,,17,,,
C001050,No,,10,,,
C001053,No,,18,,,
C001055,No,,10,,,
C001059,No,,14,,,
C001060,No,,6,,,
C001063,No,,14,,,
C001064,No,,5,,,
C001068,No,,12,,,
C001069,No,,12,,,
C001073,Not found,,0,,,
C001075,No,,10,,,
C001077,Yes,service,6,"military: U.S. Army, 1972-74",CDIR-2018-07-27,
C001080,No,,10,,,
C001084,No,,7,,,
C001085,No,,1,,,
C001091,No,,8,,,
C001093,Yes,service,5,"Chaplain, U.S. Air Force Reserve",CDIR-2018-07-27,
C001094,Yes,service,5,"professional: U.S. Marine Corps, 1966-92",CDIR-2018-07-27,
C001097,No,,6,,,
C001101,No,,8,,,
C001103,No,,5,,,
C001105,No,,3,,,
C001108,No,,6,,,
C001110,No,,6,,,
C001111,No,,3,,,
C001118,No,,4,,,
C001125,No,,3,,,
C001128,No,,1,,,
C001130,No,,2,,,
C001134,No,,1,,,
C001136,Yes,service,1,"military service: U.S. Air Force, 1992-96",CDIR-2026-02-20,
D000032,No,,3,,,
D000038,No,,3,,,
D000043,Yes,service,1,"lawyer, California State legislator, special agent, FBI, Assistant United States Attorney, Naval Reserve officer",CDIR-1981-04-01,
D000044,Yes,service,4,"served in the U.S. Army, Counter Intelligence Corps, 1952-54",CDIR-1981-04-01,
D000046,No,,6,,,
D000051,No,,3,,,
D000106,Yes,service,1,U.S. Naval Aviator,CDIR-1987-04-15,
D000114,No,,12,,,
D000131,No,,5,,,
D000168,Yes,service,17,"captain, U.S. Army, 1966-68",CDIR-1997-06-04,
D000183,No,,1,,,
D000197,No,,24,,,
D000203,Yes,service,5,"during World War II enlisted in the U.S. Navy, age 17",CDIR-1981-04-01,
D000210,Yes,service,15,"U.S. Coast Guard Reserves, 1963-71",CDIR-1997-06-04,
D000217,No,,16,,,
D000230,Yes,service,2,"education: B.S., social sciences, U.S. Air Force Academy, Colorado Springs, CO, 1994",CDIR-2024-04-25,
D000231,Yes,service,1,"lieutenant, U.S. Navy Reserves, 1960-63",CDIR-1981-04-01,
D000267,No,,5,,,
D000269,Yes,service,1,"veteran World War II, Army, Infantry, Pacific Theater",CDIR-1981-04-01,
D000275,No,,12,,,
D000294,No,,14,,,
D000299,No,,17,,,
D000366,Yes,service,3,served in U.S. Navy Air Corps (lt. jg.),CDIR-1981-04-01,
D000373,Yes,service,10,"served in U.S. Army, sergeant, 1957-60",CDIR-1997-06-04,
D000399,No,,25,,,
D000401,Yes,service,6,"enlisted U.S. Army, 1943",CDIR-1981-04-01,
D000416,No,,5,,,
D000429,No,,15,,,
D000446,Yes,service,1,"served in the U.S. Marine Corps, 1959-62 and U.S. Marine Corps Reserve, 1957-59 and 1962 to present, with rank of lieutenant colonel",CDIR-1981-04-01,
D000537,Not found,,0,,,
D000586,Yes,service,4,"served in U.S. Navy, 1940-45",CDIR-1981-04-01,
D000592,No,,4,,,
D000593,No,,5,,,
D000597,No,,10,,,
D000598,No,,17,,,
D000599,No,,9,,,
D000600,No,,18,,,
D000604,No,,8,,,
D000605,No,,4,,,
D000606,No,,2,,,
D000609,No,,1,,,
D000610,No,,6,,,
D000611,Not found,,0,,,
D000612,Yes,service,5,"military: U.S. Air Force, 1984-88",CDIR-2018-07-27,
D000615,No,,8,,,
D000623,No,,7,,,
D000631,No,,4,,,
D000635,No,,1,,,
E000013,Yes,service,5,"commis-sioned ensign, U.S. Navy, June 1955",CDIR-1981-04-01,
E000031,No,,4,,,
E000033,Yes,service,1,"served in U.S. Army Reserve, 1958-62",CDIR-1985-04-05,
E000035,Not found,,0,,,
E000063,No,,17,,,
E000071,Yes,service,3,"20-year Navy veteran, retired as Commander",CDIR-2022-10-26,
E000092,No,,16,,,
E000093,No,,7,,,
E000175,No,,1,,,
E000179,No,,24,,,
E000186,No,,1,,,
E000198,Yes,service,1,"served in U.S. Army, Sp3c., 1954-56",CDIR-1981-04-01,
E000201,Yes,service,3,"U.S. Army active duty service as first lieutenant, 1963-65",CDIR-1983-03-31,
E000226,Yes,service,15,"U.S. Army, 1965-67",CDIR-1997-06-04,
E000233,No,,1,,,
E000236,Yes,service,1,"U.S. Navy, 1943-46 (ensign), 1951-53 (lieutenant)",CDIR-1985-04-05,
E000246,No,,2,,,
E000259,Yes,service,2,"U.S. Army Command and General Staff College, 1963",CDIR-1981-04-01,
E000282,No,,6,,,
E000285,Yes,service,21,"served in Wyoming National Guard, 1967- 73",CDIR-1997-06-04,
E000288,No,,8,,,
E000293,No,,4,,,
E000294,No,,7,,,
E000295,Yes,service,7,"military service: U.S. Army Reserves, 1993-2001",CDIR-2016-02-12,
E000296,No,,6,,,
E000297,No,,6,,,
E000300,Yes,service,1,"military service: Virginia Army National Guard, 2007-09",CDIR-2026-02-20,
E000301,No,,1,,,
F000030,No,,20,,,
F000040,No,,1,,,
F000041,Yes,service,4,"inducted into the Federal service with the Florida National Guard on January 6, 1941, commissioned second lieutenant May 23, 1942, served in the African, Sicilian, and Italian campaigns, separated from the Armed Forces as a captain January 20, 1946",CDIR-1981-04-01,
F000043,No,,19,,,
F000049,No,,5,,,
F000053,No,,7,,,
F000059,No,,3,,,
F000061,No,,17,,,
F000078,No,,1,,,
F000110,No,,3,,,
F000128,No,,1,,,
F000208,No,,4,,,
F000215,Yes,service,4,"enlisted U.S. Navy, 1955-58, final rank, ensign",CDIR-1981-04-01,
F000238,No,,13,,,
F000246,Yes,service,3,"military service: officer, U.S. Air Force, 1990–94",CDIR-2024-04-25,Reviewed 2026-10-07: kept. Specific service statement in the directory's military service field.
F000261,No,,6,,,
F000268,Yes,service,7,"served in the U.S. Army, 1944-46, Kentucky National Guard, 1949-62",CDIR-1997-06-04,
F000270,Yes,service,6,served in the U.S. Navy 1944-46 and U.S. Air Force Reserve 1950-58 and discharged as first lieutenant (legal officer),CDIR-1981-04-01,
F000286,No,,2,,,
F000319,No,,1,,,
F000332,Yes,service,2,"served in the U.S. Air Force Reserves as a technical sargeant, 1969-75",CDIR-1997-06-04,
F000339,No,,23,,,
F000349,No,,6,,,
F000372,Yes,service,21,"served, U.S. Army, 93rd Engineer Battalion",CDIR-1997-06-04,
F000380,Yes,service,5,"lieutenant, U.S. Naval Reserve, 1951-54, Korean Theater",CDIR-1981-04-01,
F000387,No,,1,,,
F000430,Yes,service,2,during the Korean war served in the U.S. Army Medical Corps,CDIR-1981-04-01,
F000438,Not found,,0,,,
F000441,No,,8,,,
F000442,No,,9,,,
F000445,No,,14,,,
F000446,No,,3,,,
F000447,No,,8,,,
F000448,No,,12,,,
F000450,No,,14,,,
F000453,No,,3,,,
F000462,No,,8,,,Reviewed 2026-10-07: source error. The 2026 directory prints Brian Mast's military service line word for word in her biography.
F000463,No,,8,,,
F000464,No,,2,,,
F000467,No,,1,,,
F000469,No,,4,,,
F000470,No,,3,,,
F000471,Yes,service,3,"professional: U.S. Army Reserve, 1981-2009",CDIR-2022-10-26,
F000474,No,,3,,,
F000475,No,,3,,,
F000478,No,,2,,,
F000480,No,,1,,,
F000483,No,,1,,,
F000484,No,,1,,,
G000025,No,,3,,,
G000047,Yes,service,4,"served in the U.S. Army during the Korean conflict with the Third Infantry Division, 1950-53",CDIR-1981-04-01,
G000105,No,,4,,,
G000120,No,,10,,,
G000121,Yes,service,11,"served as corporal in U.S. Army, 1953-55",CDIR-1997-06-04,
G000152,Yes,service,12,"colonel, U.S. Air Force, 1967- 71",CDIR-1997-06-04,
G000153,Yes,service,6,"served in U.S. Army 5 years during World War II with 501st Parachute Infantry, 101st Airborne Division",CDIR-1981-04-01,
G000210,Yes,service,17,"served in the U.S. Air Force, captain, 1965-66",CDIR-1997-06-04,
G000212,Yes,service,12,"veteran of World War II, 20th Air Force, 19th Bomb Group",CDIR-1997-06-04,
G000272,No,,7,,,
G000280,Yes,service,14,served in Virginia Army National Guard,CDIR-1997-06-04,
G000333,Yes,service,10,"enlisted in U.S. Army, 1945-46",CDIR-1997-06-04,
G000352,No,,14,,,
G000359,Yes,service,25,"joined the U.S. Air Force, 1982",CDIR-1997-06-04,
G000382,No,,2,,,
G000386,No,,30,,,
G000388,Not found,,0,,,
G000410,No,,22,,,
G000417,Yes,service,4,"1st Lt., U.S. Army, 1953-55",CDIR-1981-04-01,
G000439,No,,12,,,
G000480,Yes,service,1,"during World War II, served in the U.S. Army Air Corps as a fighter pilot in the European theater, 1942-46",CDIR-1981-04-01,
G000499,Not found,,0,,,
G000511,Yes,service,4,"served in the U.S. Navy, Pacific Theater aboard the U.S.S. Mount McKinley, 1944-46",CDIR-1981-04-01,
G000515,Not found,,0,,,
G000524,No,,6,,,
G000536,No,,13,,,
G000537,Not found,,0,,,
G000545,No,,11,,,
G000546,No,,20,,,
G000548,No,,12,,,
G000549,No,,11,,,
G000550,No,,11,,,
G000554,Yes,service,4,"married: Mark Kelly, Captain United States Navy",CDIR-2009-12-01,
G000557,No,,1,,,
G000558,Yes,service,10,"military service: U.S. Army, Field Artillery Office, 101st Airborne Division, 1987-90",CDIR-2009-12-01,
G000559,No,,9,,,
G000560,No,,6,,,
G000562,No,,6,,,
G000563,No,,7,,,
G000568,No,,9,,,
G000570,No,,2,,,
G000571,Yes,service,5,"education: Hawaii Pacific University, Officer Candidate School, Army",CDIR-2014-02-18,
G000572,No,,1,,,
G000574,Yes,service,7,"military: U.S. Marine Corps, 2000-06",CDIR-2018-07-27,
G000576,No,,7,,,
G000578,No,,5,,,
G000580,Yes,service,2,"military: Field Artillery Officer, U.S. Army, 1995-2000",CDIR-2018-07-27,
G000585,No,,6,,,
G000586,No,,2,,,
G000587,No,,4,,,
G000589,No,,4,,,
G000590,Yes,service,3,"military: U.S. Army Infantry officer, Fort Knox, KY: rifle platoon leader, scout platoon leader, battalion adjutant, infantry battalion",CDIR-2020-07-22,
G000592,Yes,service,4,military: U.S. Marine Corps,CDIR-2020-07-22,
G000597,No,,3,,,
G000601,No,,1,,,
G000605,No,,1,,,
H000012,Yes,service,1,served in the U.S. Navy,CDIR-1981-04-01,
H000058,No,,1,,,
H000067,Yes,service,23,"lieutenant (senior grade), U.S. Navy, carrier pilot, 1942-45",CDIR-1997-06-04,
H000074,No,,12,,,
H000144,No,,2,,,
H000172,Yes,service,12,"U.S. Navy, 1951-55",CDIR-1997-06-04,
H000302,No,,3,,,
H000323,No,,18,,,
H000329,Yes,service,18,"U.S. Army Reserves, 1963-69",CDIR-1997-06-04,
H000340,Yes,service,4,"airman second class, U.S. Air Force, 1958-62",CDIR-1981-04-01,
H000343,Yes,service,6,"military service: U.S. Navy, lieutenant (jg.)",CDIR-1981-04-01,
H000367,No,,4,,,
H000439,Yes,service,2,"special agent in the U.S. Army Intelligence Corps, 1951-53",CDIR-1983-03-31,
H000444,No,,16,,,
H000514,No,,4,,,
H000528,No,,20,,,
H000547,No,,5,,,
H000582,Yes,service,2,"served in U.S. Navy, 1944-46",CDIR-1981-04-01,
H000621,No,,8,,,
H000624,Yes,service,2,served in the U.S. Army during World War II in European Theater with rank of first lieutenant,CDIR-1981-04-01,
H000627,Yes,service,18,"seaman first class, U.S. Navy, 1956-59",CDIR-1997-06-04,
H000652,Yes,service,2,"lieutenant, U.S. Army, 1964-65",CDIR-1989-04-18,
H000666,Yes,service,16,"airman, Ohio Air National Guard, 1958-63",CDIR-1997-06-04,
H000670,Yes,service,2,served in the U.S. Navy,CDIR-1989-04-18,
H000722,Yes,service,1,served in the European theater with U.S. Army and received overseas commission,CDIR-1981-04-01,
H000725,No,,16,,,
H000762,No,,14,,,
H000776,Yes,service,4,"served in the U.S. Marine Corps, 1954-56",CDIR-1981-04-01,
H000874,No,,30,,,
H000878,Yes,service,4,"served in the Kentucky Air National Guard, 1962-67",CDIR-1981-04-01,
H000905,Yes,service,2,"served in the U.S. Army, 1944-46, as a tank gunner, 9th Armor Division, European Theater of Operations",CDIR-1981-04-01,
H000951,Yes,service,4,"enlisted in the U.S. Air Force, 1958-62",CDIR-1981-04-01,
H001015,No,,8,,,
H001016,No,,18,,,
H001018,Yes,service,5,"served in U.S. Navy, 1944-46",CDIR-1981-04-01,
H001022,Yes,service,18,"ensign, U.S. Navy, 1944-46",CDIR-1997-06-04,
H001029,No,,13,,,
H001030,No,,12,,,
H001031,No,,9,,,
H001033,No,,8,,,
H001034,No,,14,,,
H001035,No,,6,,,
H001038,No,,12,,,
H001041,No,,8,,,
H001042,No,,12,,,
H001044,No,,1,,,
H001049,No,,3,,,
H001050,No,,4,,,
H001052,Yes,service,9,"military: Commander, Johns Hopkins Medical Naval Reserve Primus Unit P0605C",CDIR-2011-12-01,
H001053,No,,7,,,
H001055,Yes,service,3,"professional: colonel, U.S. Army Reserve",CDIR-2011-12-01,
H001056,No,,7,,,
H001057,No,,3,,,
H001058,No,,9,,,
H001059,No,,5,,,
H001060,No,,3,,,
H001064,No,,5,,,
H001066,No,,5,,,
H001068,No,,8,,,
H001070,No,,1,,,
H001076,No,,6,,,
H001079,No,,6,,,
H001084,No,,1,,,
H001091,No,,3,,,
H001093,No,,2,,,
H001094,No,,2,,,
H001099,No,,1,,,
H001104,No,,1,,,
I000001,Not found,,0,,,
I000024,Yes,service,25,"served in the U.S. Army, private first class, 1957-58",CDIR-1997-06-04,
I000025,Yes,service,21,"retired captain, U.S. Army",CDIR-1997-06-04,
I000026,No,,16,,,
I000047,No,,14,,,
I000055,No,,19,,,
J000020,No,,2,,,
J000033,Yes,service,4,"active duty, U.S. Marine Corps, 1950-52, with infantry company in Korea in 1951, discharged as private first class",CDIR-1983-03-31,
J000070,Yes,service,16,"first lieutenant, U.S. Army, J.A.G. Corps, 1975",CDIR-1997-06-04,
J000072,Yes,service,18,served in the U.S. Navy as lieutenant (jg.),CDIR-1997-06-04,
J000082,Yes,service,12,"served in the U.S. Army Military Police, second lieutenant, 1959-60",CDIR-1997-06-04,
J000099,Not found,,0,,,
J000101,Yes,service,2,"served as a paratrooper in the U.S. Army, 1946-47",CDIR-1981-04-01,
J000110,No,,10,,,
J000120,Yes,service,1,"served as Captain, United States Air Force, 1973-77",CDIR-1993-06-25,
J000126,No,,24,,,
J000135,Not found,,0,,,
J000163,No,,17,,,
J000174,Yes,service,22,"served in Air Force, 29 years: Korea and Vietnam (POW in Vietnam, six years, ten months)",CDIR-1997-06-04,
J000177,No,,20,,,
J000187,Yes,service,3,"served U.S. Army, Fort Hood, Texas, 1953-55",CDIR-1989-04-18,
J000189,Yes,service,6,"1st lieutenant, U.S. Army, 1956-59",CDIR-1981-04-01,
J000255,Yes,service,21,served in North Carolina National Guard,CDIR-1997-06-04,
J000256,No,,4,,,
J000265,No,,2,,,
J000285,No,,12,,,
J000289,No,,12,,,
J000290,No,,6,,,
J000294,No,,8,,,
J000297,No,,3,,,
J000298,No,,6,,,
J000299,No,,6,,,
J000308,Yes,service,1,"military service: officer, U.S. Army Reserve",CDIR-2024-04-25,
J000310,No,,1,,,
K000016,No,,9,,,
K000019,Yes,service,4,served in U.S. Air Force,CDIR-1981-04-01,
K000025,Yes,service,2,Air Force pilot,CDIR-1981-04-01,
K000113,No,,16,,,
K000172,No,,23,,,
K000180,No,,15,,,
K000190,No,,3,,,
K000220,No,,19,,,
K000259,Yes,service,14,"served in the Wisconsin Air National Guard, 1963-69",CDIR-1997-06-04,
K000262,Yes,service,1,"served, U.S. Air Force, 1st Lieutenant, 1954-56",CDIR-1993-06-25,
K000304,No,,2,,,
K000306,Yes,service,16,"served in Vietnam, U.S. Navy, lieutenant, 1967-69",CDIR-1997-06-04,
K000307,Yes,service,3,"served in the U.S. Army, 1944-47",CDIR-1983-03-31,
K000309,Yes,service,1,"served in U.S. Air Force, captain, 1959-69",CDIR-1987-04-15,
K000312,No,,1,,,
K000322,Yes,service,2,"captain, U.S. Army, 1967-70",CDIR-1981-04-01,
K000328,Yes,service,1,"U.S. Army Reserve, 1969 to present, Lieutenant Colonel",CDIR-1993-06-25,
K000336,No,,16,,,
K000357,Yes,service,3,"commissioned as a U.S. Marine Corps Second Lieutenant in 1968, and rose to the rank of Captain before retiring in 1973",CDIR-1999-06-15,
K000362,No,,15,,,
K000364,No,,4,,,
K000366,No,,3,,,
K000368,No,,5,,,
K000370,No,,1,,,
K000375,No,,9,,,
K000381,No,,7,,,
K000385,No,,8,,,
K000387,Yes,service,3,"professional: Veteran, U.S. Army",CDIR-2016-02-12,
K000390,No,,2,,,
K000395,No,,2,,,
K000396,No,,1,,,
K000397,No,,3,,,
K000398,No,,2,,,
K000399,Yes,service,2,"military service: officer, U.S. Navy, 1993–2003",CDIR-2024-04-25,
K000400,No,,1,,,
K000401,No,,2,,,
K000402,No,,1,,,
K000403,No,,1,,,
L000020,Yes,service,4,"served in the U.S. Navy CALIFORNIA Biographical during World War II, 1944-46",CDIR-1981-04-01,
L000045,Yes,service,2,"served in the U.S. Navy, lieutenant, 1967-70",CDIR-1989-04-18,
L000116,No,,3,,,
L000167,Not found,,0,,,
L000187,No,,1,,,
L000192,Yes,service,1,"served in the U.S. Navy, with rank of second class petty officer, 1952-56",CDIR-1981-04-01,
L000225,No,,4,,,
L000237,No,,4,,,
L000243,Yes,service,4,"served in the U.S. Naval Reserve, 1952-54, during the Korean conflict, with rank of lieutenant",CDIR-1981-04-01,
L000263,No,,26,,,
L000264,No,,3,,,
L000265,Yes,service,2,served 2 years in U.S. Air Force,CDIR-1981-04-01,
L000266,No,,2,,,
L000274,No,,20,,,
L000295,Yes,service,4,"served in the U.S. Air Force, 1943-54",CDIR-1983-03-31,
L000304,No,,18,,,
L000321,Yes,service,17,"captain, U.S. Air Force, 1967-69",CDIR-1997-06-04,
L000491,No,,25,,,
L000509,Yes,service,1,"joined U.S. Air Force, 1954, and attained rank of captain, serving 6% years active duty",CDIR-1989-04-18,
L000521,Yes,service,7,"U.S. Army National Guard, 1963-69",CDIR-1999-06-15,
L000550,No,,17,,,
L000551,No,,22,,,
L000552,No,,15,,,
L000554,Yes,service,21,awards and honors: honorary Coast Guard Chief Petty Officer,CDIR-2001-12-07,
L000556,Yes,service,9,"captain, U.S. Army, 1965-67",CDIR-1997-06-04,
L000557,No,,23,,,
L000559,No,,18,,,
L000562,No,,20,,,
L000564,No,,11,,,
L000566,Yes,service,10,"The U.S. Sportsmen's Alliance, ``Patriot Award'', 2002, Ohio National Guard ``Major General Charles Dick Award for Legislative Excellence'', 1999",CDIR-2009-12-01,
L000567,No,,6,,,
L000569,No,,9,,,
L000571,No,,7,,,
L000573,No,,5,,,
L000578,No,,8,,,
L000579,No,,6,,,
L000582,Yes,service,7,Air Force Humanitarian Service Medal,CDIR-2016-02-12,
L000583,Yes,service,7,"served in the U.S. Air Force, 1984-92",CDIR-2016-02-12,
L000585,No,,7,,,
L000586,No,,4,,,
L000589,No,,5,,,
L000599,No,,2,,,
L000602,No,,2,,,
L000606,No,,1,,,
M000023,Yes,service,2,"U.S. Air Force, captain, 1955-58",CDIR-1983-03-31,
M000041,No,,4,,,
M000053,Not found,,0,,,
M000090,No,,6,,,
M000133,Yes,service,31,"served in the U.S. Army Reserves, 1968-73",CDIR-1997-06-04,
M000174,Yes,service,4,"U.S. Marine Corps, 1966-70",CDIR-1981-04-01,
M000194,No,,3,,,
M000195,No,,4,,,
M000206,Yes,service,9,"served in U.S. Marine Corps, private first class, 1947-50",CDIR-1997-06-04,
M000241,No,,2,,,
M000250,Yes,service,4,"commis-sioned second lieutenant, U.S. Army Reserve, June 1941",CDIR-1981-04-01,
M000260,No,,1,,,
M000291,Yes,service,4,"U.S. Army, 1954-56",CDIR-1981-04-01,
M000316,No,,11,,,
M000317,No,,3,,,
M000340,Yes,service,1,"U.S. Marine Corps Reserve, 1933-37",CDIR-1981-04-01,
M000346,Yes,service,4,"U.S. Navy, V-5 program",CDIR-1983-03-31,
M000365,Not found,,0,,,
M000404,Yes,service,21,"served, U.S. Navy Medical Corps, lieutenant commander, 1968-70",CDIR-1997-06-04,
M000432,No,,4,,,
M000458,No,,4,,,
M000466,Yes,service,3,"served in U.S. Marine Corps, 1972-74",CDIR-1997-06-04,
M000472,Yes,service,16,U.S. Army Caucus,CDIR-2001-12-07,
M000477,No,,12,,,
M000490,Not found,,0,,,
M000512,Yes,service,2,"served in the Maine Army National Guard, 1970-73",CDIR-1983-03-31,
M000523,No,,10,,,
M000527,Yes,service,3,"sergeant, U.S. Air Force, 1951-55",CDIR-1981-04-01,
M000589,Yes,service,1,"U.S. Army, World War II, 1944-45",CDIR-1983-03-31,
M000590,No,,17,,,
M000628,No,,8,,,
M000635,Yes,service,4,"joined U.S. Army, June 1943, served in 76th Infantry Division, European Theater, as part of General Patton’s 3d Army",CDIR-1981-04-01,
M000639,No,,26,,,
M000669,Yes,service,5,"U.S. Army, 1946-47",CDIR-1997-06-04,
M000678,No,,5,,,
M000684,No,,4,,,
M000689,No,,20,,,
M000714,No,,12,,,
M000808,Yes,service,1,"served as naval aviator, 1942-45",CDIR-1981-04-01,
M000834,Yes,service,11,"served in the U.S. Navy, 1943-46",CDIR-1997-06-04,
M000842,Yes,service,4,"sergeant, U.S. Marines, 1951-53",CDIR-1981-04-01,
M000865,Yes,service,7,served in World War II and Korean conflict,CDIR-1981-04-01,
M000881,No,,3,,,
M000926,Yes,service,6,"enlisted in U.S. Army Reserve in June 1942, served 3% years during World War II, presently Judge Advocate with rank of lieutenant colonel",CDIR-1981-04-01,
M000934,No,,24,,,
M000941,No,,10,,,
M000956,Not found,,0,,,
M000999,Yes,service,4,"served in the U.S. Army, 1954-56",CDIR-1981-04-01,
M001025,No,,3,,,
M001044,Yes,service,1,served in U.S. Army,CDIR-1981-04-01,
M001088,Yes,service,5,"served in the U.S. Marine Corps, 1944-46",CDIR-1981-04-01,
M001111,No,,26,,,
M001120,Yes,service,21,served in Marine Corps as an enlisted Marine commissioned as an officer,CDIR-1997-06-04,
M001121,Not found,,0,,,
M001123,Not found,,0,,,
M001132,Not found,,0,,,
M001137,No,,23,,,
M001139,Yes,service,16,"military service: private, U.S. Army, 1967",CDIR-1999-06-15,
M001141,Yes,service,7,"military service: U.S. Marine Corps, 1953-56",CDIR-2000-10-01,
M001143,No,,20,,,
M001144,No,,14,,,
M001147,No,,10,,,
M001148,No,,9,,,
M001149,No,,11,,,
M001151,Yes,service,12,"military: Lieutenant Commander, Medical Service Corps, United States Navy Reserve",CDIR-2009-12-01,
M001152,No,,8,,,
M001153,No,,18,,,
M001154,No,,10,,,
M001155,No,,6,,,
M001156,No,,13,,,
M001158,No,,11,,,
M001159,No,,11,,,
M001160,No,,14,,,
M001161,No,,5,,,
M001165,No,,10,,,
M001167,No,,3,,,
M001169,No,,12,,,
M001170,No,,8,,,
M001176,No,,10,,,
M001177,No,,10,,,
M001180,No,,7,,,
M001182,No,,3,,,
M001183,No,,8,,,
M001188,No,,8,,,
M001189,No,,4,,,
M001194,No,,7,,,
M001195,No,,6,,,
M001200,No,,4,,,
M001205,No,,4,,,
M001206,No,,4,,,
M001209,No,,1,,,
M001210,No,,2,,,
M001212,Yes,service,3,military service: National Guard Reserves,CDIR-2026-02-20,Reviewed 2026-10-07: kept. Specific service statement in the directory's military service field.
M001215,Yes,service,3,"military service: officer, U.S. Army and Army Reserves, 1973–97 (retiring with the rank of Lieutenant Colonel)",CDIR-2024-04-25,Reviewed 2026-10-07: kept. Specific service statement in the directory's military service field.
M001217,No,,2,,,
M001220,No,,2,,,
M001221,No,,1,,,
M001225,No,,2,,,
M001227,No,,2,,,
M001230,No,,1,,,
M001231,No,,1,,,
M001233,No,,1,,,
M001234,No,,1,,,
M001235,No,,1,,,
M001236,No,,1,,,
M001237,No,,1,,,
M001238,No,,1,,,
M001239,Yes,service,1,"military service: U.S. Navy, 1988-98",CDIR-2026-02-20,
M001241,No,,1,,,
N000002,No,,26,,,
N000032,Yes,service,20,"captain, U.S. Army Reserve, 1965-1971",CDIR-2001-12-07,
N000033,Not found,,0,,,
N000081,No,,13,,,
N000095,Yes,service,3,"en-tered military service 1942, served 5 years in European Theater of Operations",CDIR-1981-04-01,
N000102,Yes,service,16,"served in National Guard, 1970-76",CDIR-1997-06-04,
N000106,Yes,service,3,"served in U.S. Army Air Force, sergeant, 1943-46",CDIR-1983-03-31,
N000127,No,,4,,,
N000143,No,,12,,,
N000171,Yes,service,6,"served in U.S. Coast Guard, 1959-60",CDIR-1981-04-01,
N000179,No,,22,,,
N000184,No,,5,,,
N000186,No,,2,,,
N000188,No,,7,,,
N000189,No,,7,,,
N000190,No,,6,,,
N000193,Yes,service,2,"military service: officer, Airborne Intelligence, U.S. Air Force",CDIR-2024-04-25,
N000194,No,,1,,,
O000001,No,,4,,,
O000007,No,,21,,,
O000010,Yes,service,2,"lieutenant colonel United States Air Force, served with 8th and 12th Air Force, 1941-45",CDIR-1981-04-01,
O000019,No,,3,,,
O000085,No,,18,,,
O000098,No,,3,,,
O000159,No,,17,,,
O000163,No,,17,,,
O000166,Yes,service,8,"public service: Idaho Army National Guard, 1968-73",CDIR-2001-12-07,
O000167,No,,4,,,
O000171,Yes,service,4,"reelected to each succeeding Congress. Office Listings https://ohalleran.house.gov 318 Cannon House Office Building, Washington, DC (202) 225-3361 20515............................................... Chief of Staff.--Sally Adams. FAX: 225-3462 Deputy Chief of Staff.--Paul Babbitt. Legislative Director.--Adam Finkel. Communications Director.--Kaitlin Hooker. Scheduler.--Jarrett Kunz. Legislative Assistants: Charlie Burgin, Jonathan Lipe. 405 North Beaver Street, Suite 6, Flagstaff, AZ (928) 286-5338 86001............................................... District Director.--Keith Brekhus. Casework Manager.--Paulette Yazzie. 200 West Magee Road, Suite 140, Oro Valley, AZ 85704 (520) 316-0839 Southern Outreach Coordinator.--Blanca Varela. Deputy District Director.--JoAnna Mendoza. Veteran and Military Service Manager.--Rudy Cota. Manager of District Operations.--Kyle McCarthy. Constituent Services Representative.--Max Dell'Olliver. Director of Tribal Engagement.--Jack Jackson. Counties: Apache, Coconino, Gila (part), Graham, Greenlee, Maricopa (part), Navajo, Pima (part), Pinal (part), and Yavapai (part). Population (2010), 724,868. ZIP Codes: 85122-23, 85128, 85130-32, 85135, 85137-39, 85141-42, 85145, 85172-73, 85191-94, 85226, 85248, 85339, 85501-02, 85530- 36, 85539-40, 85542-43, 85545-46, 85548, 85550-52, 85618, 85623, 85631, 85643, 85652-54, 85658, 85704, 85718, 85737, 85739, 85741-43, 85755, 85901-02, 85911-12, 85920, 85922-42, 86001-04, 86011, 86015, 86017-18, 86020, 86022-25, 86028, 86030-33, 86035- 36, 86038-40, 86042, 86044-47, 86052-54, 86322, 86325-26, 86335- 36, 86339-42, 86351, 86434-35, 86502-08, 86510-12, 86514-15, 86520, 86535, 86538, 86540, 86544-45, 86547, 86556",CDIR-2022-10-26,
O000173,No,,4,,,
O000176,No,,1,,,
O000177,No,,1,,,
P000009,No,,6,,,
P000034,No,,27,,,
P000080,Yes,service,4,served in the U.S. Air Force as a jet pilot during Korean war,CDIR-1981-04-01,
P000096,Yes,service,23,"veteran, U.S. Army and Army Reserves",CDIR-1997-06-04,
P000104,Yes,service,2,"private first class, U.S. Marine Corps, 1945-46",CDIR-1981-04-01,
P000112,No,,1,,,
P000145,No,,3,,,
P000148,No,,4,,,
P000170,Yes,service,4,"served in the U.S. Army, 1955-57",CDIR-1981-04-01,
P000171,No,,4,,,
P000215,No,,5,,,
P000218,Yes,service,4,"served in Students’ Army Training Corps, University of Alabama October 7T-December 12, 1918",CDIR-1981-04-01,
P000229,No,,2,,,
P000230,Yes,service,1,"served in World War II, and saw service in European theater, participating in battles of northern France, the Ardennes, the Rhineland, and central Europe",CDIR-1981-04-01,
P000258,Yes,service,23,"U.S. Army National Guard, 1963-69",CDIR-1997-06-04,
P000263,Yes,service,14,"served in U.S. Army, 1958-64",CDIR-1997-06-04,
P000265,No,,23,,,
P000326,No,,7,,,
P000373,Yes,service,18,"served in U.S. Air Force, 1963-69, rising from second lieutenant to captain",CDIR-1997-06-04,
P000422,No,,17,,,
P000444,Yes,service,10,"served in U.S. Army Signal Corps (Reserves), 1958-64",CDIR-1997-06-04,
P000452,Yes,service,4,"served in U.S. Army, specialist 5, 1962-65",CDIR-1997-06-04,
P000556,Yes,service,6,"U.S. Army Adju-tant General Corps, 1951-53",CDIR-1987-04-15,
P000574,Yes,service,5,"served in U.S. Army, 1957-59, infantry officer",CDIR-1981-04-01,
P000584,No,,5,,,
P000585,No,,12,,,
P000586,No,,11,,,
P000588,Yes,service,13,"military service: U.S. Air Force pilot, 1970-76",CDIR-2003-07-11,
P000589,No,,8,,,
P000590,No,,11,,,
P000591,No,,8,,,
P000593,No,,10,,,
P000594,No,,6,,,
P000595,Yes,service,10,"Lt. Commander, Navy Reserve, 1993-2005",CDIR-2009-12-01,
P000597,No,,10,,,
P000599,No,,9,,,
P000601,Yes,service,7,"military: U.S. Marine Corps Reserve, 1988-96",CDIR-2018-07-27,
P000605,Yes,service,8,"M.S. in strategic studies, U.S. Army War College, 2012",CDIR-2014-02-18,
P000606,No,,4,,,
P000607,No,,6,,,
P000614,No,,4,,,
P000619,No,,2,,,
P000620,No,,2,,,
P000621,No,,1,,,
P000622,No,,1,,,
Q000013,Yes,service,5,served in U.S. Navy in World War II,CDIR-1981-04-01,
R000012,Yes,service,1,"served in the U.S. Army, 1957-59",CDIR-1981-04-01,
R000033,Yes,service,16,"first lieutenant, U.S. Army Reserves, 1968-74",CDIR-1997-06-04,
R000053,Yes,service,24,"served in U.S. Army, 1948-52",CDIR-1997-06-04,
R000067,No,,2,,,
R000072,Yes,service,2,"served in the U.S. Marine Corps, 1945-46",CDIR-1989-04-18,
R000103,No,,2,,,
R000122,Yes,service,26,"served in the U.S. Army, 1967-79",CDIR-1997-06-04,
R000141,Yes,service,20,"U.S. Navy, 1944-46",CDIR-1997-06-04,
R000146,No,,23,,,
R000191,Not found,,0,,,
R000262,No,,3,,,
R000281,No,,7,,,
R000305,No,,3,,,
R000308,No,,1,,,
R000312,Not found,,0,,,
R000337,Yes,service,2,"served 4 years in the U.S. Army as an infantryman, leaving active duty with the rank of major",CDIR-1981-04-01,
R000361,No,,20,,,
R000386,No,,4,,,
R000435,No,,22,,,
R000458,Yes,veterans' organization member,5,"member of— Knights of Columbus, Veterans of Foreign Wars, Northwest Town Kiwanis Club",CDIR-1981-04-01,
R000459,Yes,service,6,"first lieutenant, U.S. Army Reserve, 1962-69",CDIR-1981-04-01,
R000481,Yes,service,4,"awarded Combat Infantry Badge and Bronze Star for valor during service in the European Theater Operation (ETO), U.S. Army, 1944-46",CDIR-1983-03-31,
R000482,No,,2,,,
R000486,No,,24,,,
R000487,No,,22,,,
R000510,Not found,,0,,,
R000568,No,,13,,,
R000569,No,,13,,,
R000571,No,,12,,,
R000572,Yes,service,13,military service: U.S. Army,CDIR-2001-12-07,
R000573,No,,12,,,
R000575,No,,18,,,
R000577,No,,16,,,
R000580,No,,8,,,
R000581,No,,2,,,
R000584,No,,10,,,
R000588,No,,6,,,
R000590,No,,1,,,
R000593,No,,5,,,
R000595,No,,8,,,
R000603,No,,7,,,
R000604,Yes,service,3,"U.S. Army, 1985-2006",CDIR-2016-02-12,
R000605,No,,7,,,
R000606,No,,6,,,
R000610,Yes,service,4,"military: Judge Advocate General Corps, U.S. Navy, 2007-12",CDIR-2020-07-22,
R000617,No,,2,,,
R000620,No,,1,,,
R000621,No,,1,,,
S000005,No,,19,,,
S000014,No,,2,,,
S000018,No,,7,,,
S000055,Yes,service,1,"parachute infantry, U.S. Army (serving in the European Theatre) 1942-45, discharged as a first lieutenant",CDIR-1989-04-18,
S000056,Yes,service,2,"served, U.S. Army, rank Sergeant, 1951-53",CDIR-1989-04-18,
S000064,No,,19,,,
S000066,No,,2,,,
S000070,Not found,,0,,,
S000094,No,,9,,,
S000097,Yes,service,18,"former member: Chamber of Commerce, Association of the U.S. Air Force, Leadership Foundation of New Jersey, Boy Scouts of America, Rotary International",CDIR-1997-06-04,
S000109,No,,6,,,
S000112,No,,6,,,
S000143,No,,3,,,
S000146,Yes,service,4,"served in U.S. Army, 1951-53",CDIR-1981-04-01,
S000148,No,,29,,,
S000185,Yes,service,24,served in the Massachusetts National Guard,CDIR-1997-06-04,
S000213,No,,1,,,
S000217,Not found,,0,,,
S000244,No,,25,,,
S000248,Yes,service,23,"served with the U.S. Army Medical Corps, 1964-66",CDIR-1997-06-04,
S000269,Not found,,0,,,
S000320,No,,28,,,
S000332,No,,1,,,
S000407,No,,4,,,
S000409,No,,2,,,
S000423,Yes,service,6,"U.S. Army Counter Intelligence Corps, 1951-53, assigned as a special agent in Europe along the Iron Curtain",CDIR-1981-04-01,
S000429,Yes,service,6,"served in the U.S. Army, 1954-56",CDIR-1981-04-01,
S000453,Yes,service,6,"served in the U.S. Navy, 1945-46",CDIR-1997-06-04,
S000462,Yes,service,5,"served in U.S. Marine Corps, captain, 1968-71",CDIR-1997-06-04,
S000465,No,,22,,,
S000477,No,,4,,,
S000479,Yes,service,2,"U.S. Army, 1943-47, including service in infantry (European Theater), awarded the Purple Heart",CDIR-1985-04-05,
S000480,No,,21,,,
S000510,No,,24,,,
S000579,Not found,,0,,,
S000583,No,,23,,,
S000586,No,,3,,,
S000587,No,,2,,,
S000597,Yes,service,12,"served as captain, military intelligence, U.S. Air Force, 1959-61",CDIR-1997-06-04,
S000601,No,,1,,,
S000607,No,,5,,,
S000662,No,,1,,,
S000663,No,,23,,,
S000672,Yes,service,15,"corporal, U.S. Marine Corps, 1967-69, including one year in Vietnam with Headquarters Company, First Marine Division",CDIR-1997-06-04,
S000673,No,,4,,,
S000675,Yes,service,7,"served in the U.S. Marine Corps, 1951-59",CDIR-1997-06-04,
S000718,Yes,service,10,"enlisted as a recruit in Naval Reserves [[Page 264]] when in high school, commissioned upon graduation from college, served aboard U.S.S. Carter Hall (LSD-3) and U.S.S. LSM-397 in European, Arctic, Atlantic and Caribbean theaters of operations, retired as captain",CDIR-1997-06-04,
S000762,No,,3,,,
S000770,No,,23,,,"Reviewed 2026-10-07: source error. The 2024 directory's text drops a page, so her biography runs into Gary Peters's, whose Navy Reserve service was picked up."
S000779,No,,3,,,
S000795,No,,5,,,
S000852,No,,4,,,
S000888,Yes,service,20,"military service: served as a first lieutenant (pilot), 1943-46",CDIR-2001-12-07,
S000890,Not found,,0,,,
S000907,Not found,,0,,,
S000929,No,,3,,,
S000962,Not found,,0,,,
S000991,Not found,,0,,,
S001044,Yes,service,12,"served in the U.S. Navy, 1943-46",CDIR-1997-06-04,
S001045,No,,17,,,
S001142,No,,14,,,
S001144,No,,17,,,
S001145,No,,23,,,
S001147,No,,5,,,
S001148,No,,23,,,
S001150,No,,20,,,
S001151,Yes,service,6,"military service: U.S. Navy, 1964- 88, retired with the rank of Captain",CDIR-2001-12-07,
S001152,Yes,service,8,"military service: U.S. Army, 1965-69",CDIR-2001-12-07,
S001153,No,,10,,,
S001155,No,,11,,,
S001157,No,,18,,,
S001158,Yes,service,5,"professional: served in the U.S. Army, 1973-1976",CDIR-2005-07-11,
S001161,No,,2,,,
S001162,No,,7,,,
S001164,No,,4,,,
S001165,No,,10,,,
S001167,No,,2,,,
S001172,No,,12,,,
S001174,No,,4,,,
S001175,No,,8,,,
S001176,No,,10,,,
S001178,No,,1,,,
S001179,No,,3,,,
S001180,No,,8,,,
S001181,No,,10,,,
S001183,No,,9,,,
S001184,No,,9,,,
S001187,Yes,service,6,"lieutenant colonel, Ohio Army National Guard, 1988-present",CDIR-2011-12-01,
S001188,No,,4,,,
S001189,No,,9,,,
S001191,No,,7,,,
S001194,No,,8,,,
S001195,No,,8,,,
S001199,No,,6,,,
S001200,No,,6,,,
S001214,Yes,service,4,"military: United States Army Airborne Infantry Officer and Judge Advocate General's Corps, Captain, 2004-08",CDIR-2020-07-22,
S001218,No,,3,,,
S001223,No,,2,,,
S001226,No,,2,,,
S001227,No,,2,,,
S001228,No,,1,,,
S001230,No,,1,,,
T000024,No,,12,,,
T000034,No,,3,,,
T000038,Yes,service,18,"served, U.S. Navy, lieutenant, 1968-72",CDIR-1997-06-04,
T000048,No,,1,,,
T000053,No,,3,,,
T000058,No,,17,,,
T000067,No,,14,,,
T000074,Yes,service,17,"U.S. Coast Guard Reserves, 1971-84, first class petty officer, search and rescue boat skipper",CDIR-1997-06-04,
T000113,Yes,service,2,"served in the U.S. Marine Corps, 1963-67",CDIR-1993-06-25,
T000162,Yes,service,15,"served in the U.S. Marine Corps, captain, 1955-59",CDIR-1997-06-04,
T000165,No,,4,,,
T000188,No,,18,,,
T000200,Not found,,0,,,
T000253,No,,8,,,
T000254,Yes,service,12,"member, President's Commission on Organized Crime and Commission on the Bicentennial of the Constitution. Military service: Reserve officer for 36 years",CDIR-1997-06-04,
T000260,No,,16,,,
T000314,No,,2,,,
T000356,Yes,service,5,"served in the U.S. Army, 1953-55",CDIR-1981-04-01,
T000424,Yes,service,10,"captain, U.S. Army",CDIR-1997-06-04,
T000458,No,,13,,,
T000460,Yes,service,23,"U.S. Army, 1969-72",CDIR-1999-06-15,
T000462,No,,14,,,
T000464,No,,11,,,
T000468,No,,9,,,
T000469,No,,10,,,
T000470,No,,6,,,
T000473,No,,1,,,
T000474,No,,7,,,
T000476,No,,7,,,
T000477,No,,2,,,
T000478,Yes,service,5,"family: one son, serving in the U.S. Marine Corps",CDIR-2018-07-27,
T000479,Yes,service,2,"military: United States Marine Corps, Officer 2nd Lieutenant-Major, Marine Officer, Captain",CDIR-2020-07-22,
T000480,Yes,service,4,"military: First Lieutenant, South Carolina Air National Guard, 2018- present",CDIR-2020-07-22,
T000481,No,,4,,,
T000487,No,,2,,,
T000488,No,,2,,,
T000489,Not found,,0,,,
U000017,No,,2,,,
U000038,No,,16,,,
V000027,No,,5,,,
V000087,No,,11,,,
V000112,Yes,service,7,"served in the U.S. Army, 1955-57",CDIR-1981-04-01,
V000126,No,,14,,,
V000127,No,,17,,,
V000128,No,,18,,,
V000129,No,,7,,,
V000130,No,,8,,,
V000131,No,,8,,,
V000133,No,,4,,,
W000038,Not found,,0,,,
W000092,Yes,service,5,"served in the U.S. Army, 1955-57",CDIR-1981-04-01,
W000139,No,,1,,,
W000177,No,,1,,,
W000180,Yes,service,2,"first sergeant, U.S. Air Force Engineers, 1942-46",CDIR-1981-04-01,
W000187,No,,26,,,
W000194,Yes,service,10,"served in Oklahoma Air National Guard, 1961-67",CDIR-1981-04-01,Reviewed 2026-10-07: kept. Specific service statement (Oklahoma Air National Guard 1961-67) in two editions.
W000207,No,,18,,,
W000215,No,,23,,,
W000273,No,,15,,,
W000314,No,,15,,,
W000315,No,,4,,,
W000326,No,,5,,,
W000390,Yes,service,1,"during World War II served in the U.S. Marines in the Pacific theater as a Japanese interpreter-rifleman in the campaigns of Bougainville, Guam, and Iwo Jima",CDIR-1981-04-01,
W000413,Yes,service,19,"first lieutenant, U.S. Army Reserves, 1967-73",CDIR-1997-06-04,
W000426,No,,4,,,
W000428,No,,6,,,
W000437,Yes,service,25,"U.S. Air Force, 1976-80",CDIR-1997-06-04,
W000520,Yes,service,7,"U.S. Army, 1960-61",CDIR-1981-04-01,
W000570,Yes,service,6,"served in the U.S. Navy, 1956-60, with rank of lieutenant",CDIR-1981-04-01,
W000571,Not found,,0,,,
W000607,Yes,service,3,"served in U.S. Marine Corps as infantry officer, 1955-58",CDIR-1983-03-31,
W000654,No,,7,,,
W000682,No,,5,,,
W000763,Yes,service,4,"enlisted as a private in the United States Army in December 1941, flew combat missions in B-24s in South Pacific, awarded D.F.C. and Legion of Merit",CDIR-1981-04-01,
W000777,Not found,,0,,,
W000784,No,,16,,,
W000788,No,,3,,,
W000791,No,,20,,,
W000794,No,,11,,,
W000795,Yes,service,19,"military service: U.S. Army Reserves, 1972-1975",CDIR-2002-10-01,
W000796,No,,8,,,
W000797,No,,14,,,
W000798,No,,11,,,
W000800,No,,12,,,
W000801,No,,3,,,
W000804,No,,10,,,
W000806,No,,9,,,
W000808,No,,9,,,
W000813,No,,5,,,
W000814,No,,8,,,
W000820,No,,3,,,
W000821,Yes,service,7,"elected to the 114th Congress on November 4, 2014. [[Page 18]] Office Listings http://westerman.house.gov 130 Cannon House Office Building, Washington, DC 20515. (202) 225-3772 Chief of Staff.--Vivian Moeglein. FAX: 225-1314 Legislative Director.--Jonathan Shuffield. Communications Director.--Ryan Saylor. National Parks Service Headquarters, 101 Reserve (501) 609-9796 Street, Suite 200, Hot Springs, AR 71901.............. District Director.--Jason McGehee. George Howard Jr. Federal Building, 100 East 8th (870) 536-8178 Avenue, Room 2521, Pine Bluff, AR 71601............... Franklin County Courthouse, 211 W Commercial St, Ozark, (501) 295-9752 AR 72949.............................................. Union County Courthouse, Suite 406, 101 North (870) 864-8946 Washington Street, El Dorado, AR 71730................ Counties: Ashley, Bradley, Calhoun, Clark, Cleveland, Columbia, Crawford, Dallas, Drew, Franklin, Garland, Grant, Hempstead, Hot Spring, Howard, Jefferson, Johnson, Lafayette, Little River, Logan, Madison, Miller, Montgomery, Nevada, Newton (part), Ouachita, Pike, Polk, Scott, Sebastian, Sevier, Union, and Yell. Population (2010), 717,926. ZIP Codes: 71601-03, 71631, 71635, 71638, 71642, 71644, 71646-47, 71651- 52, 71655, 71658-61, 71663, 71665, 71667, 71670-71, 71675-77, 71701, 71711, 71720, 71722, 71724-26, 71730, 71740, 71742-45, 71747, 71751-53, 71758-59, 71762-66, 71770, 71772, 71801, 71820, 71822-23, 71825-27, 71832-39, 71841-42, 71845-47, 71851-55, 71857-62, 71865-66, 71901, 71909, 71913, 71921-23, 71929, 71933, 71935, 71937, 71940-41, 71943-45, 71949-50, 71952-53, 71956-62, 71964-65, 71968-73, 71998-99, 72004, 72015, 72025, 72046, 72057, 72065, 72079, 72084, 72087, 72104, 72128-29, 72132, 72150, 72152, 72167-68, 72175, 72601, 72624, 72628, 72632, 72638, 72641, 72648, 72655, 72666, 72670, 72703, 72721, 72727, 72738, 72740, 72742, 72752, 72756, 72760, 72773, 72776, 72821, 72824, 72826-28, 72830, 72832-35, 72838-42, 72845-47, 72851-57, 72860, 72863, 72865, 72921, 72926-28, 72930, 72933-38, 72940-41, 72943- 47, 72949-51, 72956, 72958-59 [[Page 19]]",CDIR-2016-02-12,
W000822,No,,7,,,
W000825,No,,3,,,
Y000014,No,,4,,,
Y000031,No,,22,,,
Y000033,Yes,service,27,"U.S. Army, 41st Tank Battalion, 1955-57",CDIR-1997-06-04,
Y000047,Not found,,0,,,
Y000051,Yes,service,3,"served in the U.S. Army, 1943-45",CDIR-1981-04-01,
Y000063,No,,5,,,
Y000066,No,,3,,,
Z000001,No,,2,,,
Z000008,No,,2,,,
Z000017,No,,5,,,
Z000018,Yes,service,3,"military service: SEAL officer, U.S. Navy, 1986–2008 (retired with rank of Commander)",CDIR-2024-04-25,Reviewed 2026-10-07: kept. Specific service statement in the directory's military service field.
