Name,State,District,StateLegChamber,StateLegYears,StateLegTerms,HouseYears,HouseCongresses,HouseTerms,BillsIntroducedHouse,BillsIntroducedStateLeg,Notes/Sources
Ray Roberts,Texas,4,Texas Senate,1955-1961,2 terms (approx),1962-1981,87th-96th Congress,~10 terms,N/A - congress.gov/govtrack blocked in this environment,N/A,Verified via en.wikipedia.org/wiki/Ray_Roberts_(politician) and en.wikipedia.org/wiki/Texas%27s_4th_congressional_district; preceded Ralph Hall in TX-4; TX Senate 9th district
Jim Mattox,Texas,5,Texas House of Representatives,1973-1977,2 terms,1977-1983,95th-97th Congress,3 terms,N/A - congress.gov/govtrack blocked in this environment,N/A,Verified via en.wikipedia.org/wiki/Jim_Mattox; TX House 33-K district; later TX Attorney General (not counted - not House/Senate)
John Bryant,Texas,5,Texas House of Representatives,1974-1983; 2023-present (2nd stint),5 terms (1974-83) plus current term(s) since 2023,1983-1997,98th-104th Congress,7 terms,N/A - congress.gov/govtrack blocked in this environment,"88 (LOWER BOUND: LegiScan-sourced state bill sponsorships since its coverage begins for TX; this person's state legislative service started before that window, see legiscan_coverage_gap_analysis.csv)",Verified via en.wikipedia.org/wiki/John_Bryant_(Texas_politician); unusual case - returned to TX House in 2023 after US House career; TX House district 33-L then 114
Bob Eckhardt,Texas,8,Texas House of Representatives,1958-1966,4 terms,1967-1981,90th-96th Congress,7 terms,N/A - congress.gov/govtrack blocked in this environment,N/A,Verified via en.wikipedia.org/wiki/Bob_Eckhardt; authored Texas Open Beaches Act while in state house
Jack Hightower,Texas,13,Texas House of Representatives; Texas Senate,1953-1955 (House); 1965-1974 (Senate districts 23 then 30),TX House 1 term; TX Senate ~3 terms,1975-1985,94th-98th Congress,5 terms,N/A - congress.gov/govtrack blocked in this environment,N/A,Verified via en.wikipedia.org/wiki/Jack_Hightower; lost seat to Beau Boulter (R) 1984 - Boulter did not serve in TX legislature per his Wikipedia page
Bill Sarpalius,Texas,13,Texas Senate,1980-1989,2 terms (approx),1989-1995,101st-103rd Congress,3 terms,N/A - congress.gov/govtrack blocked in this environment,N/A,Verified via en.wikipedia.org/wiki/Bill_Sarpalius; three-term US House member per Mac Thornberry bio cross-check
Joseph P. Wyatt Jr.,Texas,14,Texas House of Representatives,1971-1979,4 terms,1979-1981,96th Congress,1 term,N/A - congress.gov/govtrack blocked in this environment,N/A,Verified via en.wikipedia.org/wiki/Joseph_P._Wyatt_Jr.; TX House districts 43 then 40; single US House term overlapping window start
Mickey Leland,Texas,18,Texas House of Representatives,1973-1979,3 terms,1979-1989 (died in office - plane crash),96th-101st Congress,6 terms,N/A - congress.gov/govtrack blocked in this environment,N/A,Verified via en.wikipedia.org/wiki/Mickey_Leland; TX House district 88; died Aug 7 1989 in Ethiopia plane crash while in office
Craig Washington,Texas,18,Texas House of Representatives; Texas Senate,1973-1982 (House district 86); 1983-1989 (Senate district 13),TX House ~5 terms; TX Senate ~2 terms,1989-1995,101st-103rd Congress,3 terms,N/A - congress.gov/govtrack blocked in this environment,N/A,"Verified via en.wikipedia.org/wiki/Craig_Washington; part of the ""People's Five"" first single-member-district TX House cohort in 1972"
Henry B. Gonzalez,Texas,20,Texas Senate,1956-1961,1 term (plus reelection before resigning to run for Congress),1961-1999,87th-105th Congress,~19 terms,N/A - congress.gov/govtrack blocked in this environment,N/A,Verified via en.wikipedia.org/wiki/Henry_B._Gonz%C3%A1lez; famous 36-hour anti-segregation filibuster while TX Senator; father of Charlie Gonzalez (who did NOT serve in TX legislature)
Frank Tejeda,Texas,28,Texas House of Representatives; Texas Senate,1976-1987 (House); 1987-1993 (Senate),TX House ~5 terms; TX Senate ~1.5 terms,1993-1997 (died in office),103rd-105th Congress,2 terms,N/A - congress.gov/govtrack blocked in this environment,N/A,Verified via en.wikipedia.org/wiki/Frank_Tejeda; died Jan 30 1997 shortly after being reelected; first TX-28 representative
Ciro Rodriguez,Texas,28 (1997-2005); 23 (2007-2011),Texas House of Representatives,1987-1997,5 terms,1997-2005; 2007-2011,105th-108th Congress; 110th-111th Congress,6 terms total,N/A - congress.gov/govtrack blocked in this environment,N/A,Verified via en.wikipedia.org/wiki/Ciro_Rodriguez; TX House district 118; won TX-28 special election 1997 after Tejeda's death; later won TX-23 unseating Henry Bonilla in 2006
Henry Cuellar,Texas,28,Texas House of Representatives,1987-2001,7 terms,2005-present,109th-119th Congress,11 terms,N/A - congress.gov/govtrack blocked in this environment,N/A,Verified via en.wikipedia.org/wiki/Henry_Cuellar; represented Laredo area in TX House; still serving as of Aug 2026
Eddie Bernice Johnson,Texas,30,Texas House of Representatives; Texas Senate,1973-1977 (House district 33); 1987-1993 (Senate district 23),TX House 2 terms; TX Senate 3 terms,1993-2023,103rd-117th Congress,15 terms,N/A - congress.gov/govtrack blocked in this environment,N/A,Verified via en.wikipedia.org/wiki/Eddie_Bernice_Johnson; first Black woman elected to TX Senate from Dallas
Jasmine Crockett,Texas,30,Texas House of Representatives,2021-2023,1 term (district 100),2023-present,118th-119th Congress,2 terms,N/A - congress.gov/govtrack blocked in this environment,"214 (state bill sponsorships, primary/sponsor only, via LegiScan)",Verified via en.wikipedia.org/wiki/Jasmine_Crockett; succeeded Eddie Bernice Johnson in TX-30
Charlie Wilson,Texas,2,Texas House of Representatives; Texas Senate,1961-1963 (House); 1963-1967 (Senate),TX House 1 term; TX Senate ~2 terms,1973-1997,93rd-104th Congress,12 terms,N/A - congress.gov/govtrack blocked in this environment,N/A,"Verified via en.wikipedia.org/wiki/Charlie_Wilson_(Texas_politician); subject of ""Charlie Wilson's War""; exact TX Senate end date per infobox differs slightly from other sources (1967 vs 1972) - flagged for possible minor discrepancy"
Sam Johnson,Texas,3,Texas House of Representatives,1985-1991,3 terms (district 60),1991-2019,102nd-115th Congress,14 terms,N/A - congress.gov/govtrack blocked in this environment,N/A,Verified via en.wikipedia.org/wiki/Sam_Johnson; former POW Vietnam War; succeeded Steve Bartlett in TX-3
Van Taylor,Texas,3,Texas House of Representatives; Texas Senate,2010-2015 (House district 66); 2015-2019 (Senate district 8),TX House ~2.5 terms; TX Senate 2 terms,2019-2023,116th-117th Congress,2 terms,N/A - congress.gov/govtrack blocked in this environment,"532 (state bill sponsorships, primary/sponsor only, via LegiScan)",Verified via en.wikipedia.org/wiki/Van_Taylor; succeeded Ken Paxton in TX Senate D8; did not seek re-election to US House in 2022
Ralph Hall,Texas,4,Texas Senate,1963-1973,~2-3 terms (approx),1981-2015,97th-113th Congress,17 terms,N/A - congress.gov/govtrack blocked in this environment,N/A,Verified via en.wikipedia.org/wiki/Ralph_Hall; elected to TX Senate seat vacated by Ray Roberts; oldest sitting House member at time of retirement; switched parties (D to R) in 2004
Jim Turner,Texas,2,Texas House of Representatives; Texas Senate,1981-1984 (House); 1991-1996 (Senate),TX House ~1.5 terms; TX Senate ~2.5 terms,1997-2005,105th-108th Congress,4 terms,N/A - congress.gov/govtrack blocked in this environment,N/A,Verified via en.wikipedia.org/wiki/Jim_Turner_(politician); also served as Mayor of Crockett TX 1989-1991 (not counted)
Pat Fallon,Texas,4,Texas House of Representatives; Texas Senate,2013-2019 (House district 106); 2019-2021 (Senate district 30),TX House 3 terms; TX Senate 1 term,2021-present,117th-119th Congress,3 terms,N/A - congress.gov/govtrack blocked in this environment,"774 (state bill sponsorships, primary/sponsor only, via LegiScan)",Verified via en.wikipedia.org/wiki/Pat_Fallon; defeated incumbent Craig Estes in TX Senate primary
Lance Gooden,Texas,5,Texas House of Representatives,2011-2015; 2017-2019,3 non-consecutive terms (district 4),2019-present,116th-119th Congress,4 terms,N/A - congress.gov/govtrack blocked in this environment,"235 (state bill sponsorships, primary/sponsor only, via LegiScan)",Verified via en.wikipedia.org/wiki/Lance_Gooden; lost 2014 GOP primary but returned to TX House in 2016 before running for US House
Jake Ellzey,Texas,6,Texas House of Representatives,January-July 2021,partial/1 term (district 10),2021-present,117th-119th Congress,3 terms,N/A - congress.gov/govtrack blocked in this environment,"86 (state bill sponsorships, primary/sponsor only, via LegiScan)",Verified via en.wikipedia.org/wiki/Jake_Ellzey; resigned TX House seat mid-2021 after winning special election for TX-6 (Ron Wright's seat after his death)
Bill Archer,Texas,7,Texas House of Representatives,1967-1971,2 terms,1971-2001,92nd-106th Congress,15 terms,N/A - congress.gov/govtrack blocked in this environment,N/A,Verified via en.wikipedia.org/wiki/Bill_Archer; switched from Democrat to Republican in TX House in Dec 1967; chaired Ways and Means Committee
John Culberson,Texas,7,Texas House of Representatives,1987-2001,7 terms (district 130),2001-2019,107th-115th Congress,9 terms,N/A - congress.gov/govtrack blocked in this environment,N/A,Verified via en.wikipedia.org/wiki/John_Culberson; began TX House service while still in law school; became TX House Minority Whip 1999
Kevin Brady,Texas,8,Texas House of Representatives,1991-1997,3 terms (district 15),1997-2022,105th-117th Congress,13 terms,N/A - congress.gov/govtrack blocked in this environment,N/A,Verified via en.wikipedia.org/wiki/Kevin_Brady; chaired House Ways and Means Committee; succeeded Jack Fields (who did not serve in TX legislature)
Jack Brooks,Texas,2 (1953-1967); 9 (1967-1995),Texas House of Representatives,1947-1951,2 terms (district 16-1),1953-1995,83rd-103rd Congress,21 terms,N/A - congress.gov/govtrack blocked in this environment,N/A,Verified via en.wikipedia.org/wiki/Jack_Brooks_(American_politician); same continuous seat renumbered from TX-2 to TX-9 in 1966 redistricting; chaired House Judiciary Committee
Craig Goldman,Texas,12,Texas House of Representatives,2013-2025,6 terms (district 97),2025-present,119th Congress,1 term,N/A - congress.gov/govtrack blocked in this environment,"456 (state bill sponsorships, primary/sponsor only, via LegiScan)",Verified via en.wikipedia.org/wiki/Craig_Goldman; was TX House Majority Leader Jan 2023-Apr 2024; succeeded Kay Granger (who did not serve in TX legislature)
Bill Patman,Texas,14,Texas Senate,1961-1981,5 terms (district 18),1981-1985,97th-98th Congress,2 terms,N/A - congress.gov/govtrack blocked in this environment,N/A,Verified via en.wikipedia.org/wiki/Bill_Patman; son of longtime US Rep Wright Patman
Kika de la Garza,Texas,15,Texas House of Representatives,1953-1965,6 terms,1965-1997,89th-104th Congress,16 terms,N/A - congress.gov/govtrack blocked in this environment,N/A,Verified via en.wikipedia.org/wiki/Kika_de_la_Garza; chaired House Agriculture Committee
Richard C. White,Texas,16,Texas House of Representatives,1955-1959,2 terms (district 105-3),1965-1983,89th-97th Congress,9 terms,N/A - congress.gov/govtrack blocked in this environment,N/A,Verified via en.wikipedia.org/wiki/Richard_C._White
Ronald D. Coleman,Texas,16,Texas House of Representatives,1973-1983,5 terms (district 72-B),1983-1997,98th-104th Congress,7 terms,N/A - congress.gov/govtrack blocked in this environment,N/A,Verified via en.wikipedia.org/wiki/Ronald_D._Coleman
Kent Hance,Texas,19,Texas Senate,1975-1979,1 term (district 28),1979-1985,96th-98th Congress,3 terms,N/A - congress.gov/govtrack blocked in this environment,N/A,"Verified via en.wikipedia.org/wiki/Kent_Hance; defeated incumbent H.J. ""Doc"" Blanchard for TX Senate seat in 1974"
Joaquin Castro,Texas,20,Texas House of Representatives,2003-2013,5 terms (district 125),2013-present,113th-119th Congress,7 terms,N/A - congress.gov/govtrack blocked in this environment,"191 (LOWER BOUND: LegiScan-sourced state bill sponsorships since its coverage begins for TX; this person's state legislative service started before that window, see legiscan_coverage_gap_analysis.csv)",Verified via en.wikipedia.org/wiki/Joaquin_Castro; twin brother of Julian Castro (HUD Secretary/presidential candidate)
Lamar Smith,Texas,21,Texas House of Representatives,1983-1985,1 term (district 57),1987-2019,100th-115th Congress,16 terms,N/A - congress.gov/govtrack blocked in this environment,N/A,Verified via en.wikipedia.org/wiki/Lamar_Smith; chaired House Judiciary and later Science committees
Tom DeLay,Texas,22,Texas House of Representatives,1979-1985,3 terms (district 21),1985-2006 (resigned amid indictment),99th-109th Congress,11 terms,N/A - congress.gov/govtrack blocked in this environment,N/A,"Verified via en.wikipedia.org/wiki/Tom_DeLay; ""The Hammer""; first Republican to represent Fort Bend County in TX House; House Majority Leader"
Abraham Kazen Jr.,Texas,23,Texas House of Representatives; Texas Senate,1947-1953 (House); 1953-1967 (Senate),TX House 3 terms; TX Senate ~3.5 terms,1967-1985,90th-98th Congress,9 terms,N/A - congress.gov/govtrack blocked in this environment,N/A,Verified via en.wikipedia.org/wiki/Abraham_Kazen; TX Senate president pro tempore 1959
Pete Gallego,Texas,23,Texas House of Representatives,1991-2013,11 terms (district 68/74),2013-2015,113th Congress,1 term,N/A - congress.gov/govtrack blocked in this environment,"457 (LOWER BOUND: LegiScan-sourced state bill sponsorships since its coverage begins for TX; this person's state legislative service started before that window, see legiscan_coverage_gap_analysis.csv)",Verified via en.wikipedia.org/wiki/Pete_Gallego; longest-serving state legislator in this list before reaching Congress; lost re-election to Will Hurd in 2014
Kenny Marchant,Texas,24,Texas House of Representatives,1987-2004,~8 terms,2005-2021,109th-116th Congress,8 terms,N/A - congress.gov/govtrack blocked in this environment,N/A,Verified via en.wikipedia.org/wiki/Kenny_Marchant
Gene Green,Texas,29,Texas House of Representatives; Texas Senate,1973-1985 (House district 140); 1985-1993 (Senate),TX House 6 terms; TX Senate 2 terms,1993-2019,103rd-115th Congress,13 terms,N/A - congress.gov/govtrack blocked in this environment,N/A,Verified via en.wikipedia.org/wiki/Gene_Green
Sylvia Garcia,Texas,29,Texas Senate,2013-2018,1 term (district 6; resigned before term end),2019-present,116th-119th Congress,4 terms,N/A - congress.gov/govtrack blocked in this environment,"366 (state bill sponsorships, primary/sponsor only, via LegiScan)",Verified via en.wikipedia.org/wiki/Sylvia_Garcia; resigned TX Senate seat effective Nov 9 2018 after winning US House election
Julie Johnson,Texas,32,Texas House of Representatives,2019-2025,3 terms (district 115),2025-present,119th Congress,1 term,N/A - congress.gov/govtrack blocked in this environment,"236 (state bill sponsorships, primary/sponsor only, via LegiScan)",Verified via en.wikipedia.org/wiki/Julie_Johnson_(politician); succeeded Colin Allred in TX-32
Marc Veasey,Texas,33,Texas House of Representatives,2005-2013,4 terms (district 95),2013-present,113th-119th Congress,7 terms,N/A - congress.gov/govtrack blocked in this environment,"190 (LOWER BOUND: LegiScan-sourced state bill sponsorships since its coverage begins for TX; this person's state legislative service started before that window, see legiscan_coverage_gap_analysis.csv)",Verified via en.wikipedia.org/wiki/Marc_Veasey
Lloyd Doggett,Texas,10 (1995-2005); 25 (2005-2013); 35 (2013-2023); 37 (2023-present),Texas Senate,1973-1985,3 terms,1995-present,104th-119th Congress,16 terms,N/A - congress.gov/govtrack blocked in this environment,N/A,"Verified via en.wikipedia.org/wiki/Lloyd_Doggett; part of ""Killer Bees"" TX Senate walkout 1979; represented four different district numbers due to repeated redistricting while never losing his seat; announced will not seek re-election in 2026 if new map upheld"
Sylvester Turner,Texas,18,Texas House of Representatives,1989-2016,14 terms (district 139),January-March 2025 (died in office),119th Congress,1 term (partial - died 61 days into term),N/A - congress.gov/govtrack blocked in this environment,"253 (LOWER BOUND: LegiScan-sourced state bill sponsorships since its coverage begins for TX; this person's state legislative service started before that window, see legiscan_coverage_gap_analysis.csv)",Verified via en.wikipedia.org/wiki/Sylvester_Turner; former Houston Mayor 2016-2024 (not counted); died March 5 2025 shortly after taking US House seat
