Name,BioguideId,StateAbbr,StateLegMinYear,StateLegMaxYear,LegiScanCoverageStart,GapCategory,YearsMissingFromLegiScan
John Bryant,B000997,TX,1974,2023,2009,partially_before_coverage,35
Roy Dyson,D000593,MD,1975,2015,2010,partially_before_coverage,35
James Barcia,B000134,MI,1977,2011,2009,partially_before_coverage,32
Dwight Evans,E000296,PA,1981,2016,2007,partially_before_coverage,26
Peter Barca,B001226,WI,1985,2019,2009,partially_before_coverage,24
Rick Berg,B001272,ND,1985,2010,2009,partially_before_coverage,24
Brad Ashford,A000373,NE,1987,2015,2009,partially_before_coverage,22
Cleo Fields,F000110,LA,1988,2025,2010,partially_before_coverage,22
Jeb Bradley,B001246,NH,1990,2024,2010,partially_before_coverage,20
Sylvester Turner,T000489,TX,1989,2016,2009,partially_before_coverage,20
Hansen Clarke,C001085,MI,1991,2010,2009,partially_before_coverage,18
Troy Carter,C001125,LA,1992,2021,2010,partially_before_coverage,18
Pete Gallego,G000572,TX,1991,2013,2009,partially_before_coverage,18
Joseph Morelle,M001206,NY,1991,2018,2009,partially_before_coverage,18
Glenn Grothman,G000576,WI,1993,2015,2009,partially_before_coverage,16
Mark Takai,T000473,HI,1994,2014,2010,partially_before_coverage,16
Alma Adams,A000370,NC,1994,2014,2009,partially_before_coverage,15
Alan Nunnelee,N000186,MS,1995,2011,2010,partially_before_coverage,15
Mike Bost,B001295,IL,1995,2015,2009,partially_before_coverage,14
Tim Burchett,B001309,TN,1995,2010,2009,partially_before_coverage,14
Scott Fitzgerald,F000471,WI,1995,2021,2009,partially_before_coverage,14
Morgan Griffith,G000568,VA,1994,2011,2008,partially_before_coverage,14
Evan Jenkins,J000297,WV,1994,2014,2008,partially_before_coverage,14
Erik Paulsen,P000594,MN,1995,2009,2009,partially_before_coverage,14
Michelle Fischbach,F000470,MN,1996,2018,2009,partially_before_coverage,13
Nellie Pou,P000621,NJ,1997,2025,2010,partially_before_coverage,13
Austin Scott,S001189,GA,1996,2011,2009,partially_before_coverage,13
Mark Amodei,A000369,NV,1997,2011,2009,partially_before_coverage,12
Herb Conaway,C001136,NJ,1998,2025,2010,partially_before_coverage,12
Adriano Espaillat,E000297,NY,1997,2016,2009,partially_before_coverage,12
Debbie Halvorson,H001044,IL,1997,2009,2009,partially_before_coverage,12
Colleen Hanabusa,H001050,HI,1998,2010,2010,partially_before_coverage,12
Tim Huelskamp,H001057,KS,1997,2011,2009,partially_before_coverage,12
Frederica Wilson,W000808,FL,1998,2010,2010,partially_before_coverage,12
Bonnie Watson Coleman,W000822,NJ,1998,2015,2010,partially_before_coverage,12
Scott Brown,B001268,MA,1998,2010,2009,partially_before_coverage,11
Lou Correa,C001110,CA,1998,2014,2009,partially_before_coverage,11
Andy Harris,H001052,MD,1999,2011,2010,partially_before_coverage,11
Alex Mooney,M001195,MD,1999,2011,2010,partially_before_coverage,11
Diane Black,B001273,TN,1999,2010,2009,partially_before_coverage,10
Aaron Bean,B001314,FL,2000,2022,2010,partially_before_coverage,10
Kay Hagan,H001049,NC,1999,2009,2009,partially_before_coverage,10
Randy Hultgren,H001059,IL,1999,2011,2009,partially_before_coverage,10
Cindy Hyde-Smith,H001079,MS,2000,2012,2010,partially_before_coverage,10
Mark Pocan,P000607,WI,1999,2013,2009,partially_before_coverage,10
Mary Peltola,P000619,AK,1999,2009,2009,partially_before_coverage,10
Cedric Richmond,R000588,LA,2000,2011,2010,partially_before_coverage,10
Thomas Kean Jr.,K000398,NJ,2001,2022,2010,partially_before_coverage,9
Juan Vargas,V000130,CA,2000,2013,2009,partially_before_coverage,9
Steve Austria,A000365,OH,1999,2008,2007,partially_before_coverage,8
Sandy Adams,A000366,FL,2002,2010,2010,partially_before_coverage,8
Joyce Beatty,B001281,OH,1999,2008,2007,partially_before_coverage,8
James Comer,C001108,KY,2001,2012,2009,partially_before_coverage,8
David Rivera,R000590,FL,2002,2010,2010,partially_before_coverage,8
Derek Schmidt,S001228,KS,2001,2011,2009,partially_before_coverage,8
Jeff Van Drew,V000133,NJ,2002,2018,2010,partially_before_coverage,8
Andy Biggs,B001302,AZ,2003,2017,2010,partially_before_coverage,7
Doug LaMalfa,L000578,CA,2002,2012,2009,partially_before_coverage,7
Marlin Stutzman,S001188,IN,2003,2010,2010,partially_before_coverage,7
John Boccieri,B001263,OH,2001,2008,2007,partially_before_coverage,6
Joaquin Castro,C001091,TX,2003,2013,2009,partially_before_coverage,6
Ben Cline,C001118,VA,2002,2018,2008,partially_before_coverage,6
Jeff Duncan,D000615,SC,2003,2010,2009,partially_before_coverage,6
Brad Finstad,F000475,MN,2003,2009,2009,partially_before_coverage,6
Tom Graves,G000560,GA,2003,2010,2009,partially_before_coverage,6
Bill Huizenga,H001058,MI,2003,2009,2009,partially_before_coverage,6
Robert Hurt,H001060,VA,2002,2011,2008,partially_before_coverage,6
Jon Husted,H001104,OH,2001,2011,2007,partially_before_coverage,6
John Moolenaar,M001194,MI,2003,2015,2009,partially_before_coverage,6
Tim Moore,M001236,NC,2003,2025,2009,partially_before_coverage,6
Dan Newhouse,N000189,WA,2003,2009,2009,partially_before_coverage,6
Deborah Ross,R000305,NC,2003,2013,2009,partially_before_coverage,6
Jean Schmidt,S001164,OH,2001,2022,2007,partially_before_coverage,6
Karen Bass,B001270,CA,2004,2010,2009,partially_before_coverage,5
Russ Fulcher,F000469,ID,2005,2014,2010,partially_before_coverage,5
Cory Gardner,G000562,CO,2005,2011,2010,partially_before_coverage,5
Maggie Hassan,H001076,NH,2005,2010,2010,partially_before_coverage,5
Kyrsten Sinema,S001191,AZ,2005,2012,2010,partially_before_coverage,5
Jason Smith,S001195,MO,2005,2013,2010,partially_before_coverage,5
Jackie Walorski,W000813,IN,2005,2010,2010,partially_before_coverage,5
Buddy Carter,C001103,GA,2005,2014,2009,partially_before_coverage,4
Ted Deutch,D000610,FL,2006,2010,2010,partially_before_coverage,4
Tom Emmer,E000294,MN,2005,2011,2009,partially_before_coverage,4
Deb Fischer,F000463,NE,2005,2013,2009,partially_before_coverage,4
Mike Flood,F000474,NE,2005,2022,2009,partially_before_coverage,4
Bob Gibbs,G000563,OH,2003,2009,2007,partially_before_coverage,4
Steven Horsford,H001066,NV,2005,2013,2009,partially_before_coverage,4
Derek Kilmer,K000381,WA,2005,2012,2009,partially_before_coverage,4
Raul Labrador,L000573,ID,2006,2010,2010,partially_before_coverage,4
Ted Lieu,L000582,CA,2005,2014,2009,partially_before_coverage,4
Barry Loudermilk,L000583,GA,2005,2013,2009,partially_before_coverage,4
George Latimer,L000606,NY,2005,2017,2009,partially_before_coverage,4
Ralph Norman,N000190,SC,2005,2017,2009,partially_before_coverage,4
Johnny Olszewski,O000176,MD,2006,2015,2010,partially_before_coverage,4
Steven Palazzo,P000601,MS,2006,2011,2010,partially_before_coverage,4
Jimmy Patronis,P000622,FL,2006,2014,2010,partially_before_coverage,4
Aaron Schock,S001179,IL,2005,2009,2009,partially_before_coverage,4
Steve Stivers,S001187,OH,2003,2008,2007,partially_before_coverage,4
Jill Tokuda,T000487,HI,2006,2018,2010,partially_before_coverage,4
Marc Veasey,V000131,TX,2005,2013,2009,partially_before_coverage,4
Mimi Walters,W000820,CA,2005,2015,2009,partially_before_coverage,4
Suzanne Bonamici,B001278,OR,2007,2012,2010,partially_before_coverage,3
Julia Brownley,B001285,CA,2006,2012,2009,partially_before_coverage,3
Paul Cook,C001094,CA,2006,2012,2009,partially_before_coverage,3
Mark DeSaulnier,D000623,CA,2006,2015,2009,partially_before_coverage,3
Jared Huffman,H001068,CA,2006,2012,2009,partially_before_coverage,3
Ruben Kihuen,K000390,NV,2006,2016,2009,partially_before_coverage,3
Kristi Noem,N000184,SD,2007,2010,2010,partially_before_coverage,3
Bob Onder,O000177,MO,2007,2023,2010,partially_before_coverage,3
Alex Padilla,P000145,CA,2006,2014,2009,partially_before_coverage,3
Jamie Raskin,R000606,MD,2007,2016,2010,partially_before_coverage,3
Darren Soto,S001200,FL,2007,2016,2010,partially_before_coverage,3
Cliff Bentz,B000668,OR,2008,2020,2010,partially_before_coverage,2
Doug Collins,C001093,GA,2007,2013,2009,partially_before_coverage,2
Jaime Herrera Beutler,H001056,WA,2007,2011,2009,partially_before_coverage,2
Hakeem Jeffries,J000294,NY,2007,2012,2009,partially_before_coverage,2
Mick Mulvaney,M001182,SC,2007,2011,2009,partially_before_coverage,2
Carol Miller,M001205,WV,2006,2018,2008,partially_before_coverage,2
Jennifer McClellan,M001227,VA,2006,2023,2008,partially_before_coverage,2
Mark Messmer,M001233,IN,2008,2024,2010,partially_before_coverage,2
Laura Richardson,R000581,CA,2007,2026,2009,partially_before_coverage,2
Thom Tillis,T000476,NC,2007,2015,2009,partially_before_coverage,2
Eric Burlison,B001316,MO,2009,2023,2010,partially_before_coverage,1
Katherine Clark,C001101,MA,2008,2013,2009,partially_before_coverage,1
Elizabeth Esty,E000293,CT,2009,2011,2010,partially_before_coverage,1
Val Hoyle,H001094,OR,2009,2017,2010,partially_before_coverage,1
Steve Knight,K000387,CA,2008,2014,2009,partially_before_coverage,1
Debbie Lesko,L000589,AZ,2009,2018,2010,partially_before_coverage,1
Ben McAdams,M001209,UT,2009,2013,2010,partially_before_coverage,1
Steve Russell,R000604,OK,2009,2013,2010,partially_before_coverage,1
Eric Schmitt,S001227,MO,2009,2017,2010,partially_before_coverage,1
Scott Tipton,T000470,CO,2009,2011,2010,partially_before_coverage,1
Norma Torres,T000474,CA,2008,2014,2009,partially_before_coverage,1
Justin Amash,A000367,MI,2009,2011,2009,fully_within_coverage,0
Kelly Armstrong,A000377,ND,2012,2018,2009,fully_within_coverage,0
Stephanie Bice,B000740,OK,2014,2020,2010,fully_within_coverage,0
Max Burns,B001249,GA,2021,2021,2009,fully_within_coverage,0
Brendan Boyle,B001296,PA,2009,2015,2007,fully_within_coverage,0
Jim Banks,B001299,IN,2010,2016,2010,fully_within_coverage,0
Troy Balderson,B001306,OH,2009,2018,2007,fully_within_coverage,0
Jim Baird,B001307,IN,2010,2018,2010,fully_within_coverage,0
Mike Braun,B001310,IN,2014,2017,2010,fully_within_coverage,0
Dan Bishop,B001311,NC,2015,2019,2009,fully_within_coverage,0
Josh Brecheen,B001317,OK,2010,2018,2010,fully_within_coverage,0
Becca Balint,B001318,VT,2015,2023,2009,fully_within_coverage,0
Tom Barrett,B001321,MI,2019,2023,2009,fully_within_coverage,0
Michael Baumgartner,B001322,WA,2011,2019,2009,fully_within_coverage,0
Janelle Bynum,B001326,OR,2017,2025,2010,fully_within_coverage,0
Barbara Comstock,C001105,VA,2010,2014,2008,fully_within_coverage,0
Jasmine Crockett,C001130,TX,2021,2023,2009,fully_within_coverage,0
Yadira Caraveo,C001134,CO,2019,2023,2010,fully_within_coverage,0
Byron Donalds,D000032,FL,2016,2020,2010,fully_within_coverage,0
Don Davis,D000230,NC,2009,2023,2009,fully_within_coverage,0
Madeleine Dean,D000631,PA,2012,2018,2007,fully_within_coverage,0
Maxine Dexter,D000635,OR,2020,2024,2010,fully_within_coverage,0
Jake Ellzey,E000071,TX,2021,2021,2009,fully_within_coverage,0
Chuck Edwards,E000246,NC,2016,2023,2009,fully_within_coverage,0
Joni Ernst,E000295,IA,2011,2014,2009,fully_within_coverage,0
Gabe Evans,E000300,CO,2023,2025,2010,fully_within_coverage,0
Sarah Elfreth,E000301,MD,2019,2025,2010,fully_within_coverage,0
Pat Fallon,F000246,TX,2013,2021,2009,fully_within_coverage,0
Randy Feenstra,F000446,IA,2009,2021,2009,fully_within_coverage,0
Abby Finkenauer,F000467,IA,2015,2019,2009,fully_within_coverage,0
Russell Fry,F000478,SC,2015,2022,2009,fully_within_coverage,0
Vince Fong,F000480,CA,2016,2024,2009,fully_within_coverage,0
Laura Friedman,F000483,CA,2016,2024,2009,fully_within_coverage,0
Randy Fine,F000484,FL,2016,2025,2010,fully_within_coverage,0
Ruben Gallego,G000574,AZ,2011,2014,2010,fully_within_coverage,0
Matt Gaetz,G000578,FL,2010,2016,2010,fully_within_coverage,0
Tom Garrett,G000580,VA,2011,2016,2008,fully_within_coverage,0
Jimmy Gomez,G000585,CA,2012,2017,2009,fully_within_coverage,0
Sylvia Garcia,G000587,TX,2013,2018,2009,fully_within_coverage,0
Lance Gooden,G000589,TX,2011,2019,2009,fully_within_coverage,0
Mark Green,G000590,TN,2013,2018,2009,fully_within_coverage,0
Jared Golden,G000592,ME,2014,2018,2009,fully_within_coverage,0
Andrew Garbarino,G000597,NY,2013,2020,2009,fully_within_coverage,0
Craig Goldman,G000601,TX,2013,2025,2009,fully_within_coverage,0
Adam Gray,G000605,CA,2012,2022,2009,fully_within_coverage,0
Cresent Hardy,H001070,NV,2010,2014,2009,fully_within_coverage,0
Yvette Herrell,H001084,NM,2011,2019,2010,fully_within_coverage,0
Ashley Hinson,H001091,IA,2017,2021,2009,fully_within_coverage,0
Erin Houchin,H001093,IN,2014,2022,2010,fully_within_coverage,0
Pramila Jayapal,J000298,WA,2015,2016,2009,fully_within_coverage,0
Mike Johnson,J000299,LA,2015,2017,2010,fully_within_coverage,0
Jeff Jackson,J000308,NC,2014,2023,2009,fully_within_coverage,0
Julie Johnson,J000310,TX,2019,2025,2009,fully_within_coverage,0
Fred Keller,K000395,PA,2011,2019,2007,fully_within_coverage,0
Kai Kahele,K000396,HI,2016,2020,2010,fully_within_coverage,0
Young Kim,K000397,CA,2014,2016,2009,fully_within_coverage,0
Jen Kiggans,K000399,VA,2020,2022,2008,fully_within_coverage,0
Sydney Kamlager-Dove,K000400,CA,2018,2022,2009,fully_within_coverage,0
Kevin Kiley,K000401,CA,2016,2022,2009,fully_within_coverage,0
Tim Kennedy,K000402,NY,2011,2024,2009,fully_within_coverage,0
Mike Kennedy,K000403,UT,2013,2025,2010,fully_within_coverage,0
Jake LaTurner,L000266,KS,2013,2017,2009,fully_within_coverage,0
Darin LaHood,L000585,IL,2011,2015,2009,fully_within_coverage,0
Mike Lawler,L000599,NY,2021,2022,2009,fully_within_coverage,0
Summer Lee,L000602,PA,2019,2022,2007,fully_within_coverage,0
Nancy Mace,M000194,SC,2018,2020,2009,fully_within_coverage,0
Nicole Malliotakis,M000317,NY,2011,2020,2009,fully_within_coverage,0
Grace Meng,M001188,NY,2009,2012,2009,fully_within_coverage,0
Donald McEachin,M001200,VA,2008,2017,2008,fully_within_coverage,0
Barry Moore,M001212,AL,2010,2018,2010,fully_within_coverage,0
Mariannette Miller-Meeks,M001215,IA,2019,2021,2009,fully_within_coverage,0
Jared Moskowitz,M001217,FL,2012,2019,2010,fully_within_coverage,0
Morgan McGarvey,M001220,KY,2012,2023,2009,fully_within_coverage,0
Kevin Mullin,M001225,CA,2012,2022,2009,fully_within_coverage,0
Ryan Mackenzie,M001230,PA,2012,2024,2007,fully_within_coverage,0
John Mannion,M001231,NY,2021,2025,2009,fully_within_coverage,0
Kelly Morrison,M001234,MN,2019,2024,2009,fully_within_coverage,0
Riley Moore,M001235,WV,2017,2019,2008,fully_within_coverage,0
Kristen McDonald Rivet,M001237,MI,2023,2025,2009,fully_within_coverage,0
Sarah McBride,M001238,DE,2021,2025,2009,fully_within_coverage,0
John McGuire,M001239,VA,2018,2025,2008,fully_within_coverage,0
Dave Min,M001241,CA,2020,2024,2009,fully_within_coverage,0
Donald Norcross,N000188,NJ,2010,2014,2010,fully_within_coverage,0
Zach Nunn,N000193,IA,2015,2023,2009,fully_within_coverage,0
Wiley Nickel,N000194,NC,2019,2023,2009,fully_within_coverage,0
Jay Obernolte,O000019,CA,2014,2020,2009,fully_within_coverage,0
Ilhan Omar,O000173,MN,2017,2019,2009,fully_within_coverage,0
Scott Perry,P000605,PA,2007,2012,2007,fully_within_coverage,0
Brittany Pettersen,P000620,CO,2013,2023,2010,fully_within_coverage,0
Matt Rosendale,R000103,MT,2011,2021,2009,fully_within_coverage,0
Guy Reschenthaler,R000610,PA,2015,2019,2007,fully_within_coverage,0
Delia Ramirez,R000617,IL,2018,2022,2009,fully_within_coverage,0
Luz Rivas,R000620,CA,2018,2024,2009,fully_within_coverage,0
Emily Randall,R000621,WA,2019,2024,2009,fully_within_coverage,0
Victoria Spartz,S000929,IN,2017,2020,2010,fully_within_coverage,0
Tim Scott,S001184,SC,2009,2011,2009,fully_within_coverage,0
Greg Steube,S001214,FL,2010,2018,2010,fully_within_coverage,0
Melanie Stansbury,S001218,NM,2019,2021,2010,fully_within_coverage,0
Emilia Sykes,S001223,OH,2015,2022,2007,fully_within_coverage,0
Andrea Salinas,S001226,OR,2017,2023,2010,fully_within_coverage,0
Suhas Subramanyam,S001230,VA,2020,2025,2008,fully_within_coverage,0
Tom Tiffany,T000165,WI,2011,2020,2009,fully_within_coverage,0
Scott Taylor,T000477,VA,2014,2017,2008,fully_within_coverage,0
Claudia Tenney,T000478,NY,2011,2016,2009,fully_within_coverage,0
Van Taylor,T000479,TX,2010,2019,2009,fully_within_coverage,0
William Timmons,T000480,SC,2016,2018,2009,fully_within_coverage,0
Rashida Tlaib,T000481,MI,2009,2015,2009,fully_within_coverage,0
Shri Thanedar,T000488,MI,2021,2023,2009,fully_within_coverage,0
David Valadao,V000129,CA,2010,2012,2009,fully_within_coverage,0
Nikema Williams,W000788,GA,2017,2021,2009,fully_within_coverage,0
Bruce Westerman,W000821,AR,2011,2015,2010,fully_within_coverage,0
Jennifer Wexton,W000825,VA,2014,2019,2008,fully_within_coverage,0
David Young,Y000066,IA,2023,2023,2009,fully_within_coverage,0
Ryan Zinke,Z000018,MT,2009,2013,2009,fully_within_coverage,0
