BioguideId,Name,StateAbbr,Verdict,StateLegChamber,StateLegYears,Notes
B001262,Paul Broun,GA,FALSE_POSITIVE,,,"Namesake — GA state senator (1963-2001) was his father Paul C. Broun Sr., per Wikipedia."
F000464,John Faso,NY,CONFIRMED,House,1987-2002,"Wikipedia: NY Assembly (102nd district) 1987-2002, Minority Leader 1998-2002, then US House 2017-2019."
W000038,Alton Waldon,NY,CONFIRMED,House,1983-1986,"Wikipedia: NY Assembly 1983-1986, then won special election to US House in 1986."
R000569,Thomas Reynolds,NY,CONFIRMED,House,1989-1998,"Wikipedia: NY Assembly (147th district) 1989-1998, Minority Leader 1995-1998, then US House starting 1999."
O000085,John Olver,MA,CONFIRMED,House;Senate,1969-1991,"Wikipedia: MA House 1969-1973, then MA Senate 1973-1991, resigned to join US House."
M001123,Raphael Musto,PA,CONFIRMED,House;Senate,1971-2010,"Wikipedia: PA House 1971-1980, then briefly US House 1980-1981 (special election, lost bid for full term), then PA Senate 1982-2010."
E000033,Fred Eckert,NY,CONFIRMED,Senate,1973-1982,"Wikipedia: NY State Senate (54th district) 1973-1982, then US House 1985-1987."
C000488,William Clay,MO,FALSE_POSITIVE,,,"Wikipedia shows Clay was a St. Louis alderman (1959-1964) and union official before Congress, not a Missouri state legislator; no evidence he is the same person as the Klarner state-legislature match."
K000180,Carolyn Kilpatrick,MI,CONFIRMED,House,1979-1996,"Wikipedia: Michigan House of Representatives 1979-1996, then US House starting 1997."
Q000016,Jack Quinn,NY,FALSE_POSITIVE,,,"Namesake — NY Assembly member with same name was his son Jack Quinn III, per Wikipedia; Jack Quinn himself went from Hamburg town supervisor directly to US House (1993-2005)."
M001221,Marcus Molinaro,NY,CONFIRMED,House,2007-2011,"Wikipedia: NY State Assembly (103rd district) 2007-2011, later Dutchess County Executive, then US House starting 2023."
B001235,Henry Brown,SC,CONFIRMED,House,1985-2001,"Wikipedia: SC House of Representatives (99th district) 1985-2001, then US House starting 2001."
M001214,Frank Mrvan,IN,FALSE_POSITIVE,,,"Namesake — Indiana State Senator (1978-1995, 1998-2022) was his father Frank E. Mrvan; Frank J. Mrvan himself was North Township trustee before Congress."
M001044,Ronald Mottl,OH,CONFIRMED,Senate;House,1967-1974;1987-1997,"Wikipedia: OH Senate 1967-1974 (before Congress), then US House 1975-1982, then OH House 1987-1997 (after Congress)"
F000387,Dan Frisa,NY,CONFIRMED,Assembly,1985-1992,"Wikipedia: NY State Assembly 1985-1992, then US House 1995-1997"
L000521,William Luther,MN,CONFIRMED,House;Senate,1975-1995,"Wikipedia: MN House 1975-1977 and MN Senate 1977-1995, then US House 1995-2002"
F000462,Lois Frankel,FL,CONFIRMED,House,1986-1992;1994-2002,"Wikipedia: FL House 1986-1992 and 1994-2002 (Minority Leader), then US House starting 2013"
B000083,Alvin Baldus,WI,CONFIRMED,Assembly,1967-1975;1989-1997,Wikipedia: WI State Assembly 1967-1975 (before Congress) and 1989-1997 (after Congress)
W000121,William Wampler,VA,FALSE_POSITIVE,,,"Wikipedia confirms the Congressman (William C. Wampler Sr., US House 1953-1955 & 1967-1983) did not serve in the VA legislature; the VA Senate service (1988-2012) belongs to his son, William C. Wampler Jr., a different person"
C000322,Eugene Chappie,CA,CONFIRMED,Assembly,1964-1980,"Wikipedia: CA State Assembly 1964-1980, then US House starting 1981"
S000662,Vincent Snowbarger,KS,CONFIRMED,House,1985-1997,"Wikipedia: KS House of Representatives 1985-1997 (Majority Leader 1992-1996), then US House starting 1997"
S000094,Thomas Sawyer,OH,CONFIRMED,House,1977-1983,"Wikipedia: OH House of Representatives 1977-1983, then Akron mayor 1984-1986, then US House starting 1987"
J000289,Jim Jordan,OH,CONFIRMED,House;Senate,1995-2006,"Wikipedia: OH House 1995-2000 and OH Senate 2000-2006, then US House starting 2007"
L000579,Alan Lowenthal,CA,CONFIRMED,Assembly;Senate,1998-2012,"Wikipedia: CA State Assembly 1998-2004 and CA State Senate 2004-2012, then US House starting 2013"
S000473,John Slack,WV,FALSE_POSITIVE,,,"Wikipedia bio (detailed) shows no state legislature service by John M. Slack Jr. (county court 1948-52, county assessor 1952-58, then US House 1959-1980); Klarner years 1976-1980 fall entirely within his sitting Congress term, making same-person service impossible - likely a different/unrelated John Slack in Klarner data"
E000084,William Edwards,AL,FALSE_POSITIVE,,,"Wikipedia bio for Jack Edwards (William Jackson Edwards, US House 1965-1984) shows no Alabama state legislature service (only law practice/civic roles before Congress); Klarner years 1970/1974/1978 fall within his sitting Congress term, making same-person service impossible - likely a different William Edwards in Klarner data"
L000566,Robert Latta,OH,CONFIRMED,Senate;House,1997-2007,"Wikipedia: OH Senate 1997-2001 then OH House 2001-2007, then US House from Dec 2007 (same person)."
M000466,Paul McHale,PA,CONFIRMED,House,1983-1991,"Wikipedia: PA House of Representatives 1983 to Feb 1991 (resigned for Gulf War duty), then US House from 1993."
S001178,Mark Schauer,MI,CONFIRMED,House;Senate,1997-2009,"Wikipedia: MI House 1997-2002, MI Senate 2003-2009 (Senate Minority Leader), then US House from 2009."
F000262,Harold Ford,TN,FALSE_POSITIVE,,,"Namesake — Klarner's TN House win years (1970;1972) belong to his father Harold Ford Sr. (TN House 1971-1975, then US House from 1975); Harold Ford Jr. (US House from 1997, born 1970) never served in the TN legislature per Wikipedia."
S001155,John Sullivan,OK,CONFIRMED,House,1995-2002,"Wikipedia: Oklahoma House of Representatives 1995-2002 (minority whip), then US House from 2002."
J000256,Walter Jones,NC,CONFIRMED,House;Senate,1955-1959;1965,"Bioguide/history.house.gov confirm J000256 = Walter B. Jones SR. (not Jr.), who entered US House in 1966. Wikipedia: Jones Sr. served NC House 1955-1959 and NC Senate 1965, so he is independently confirmed. Note the batch's cited Klarner years (1984-1990) actually match his son Walter B. Jones Jr.'s NC House service (1982-1992, Bioguide J000255) — a different person — so treat those specific years as a namesake mismatch even though Sr. himself is a genuine confirmed case."
F000332,Jon Fox,PA,CONFIRMED,House,1985-1992,"Wikipedia: PA House of Representatives 1985-1992, then US House from 1995."
D000609,Steve Driehaus,OH,CONFIRMED,House,2001-2009,"Wikipedia: Ohio House of Representatives 2001-2009 (Minority Whip 2005-2007), then US House from 2009."
S001145,Janice Schakowsky,IL,CONFIRMED,House,1991-1998,"Wikipedia: Illinois House of Representatives Jan 1991-Dec 1998, then US House from 1999."
H001099,Mike Haridopolos,FL,CONFIRMED,House;Senate,2000-2012,"Wikipedia: FL House 2000-2003, FL Senate 2003-2012 (Senate President 2010-2012), then US House from 2025."
L000192,Gary Lee,NY,CONFIRMED,Assembly,1975-1978,"Wikipedia: NY State Assembly 1975-1978 (128th/112th district era), then US House from 1979."
A000052,Joseph Addabbo,NY,FALSE_POSITIVE,,,"Namesake — Klarner's NY Senate win years (2008;2010) belong to his son Joseph P. Addabbo Jr. (elected NY State Senate 2008, a different person); Joseph P. Addabbo Sr. (US House from 1961) went directly from law practice to Congress per Wikipedia, with no evidence of state legislature service."
M000174,David Martin,NY,CONFIRMED,Assembly,1977-1980,"Wikipedia/history.house.gov: David O'Brien Martin was a member of the NY State Assembly 1977-1980 (112th district), then US House from 1981."
P000170,Donald Pease,OH,CONFIRMED,House;Senate,1969-1977,"Wikipedia: OH House 1969-1975, OH Senate 1975-1977, then US House starting 1977 (same person)."
C000633,Barbara-Rose Collins,MI,CONFIRMED,House,1975-1981,"Wikipedia: MI House 21st district 1975-1981, then US House starting 1991 (same person)."
B000177,Thomas Barrett,WI,CONFIRMED,House;Senate,1984-1993,"Wikipedia: WI Assembly 1984-1989, WI Senate 1989-1993, then US House starting 1993 (same person)."
H001031,Joseph Hoeffel,PA,CONFIRMED,House,1977-1984,"Wikipedia: PA House 153rd district 1977-1984, then US House starting 1999 (same person)."
S001161,John Schwarz,MI,CONFIRMED,Senate,1987-2002,"Wikipedia: MI Senate 1987-2002, then US House starting 2005 (same person, aka Joe Schwarz)."
Y000063,Kevin Yoder,KS,CONFIRMED,House,2003-2011,"Wikipedia: KS House 20th district 2003-2011, then US House starting 2011 (same person)."
S000579,Joseph Smith,PA,CONFIRMED,Senate,1971-1981,"Wikipedia (Joseph F. Smith): PA Senate 4th district 1971 to July 1981, then US House via special election July 1981 (same person)."
C001064,John Campbell,CA,CONFIRMED,House;Senate,2000-2005,"Wikipedia: CA Assembly 2000-2004, CA Senate 2004-2005, then US House starting 2005 (same person)."
J000135,Harold Johnson,CA,CONFIRMED,Senate,1949-1959,"Wikipedia (Harold 'Bizz' Johnson): CA Senate 1949-1959, then US House starting 1958 (same person)."
M001132,Michael Myers,PA,CONFIRMED,House,1971-1976,"Wikipedia: PA House 184th district 1971 to Nov 1976, then US House via special election Nov 1976 (same person, 'Ozzie' Myers)."
D000603,Geoff Davis,KY,FALSE_POSITIVE,,,Namesake/different person -- Geoff Davis born 1958 (age 13-17 during Klarner-matched years 1971/1975); no evidence of KY state legislature service by this individual per Wikipedia.
B001293,Mike Bishop,MI,CONFIRMED,Senate,2003-2011,"Wikipedia: MI Senate 12th district 2003-2011 (Senate Majority Leader 2007-2010), then US House starting 2015 (same person)."
R000308,Clint Roberts,SD,CONFIRMED,Senate,1972-1978,"Wikipedia: SD Senate 1972-1978, then US House starting 1981 (same person)."
M001226,Robert Menendez,NJ,FALSE_POSITIVE,,,"Wikipedia: Rob Menendez Jr. (US Rep since 2023) never served in NJ state legislature; the NJ Assembly 1987-1991 match is his father Robert Menendez Sr. (bioguide M000639), a different person."
S000409,Mark Siljander,MI,CONFIRMED,House,1977-1981,"Wikipedia: Michigan House of Representatives 42nd district 1977-1981, then US House starting 1981."
E000031,Dennis Eckart,OH,CONFIRMED,House,1975-1980,"Wikipedia: Ohio House of Representatives 18th district 1975-1980, then US House starting 1983."
F000059,Edward Feighan,OH,CONFIRMED,House,1973-1978,"Wikipedia: Ohio House of Representatives 8th district 1973-1978, then US House starting 1983."
M000432,Bob McEwen,OH,CONFIRMED,House,1975-1980,"Wikipedia: Ohio House of Representatives 77th district 1975-1980, then US House starting 1981."
M000684,Jan Meyers,KS,CONFIRMED,Senate,1972-1984,"Wikipedia: Kansas Senate 1972-1984, then US House starting 1985."
T000314,Peter Torkildsen,MA,CONFIRMED,House,1985-1991,"Wikipedia: Massachusetts House of Representatives 13th Essex district 1985-1991, then US House starting 1993."
B000644,Robert Borski,PA,CONFIRMED,House,1977-1982,"Wikipedia: Pennsylvania House of Representatives 175th district 1977-1982, then US House starting 1983."
C001073,Donald Cazayoux,LA,CONFIRMED,House,1999-2008,"Wikipedia: Louisiana House of Representatives District 18, elected 1999, served through May 2008 when he entered US House."
S001153,Hilda Solis,CA,CONFIRMED,Assembly;Senate,1992-2000,"Wikipedia: California State Assembly 1992-1994, then California State Senate 1994-2000, then US House starting 2001."
Z000017,Lee Zeldin,NY,CONFIRMED,Senate,2011-2014,"Wikipedia: New York State Senate 3rd district 2011-2014, then US House starting 2015."
M001144,Jeff Miller,FL,CONFIRMED,House,1998-2001,"Wikipedia: Florida House of Representatives 1st district 1998-2001, then US House starting 2001."
B001063,Jim Bunn,OR,CONFIRMED,Senate,1987-1994,"Wikipedia: Oregon State Senate 15th district 1987 until election to Congress in 1994; note brothers Stan and Tom Bunn also served in Oregon legislature, but this is Jim Bunn's own service."
J000110,Christopher John,LA,CONFIRMED,House,1988-1996,"Wikipedia: LA House 42nd district 1988-1996, then US House 1997-2005 (same Chris John)"
B000517,Lucien Blackwell,PA,CONFIRMED,House,1973-1975,"Wikipedia: PA House 188th district 1973-1975, then Phila. City Council 1976-1991, then US House 1991-1995"
P000323,Charles Pickering,MS,FALSE_POSITIVE,,,"Namesake — MS State Senate 1972-1980 was served by his father Charles W. Pickering Sr. (per Wikipedia), not by the congressman Chip Pickering Jr."
W000814,Randy Weber,TX,CONFIRMED,House,2009-2013,"Wikipedia: TX House 29th district Jan 2009-Jan 2013, then US House starting 2013"
R000603,David Rouzer,NC,CONFIRMED,Senate,2009-2013,"Wikipedia: NC State Senate 12th district Jan 2009-Jan 2013, then US House starting 2015"
B000862,William Brodhead,MI,CONFIRMED,House,1971-1975,"Wikipedia: MI House (17th then 2nd district) 1971-1975, then US House starting 1975"
D000446,Charles Dougherty,PA,CONFIRMED,Senate,1972-1979,"Wikipedia: PA State Senate 5th district 1972-1979, then US House starting 1979"
K000190,Thomas Kindness,OH,CONFIRMED,House,1971-1974,"Wikipedia: OH House 58th district 1971-1974, then US House starting 1975"
B000648,Douglas Bosco,CA,CONFIRMED,Assembly,1978-1982,"Wikipedia: CA State Assembly 2nd district Dec 1978-Dec 1982, then US House starting 1983"
S000143,Bill Schuette,MI,CONFIRMED,Senate,1995-2003,"Wikipedia: US House 1985-1991 FIRST, then MI State Senate 35th district 1995-2003 (elected 1994, reelected 1998) — same person, state service came after Congress"
W000426,Robert Whittaker,KS,CONFIRMED,House,1974-1977,"Wikipedia: KS House 77th district 1974-1977 (Bob Whittaker), then US House starting 1979"
S000146,Richard Schulze,PA,CONFIRMED,House,1970-1974,"Wikipedia: PA House two terms (elected 1970, 1972) before US House starting 1975 (Dick/Richard T. Schulze)"
S000407,Gerald Sikorski,MN,CONFIRMED,Senate,1977-1983,"Wikipedia: MN Senate 51st district Jan 1977-Jan 1983 (Gerry Sikorski), then US House starting 1983"
M000019,Connie Mack,FL,FALSE_POSITIVE,,,"Wikipedia: Connie Mack III's first office was US House in 1982/83; no FL legislature service. Klarner years (2000;2002) actually belong to his son Connie Mack IV, who served FL House 2000-2003 and is bioguide M001155 (different person)."
F000438,Sheila Frahm,KS,CONFIRMED,Senate,1989-1995,"Wikipedia: KS State Senate 1989-1995 (Senate Majority Leader 1993), appointed to US Senate in 1996."
K000357,Steven Kuykendall,CA,CONFIRMED,Assembly,1994-1998,"Wikipedia: CA State Assembly 1994-1998, then US House 1999-2001."
B000619,David Bonior,MI,CONFIRMED,House,1973-1976,"Wikipedia: Michigan House of Representatives 1973-1976, then US House starting January 1977."
O000107,Solomon Ortiz,TX,FALSE_POSITIVE,,,"Wikipedia: Ortiz's pre-Congress career was Nueces County constable/commissioner/sheriff; no evidence of TX state legislature service. Klarner match (2006;2008, during his own House tenure) is a different Ortiz."
M001155,Connie Mack,FL,CONFIRMED,House,2000-2003,"Wikipedia: FL House of Representatives (91st district) Nov 2000-Oct 2003, then US House 2005-2013 (this is Connie Mack IV)."
P000590,Mark Pryor,AR,CONFIRMED,House,1991-1995,"Wikipedia: Arkansas House of Representatives 1991-1995, then US Senate 2003-2015."
D000612,Jeff Denham,CA,CONFIRMED,Senate,2002-2010,"Wikipedia: CA State Senate (12th district) Dec 2002-Nov 2010, then US House 2011-2019."
P000588,Stevan Pearce,NM,CONFIRMED,House,1997-2001,"Wikipedia (Steve Pearce (politician)): NM House of Representatives (62nd district) 1997-2001, then US House 2003-2009 and 2011-2019."
C001128,Connie Conway,CA,CONFIRMED,Assembly,2008-2014,"Wikipedia: CA State Assembly 2008-2014, then US House June 2022-Jan 2023 (special election to replace Devin Nunes)."
J000304,Ronny Jackson,TX,FALSE_POSITIVE,,,Wikipedia: Jackson's career before Congress (elected 2020/2021) was entirely Navy medicine/White House physician; no TX state legislature service. Klarner year 1974 predates his adulthood (b. 1967); match is a namesake (weak match: only 1 first-name hit vs 26 last-name hits).
H000951,Gordon Humphrey,NH,CONFIRMED,Senate,1990-1992,"Wikipedia: Same person served US Senate 1979-1990, then NH State Senate (17th district) 1990-1992 after leaving federal office (order reversed from typical pattern, but confirmed same individual)."
Y000031,C. Young,FL,CONFIRMED,Senate,1961-1970,"Wikipedia (Bill Young (Florida politician)): FL Senate 1961-1970 (11th then 19th district), then US House 1971-2013."
C001051,John Carter,TX,FALSE_POSITIVE,,,"Wikipedia: no TX legislature service; was Williamson County district judge 1981-2001 then US House 2003, Klarner 1980 hit is a different John Carter"
H001035,Katherine Harris,FL,CONFIRMED,Senate,1994-1998,"Wikipedia: FL Senate 24th district 1994-1998, then FL Secretary of State, then US House 2003"
L000187,Raymond Lederer,PA,CONFIRMED,House,1973-1976,"Wikipedia: PA House 180th district 1973-1976, then US House 1977"
M000725,George Miller,CA,FALSE_POSITIVE,,,Namesake: Wikipedia says he lost a 1969 special election for his late father George Miller Sr.'s CA Senate seat and never served in the state legislature himself
S000776,Robert Stafford,VT,FALSE_POSITIVE,,,Wikipedia explicitly states Stafford 'is one of Vermont's few governors who did not serve in the legislature'; held AG/Lt.Gov/Gov instead
T000457,Fred Thompson,TN,FALSE_POSITIVE,,,"Wikipedia shows no TN legislature service; career was US Attorney, Watergate counsel, actor, then US Senate 1994 - Klarner 1968 hit is a different Fred Thompson"
S000213,Andrea Seastrand,CA,CONFIRMED,Assembly,1990-1994,"Wikipedia: CA Assembly 29th district 1990-1992 (won special election), then 33rd district 1992-1994, then US House 1995"
S000778,Harley Staggers,WV,FALSE_POSITIVE,,,Wikipedia: no WV legislature service found; was Mineral County sheriff 1937-1941 before winning US House in 1948
S000332,Karen Shepherd,UT,CONFIRMED,Senate,1990-1992,"Wikipedia: elected to Utah State Senate 1990, served two years before running for US House in 1992"
J000283,Jesse Jackson,IL,FALSE_POSITIVE,,,Wikipedia: Jesse Jackson Jr. never served in the Illinois General Assembly; went from civil-rights/DNC work directly to US House in 1995 - Klarner 1980 hit is a different Jesse Jackson
S001199,Lloyd Smucker,PA,CONFIRMED,Senate,2009-2016,"Wikipedia: PA State Senate 13th district Jan 2009-Nov 2016, then US House 2017"
C000261,John Cavanaugh,NE,CONFIRMED,Legislature,1973-1977,"Wikipedia (John Joseph Cavanaugh III): elected to Nebraska Legislature 9th district in 1972, served 1973-1977, then US House 1977-1981"
D000043,George Danielson,CA,CONFIRMED,Assembly;Senate,1963-1971,"Wikipedia: CA Assembly 48th district 1963-1967, then CA Senate 27th district 1967-1971, then US House 1971"
G000537,Tennyson Guyer,OH,CONFIRMED,Senate,1959-1972,"Wikipedia: OH State Senate 1959-1972 (2nd district), then US House 1973-1981"
A000076,Donald Albosta,MI,CONFIRMED,House,1974-1976,"Wikipedia: MI House 1974-1976 (86th district), then US House 1979-1985"
A000207,Ike Andrews,NC,CONFIRMED,Senate;House,1959-1971,"Wikipedia: NC Senate 1959, NC House 1961/1967/1969/1971, then US House 1973-1985"
M000635,John Melcher,MT,CONFIRMED,House;Senate,1960-1964,"Wikipedia: MT House elected 1960, MT Senate elected 1962, then US House 1969-1977 and US Senate 1977-1989"
O000001,Mary Oakar,OH,CONFIRMED,House,2000-2002,"Wikipedia: OH House 2000-2002, after earlier US House service 1977-1993; Klarner 2000 win matches this later state term"
C000737,Wes Cooley,OR,CONFIRMED,Senate,1993-1995,"Wikipedia: OR State Senate (28th district) Jan 1993-Jan 1995, then US House 1995-1997"
C000846,William Coyne,PA,CONFIRMED,House,1970-1972,"Wikipedia: PA House 1970-1972, then US House 1981-2003"
S001078,John Sununu,NH,FALSE_POSITIVE,,,Namesake — the 1972 NH House seat (Rockingham 5th) belonged to his father John H. Sununu (later NH Governor); John E. Sununu (US Senator) was born 1964 and never served in the NH legislature per Wikipedia
W000207,Melvin Watt,NC,CONFIRMED,Senate,1985-1987,"Wikipedia: NC Senate Jan 1985-Jan 1987, then US House 1993-2014"
