bioguide_id,name,state,state_leg_years,federal_years,federal_chamber
A000009,James Abdnor,South Dakota,1957-1969,1973-1981 (House); 1981-1987 (Senate),Both
A000014,Neil Abercrombie,Hawaii,1975-1979 (House); 1980-1986 (Senate),"1985-1987, 1991-2010",House
A000022,Gary Ackerman,New York,1979-1983,1983-2013,House
A000076,Donald Albosta,Michigan,1974-1976,1979-1985,House
A000109,Wayne Allard,Colorado,1983-1991,1991-1997 (House); 1997-2009 (Senate),Both
A000121,George Allen,Virginia,1983-1991,1991-1993 (House); 2001-2007 (Senate),Both
A000189,Glenn M. Anderson,California,1943-1951,1969-1993,House
A000207,Ike Andrews,North Carolina,1959-1971,1973-1985,House
A000211,Tom Andrews,Maine,1983-1985 (House); 1985-1990 (Senate),1991-1995,House
A000214,Douglas Applegate,Ohio,1961-1974,1977-1995,House
A000215,Bill Archer,Texas,1967-1971,1971-2001,House
A000219,William L. Armstrong,Colorado,House 1963-1964 (1 term); Senate 1964-1972,1973-1979 (House); 1979-1991 (Senate),Both
A000226,Chester Atkins,Massachusetts,1970-1984,1985-1993,House
A000337,Les AuCoin,Oregon,1971-1974,1975-1993,House
A000358,W. Akin,Missouri,1989-2001,2001-2013,House
A000361,Rodney Alexander,Louisiana,1988-2002,2003-2013,House
A000364,John Adler,New Jersey,1992-2009,2009-2011,House
A000365,Steve Austria,Ohio,1999-2008,2009-2013,House
A000366,Sandy Adams,Florida,2002-2010,2011-2013,House
A000367,Justin Amash,Michigan,2009-2011,2011-2021,House
A000369,Mark Amodei,Nevada,1997-2011,2011-present,House
A000370,Alma Adams,North Carolina,1994-2014,2014-present,House
A000373,Brad Ashford,Nebraska,1987-1995; 2007-2015,2015-2017,House
A000377,Kelly Armstrong,North Dakota,2012-2018,2019-2024,House
B000013,Spencer Bachus,Alabama,1982-1986,1993-2015,House
B000024,Robert Badham,California,1963-1976,1977-1989,House
B000029,Skip Bafalis,Florida,1964-1966; 1966-1970,1973-1983,House
B000047,Wendell Bailey,Missouri,1973-1981,1981-1983,House
B000072,Richard Baker,Louisiana,1972-1987,1987-2008,House
B000078,Bill Baker,California,1980-1992,1993-1997,House
B000081,John Baldacci,Maine,1982-1994 (Bangor-area district),1995-2003,House
B000083,Alvin Baldus,Wisconsin,1967-1975;1989-1997,1975-1981,House
B000104,Cass Ballenger,North Carolina,1975-1986,1986-2005,House
B000134,James Barcia,Michigan,1977-1993 (first stint); 2003-2011 (second stint),1993-2003,House
B000177,Thomas Barrett,Wisconsin,1984-1993,1993-2003,House
B000179,Bill Barrett,Nebraska,1979-1991,1991-2001,House
B000220,Charles Bass,New Hampshire,1982-1993,"1995-2007, 2011-2013",House
B000229,Herbert H. Bateman,Virginia,1968-1982 (14 years; representing Newport News),1983-2000,House
B000243,Max Baucus,Montana,1973-1975,1975-1978 (House); 1978-2014 (Senate),Both
B000244,Robert Bauman,Maryland,1971-1973,1973-1981,House
B000254,Birch Bayh,Indiana,1954-1962,1963-1981,Senate
B000279,Edward Beard,Rhode Island,1973-1975,1975-1981,House
B000287,Xavier Becerra,California,1990-1992,1993-2017,House
B000318,Anthony Beilenson,California,Assembly 1963-1967; Senate 1967-1977,1977-1997,House
B000363,Adam Benjamin Jr.,Indiana,1967-1971; 1971-1977,1977-1983,House
B000371,Charles Edward Bennett,Florida,1941-1942,1949-1993,House
B000403,Doug Bereuter,Nebraska,1975-1979,1979-2004,House
B000410,Howard Berman,California,1973-1982,1983-2013,House
B000431,Tom Bevill,Alabama,1958-1966,1967-1997,House
B000462,James Bilbray,Nevada,1981-1987,1987-1995,House
B000490,Sanford Bishop,Georgia,1977-1991; 1991-1993,1993-present,House
B000517,Lucien Blackwell,Pennsylvania,1973-1975,1991-1995,House
B000518,Rod Blagojevich,Illinois,1993-1997 (district 33),1997-2003,House
B000574,Earl Blumenauer,Oregon,1973-1979,1996-2025,House
B000576,Peter Blute,Massachusetts,1987-1993,1993-1997,House
B000589,John Boehner,Ohio,1985-1990 (Jan 3 1985 - Dec 31 1990),1991-2015,House
B000600,Edward Boland,Massachusetts,1935-1941,1953-1989,House
B000615,William Boner,Tennessee,1971-1979,1979-1987,House
B000619,David Bonior,Michigan,1973-1976,1977-2003,House
B000639,David Boren,Oklahoma,1967-1974,1979-1994,Senate
B000644,Robert Borski,Pennsylvania,1977-1982,1983-2003,House
B000648,Douglas Bosco,California,1978-1982,1983-1991,House
B000652,Leonard Boswell,Iowa,1985-1997,1997-2013,House
B000657,Rick Boucher,Virginia,1975-1982 (7 years),1983-2011,House
B000668,Cliff Bentz,Oregon,2008-2020,2021-present,House
B000716,Allen Boyd,Florida,1989-1996,1997-2011,House
B000740,Stephanie Bice,Oklahoma,2014-2020 (22nd district),2021-present,House
B000755,Kevin Brady,Texas,1991-1997,1997-2023,House
B000798,Joseph E. Brennan,Maine,1965-1971 (House; Portland district); 1973-1975 (Senate; 10th district),1987-1991,House
B000817,Bill Brewster,Oklahoma,1982-1990,1991-1997,House
B000839,Jack Brinkley,Georgia,1965-1966,1967-1983,House
B000862,William Brodhead,Michigan,1971-1975,1975-1983,House
B000880,Jack Brooks,Texas,1947-1951,1953-1995,House
B000890,William Broomfield,Michigan,1949-1956,1957-1993,House
B000897,Glen Browder,Alabama,1983-1986,1989-1997,House
B000911,Corrine Brown,Florida,1982-1992,1993-2017,House
B000918,George E. Brown Jr.,California,1959-1963,"1963-1971, 1973-1999",House
B000919,Hank Brown,Colorado,1972-1976,1981-1991 (House); 1991-1997 (Senate),Both
B000944,Sherrod Brown,Ohio,1975-1983 (elected 1974-1980),1993-2007 (House); 2007-2025 (Senate),Both
B000971,Terry L. Bruce,Illinois,1971-1984 (districts 55 then 54; Asst. Majority Leader 1975-1984),1985-1993,House
B000993,Richard Bryan,Nevada,1972-1978,1989-2001,Senate
B000997,John Bryant,Texas,1974-1983; 2023-present (2nd stint),1983-1997,House
B001036,Jack Buechner,Missouri,1972-1982,1987-1991,House
B001063,Jim Bunn,Oregon,1987-1994,1995-1997,House
B001066,Jim Bunning,Kentucky,1980-1984,1987-1999 (House); 1999-2011 (Senate),Both
B001080,Clair Burgener,California,Assembly 1963-1967; Senate 1967-1973,1973-1983,House
B001149,Dan Burton,Indiana,1966-1968; 1976-1980; 1968-1970; 1980-1982,1983-2013,House
B001153,John Burton,California,Assembly 1965-1974 & 1988-1996; Senate 1996-2004,1973-1983,House
B001156,Phillip Burton,California,1957-1964,1963-1983,House
B001182,M. Caldwell Butler,Virginia,1962-1972 (Minority Leader 1966-1972),1971-1983,House
B001209,Harry F. Byrd Jr.,Virginia,1948-1965,1965-1983,Senate
B001210,Robert Byrd,West Virginia,1947-1950 (House); 1950-1952 (Senate),1953-1959 (House); 1959-2010 (Senate),Both
B001213,Leslie Byrne,Virginia,VA House ~6 years (1985-1991); VA Senate 1999-2004 (1 term),1993-1995,House
B001226,Peter Barca,Wisconsin,1985-1993 (dist 64); 2009-2019 (dist 64; resigned Jan 2019),1993-1995,House
B001230,Tammy Baldwin,Wisconsin,1993-1999,1999-2013 (House); 2013-present (Senate),Both
B001231,Shelley Berkley,Nevada,1982-1984,1999-2013,House
B001232,Judy Biggert,Illinois,1993-1999 (district 81),1999-2013,House
B001234,Joe Baca,California,Assembly 1992-1998; Senate 1998-1999,1999-2013,House
B001235,Henry Brown,South Carolina,1985-2001,2001-2011,House
B001238,Frank Ballance,North Carolina,1983-2003,2003-2004,House
B001239,Gresham Barrett,South Carolina,1996-2002,2003-2011,House
B001243,Marsha Blackburn,Tennessee,1999-2003,2003-2019 (House); 2019-present (Senate),Both
B001246,Jeb Bradley,New Hampshire,1990-2002 (pre-Congress); 2009-2024 (post-Congress),2003-2007,House
B001247,Ginny Brown-Waite,Florida,1993-2003,2003-2011,House
B001249,Max Burns,Georgia,2021-present,2003-2005,House
B001250,Rob Bishop,Utah,1978-1994 (dist 61 1978-82; dist 2 1982-94; Speaker 1992-94),2003-2021,House
B001254,Dan Boren,Oklahoma,2002-2004 (28th district),2005-2013,House
B001256,Michele Bachmann,Minnesota,2001-2007,2007-2015,House
B001257,Gus Bilirakis,Florida,1998-2006,2007-present,House
B001261,John Barrasso,Wyoming,2003-2007,2007-present,Senate
B001263,John Boccieri,Ohio,2001-2008,2009-2011,House
B001268,Scott Brown,Massachusetts,1998-2010,2010-2013,Senate
B001270,Karen Bass,California,2004-2010,2011-2023,House
B001272,Rick Berg,North Dakota,1985-2010,2011-2013,House
B001273,Diane Black,Tennessee,TN House dist 45 1999-2005 (3 terms); TN Senate dist 18 2005-2010 (~1 term/5.5 yrs),2011-2019,House
B001274,Mo Brooks,Alabama,1982-1992,2011-2023,House
B001277,Richard Blumenthal,Connecticut,House 1984-1987; Senate 1987-1991,2011-present,Senate
B001278,Suzanne Bonamici,Oregon,2007-2012,2012-present,House
B001281,Joyce Beatty,Ohio,1999-2008,2013-present,House
B001285,Julia Brownley,California,2006-2012,2013-present,House
B001289,Bradley Byrne,Alabama,2002-2007 (partial term plus one term),2014-2021,House
B001293,Mike Bishop,Michigan,2003-2011,2015-2019,House
B001295,Mike Bost,Illinois,1995-2015 (district 115),2015-present,House
B001296,Brendan Boyle,Pennsylvania,2009-2015,2015-present,House
B001299,Jim Banks,Indiana,2010-2016,2017-2025 (House); 2025-present (Senate),Both
B001302,Andy Biggs,Arizona,2003-2011; 2011-2017,2017-present,House
B001304,Anthony Brown,Maryland,1999-2007,2017-2023,House
B001306,Troy Balderson,Ohio,2009-2018,2018-present,House
B001307,Jim Baird,Indiana,2010-2018,2019-present,House
B001309,Tim Burchett,Tennessee,TN House dist 18 1995-1998 (2 terms); TN Senate dist 7 1999-2010 (3 terms),2019-present,House
B001310,Mike Braun,Indiana,2014-2017,2019-2025,Senate
B001311,Dan Bishop,North Carolina,2015-2019,2019-2025,House
B001314,Aaron Bean,Florida,2000-2008; 2012-2022,2023-present,House
B001316,Eric Burlison,Missouri,2009-2023,2023-present,House
B001317,Josh Brecheen,Oklahoma,2010-2018,2023-present,House
B001318,Becca Balint,Vermont,2015-2023 (Windham County),2023-present,House
B001321,Tom Barrett,Michigan,2019-2023,2025-present,House
B001322,Michael Baumgartner,Washington,January 2011-January 2019; dist 6 (2 terms),2025-present,House
B001326,Janelle Bynum,Oregon,2017-2025,2025-present,House
C000052,Sonny Callahan,Alabama,1970-1982,1985-2003,House
C000071,Dave Camp,Michigan,1989-1991,1991-2015,House
C000077,Ben Nighthorse Campbell,Colorado,1983-1987,1987-1993 (House); 1993-2005 (Senate),Both
C000079,Carroll Campbell Jr.,South Carolina,1970-1974 (House); 1976-1978 (Senate; 2nd district),1979-1987,House
C000100,Tom Campbell,California,1993-1995,"1989-1993, 1995-2001",House
C000107,Charles Canady,Florida,1984-1990,1993-2001,House
C000127,Maria Cantwell,Washington,1987-1993,1993-1995 (House); 2001-present (Senate),Both
C000141,Ben Cardin,Maryland,1967-1987,1987-2007 (House); 2007-2025 (Senate),Both
C000191,Julia Carson,Indiana,1972-1976; 1976-1990,1997-2007,House
C000243,Michael N. Castle,Delaware,1967-1977,1993-2011,House
C000261,John Cavanaugh,Nebraska,1973-1977,1977-1981,House
C000293,Rod Chandler,Washington,January 1975-January 1983; dist 45 (~4 terms),1983-1993,House
C000321,Bill Chappell,Florida,1954-1964; 1966-1968,1969-1989,House
C000322,Eugene Chappie,California,1964-1980,1981-1987,House
C000356,Lawton Chiles,Florida,House 1958-1966; Senate 1966-1970,1971-1989,Senate
C000371,Shirley Chisholm,New York,1965-1968,1969-1983,House
C000462,James McClure Clarke,North Carolina,1976-1982,"1983-1985, 1987-1991",House
C000512,James Cleveland,New Hampshire,1950-1962,1963-1981,House
C000556,Howard Coble,North Carolina,1969-1971; 1979-1985,1985-2015,House
C000618,E. Thomas Coleman,Missouri,1972-1976,1975-1993,House
C000621,Ronald D. Coleman,Texas,1973-1983,1983-1997,House
C000633,Barbara-Rose Collins,Michigan,1975-1981,1991-1997,House
C000640,Mac Collins,Georgia,1989-1993,1993-2005,House
C000666,Barber Conable,New York,1963-1964,1965-1985,House
C000670,Gary Condit,California,1982-1989,1989-2003,House
C000709,Silvio Conte,Massachusetts,1951-1958,1959-1991,House
C000737,Wes Cooley,Oregon,1993-1995,1995-1997,House
C000813,Paul Coverdell,Georgia,1971-1989,1993-2000,Senate
C000846,William Coyne,Pennsylvania,1970-1972,1981-2003,House
C000858,Larry Craig,Idaho,1974-1980,1981-1991 (House); 1991-2009 (Senate),Both
C000880,Mike Crapo,Idaho,1984-1992,1993-1999 (House); 1999-present (Senate),Both
C000962,Barbara Cubin,Wyoming,WY House dist Natrona Co. 1987-1993 (~3 terms); WY Senate dist 29 1993-1995 (1 term),1995-2009,House
C000984,Elijah Cummings,Maryland,1983-1996,1996-2019,House
C001034,Max Cleland,Georgia,1971-1975,1997-2003,Senate
C001038,Joseph Crowley,New York,1987-1998,1999-2019,House
C001045,Ander Crenshaw,Florida,1972-1978; 1986-1994,2001-2017,House
C001046,Eric Cantor,Virginia,1992-January 2001; dist 73 (~4-5 terms),2001-2014,House
C001047,Shelley Moore Capito,West Virginia,1996-2000,2001-2015 (House); 2015-present (Senate),Both
C001048,John Culberson,Texas,1987-2001,2001-2019,House
C001049,Lacy Clay,Missouri,1983-2001,2001-2021,House
C001050,Dennis Cardoza,California,1996-2002,2003-2012,House
C001053,Tom Cole,Oklahoma,1988-1991,2003-present,House
C001055,Ed Case,Hawaii,1994-2002 (23rd district),"2003-2007, 2019-present",House
C001059,Jim Costa,California,Assembly 1978-1994; Senate 1994-2002,2005-present,House
C001060,Russ Carnahan,Missouri,2001-2005,2005-2013,House
C001063,Henry Cuellar,Texas,1987-2001,2005-present,House
C001064,John Campbell,California,2000-2005,2005-2015,House
C001068,Steve Cohen,Tennessee,1983-2006; dist 30 (6 terms),2007-present,House
C001069,Joe Courtney,Connecticut,1987-1995,2007-present,House
C001073,Donald Cazayoux,Louisiana,1999-2008,2008-2009,House
C001075,Bill Cassidy,Louisiana,2006-2009,2009-2015 (House); 2015-present (Senate),Both
C001077,Mike Coffman,Colorado,1989-1998,2009-2019,House
C001080,Judy Chu,California,2001-2006,2009-present,House
C001084,David Cicilline,Rhode Island,1995-2003,2011-2023,House
C001085,Hansen Clarke,Michigan,1991-1992; 1999-2010,2011-2013,House
C001091,Joaquin Castro,Texas,2003-2013,2013-present,House
C001093,Doug Collins,Georgia,2007-2013,2013-2021,House
C001094,Paul Cook,California,2006-2012,2013-2020,House
C001097,Tony Cardenas,California,1996-2002,2013-2025,House
C001101,Katherine Clark,Massachusetts,2008-2013,2013-present,House
C001103,Buddy Carter,Georgia,2005-2009; 2009-2014,2015-present,House
C001105,Barbara Comstock,Virginia,January 2010-November 2014; dist 34 (3 terms),2015-2019,House
C001108,James Comer,Kentucky,2001-2012,2016-present,House
C001110,Lou Correa,California,Assembly 1998-2006; Senate 2006-2014,2017-present,House
C001111,Charlie Crist,Florida,1993-1999,2017-2022,House
C001118,Ben Cline,Virginia,November 2002-December 2018; dist 24 (8 terms),2019-present,House
C001125,Troy Carter,Louisiana,1992-1994 and 2016-2021,2021-present,House
C001128,Connie Conway,California,2008-2014,2022-2023,House
C001130,Jasmine Crockett,Texas,2021-2023,2023-present,House
C001134,Yadira Caraveo,Colorado,2019-2023,2023-2025,House
C001136,Herb Conaway,New Jersey,1998-2025,2025-present,House
D000032,Byron Donalds,Florida,2016-2020,2021-present,House
D000038,"W.C. ""Dan"" Daniel",Virginia,1959-1968 (approx one long term/decade),1969-1988,House
D000043,George Danielson,California,1963-1971,1971-1983,House
D000044,William Dannemeyer,California,1962-1966 & 1976-1978,1979-1993,House
D000046,Pat Danner,Missouri,1983-1993,1993-2001,House
D000051,Buddy Darden,Georgia,1981-1983,1983-1995,House
D000106,Jack Davis,Illinois,1977-1987 (district 42),1987-1989,House
D000114,James Davis,Florida,1988-1996,1997-2007,House
D000131,Bob Davis,Michigan,1967-1978,1979-1993,House
D000168,Nathan Deal,Georgia,1981-1993,1993-2010,House
D000183,Joel Deckard,Indiana,1966-1974,1979-1983,House
D000197,Diana DeGette,Colorado,1993-1997,1997-present,House
D000203,Kika de la Garza,Texas,1953-1965,1965-1997,House
D000210,Bill Delahunt,Massachusetts,1973-1975,1997-2011,House
D000217,Tom DeLay,Texas,1979-1985,1985-2006,House
D000230,Don Davis,North Carolina,2009-2011; 2013-2023,2023-present,House
D000231,Lawrence J. DeNardis,Connecticut,1971-1979,1981-1983,House
D000267,Butler Derrick,South Carolina,1969-1974,1975-1995,House
D000269,Edward Derwinski,Illinois,1957-1959,1959-1983,House
D000275,Peter Deutsch,Florida,1982-1992,1993-2005,House
D000294,Mike DeWine,Ohio,1981-1982,1983-1991 (House); 1995-2007 (Senate),Both
D000299,Lincoln Diaz-Balart,Florida,1986-1989; 1989-1992,1993-2011,House
D000366,Alan J. Dixon,Illinois,House 1951-1963; Senate 1963-1971,1981-1993,Senate
D000373,Julian Dixon,California,1973-1978,1979-2001,House
D000399,Lloyd Doggett,Texas,1973-1985,1995-present,House
D000401,Bob Dole,Kansas,1951-1953,1961-1969 (House); 1969-1996 (Senate),Both
D000416,Brian Donnelly,Massachusetts,1973-1979,1979-1993,House
D000429,John Doolittle,California,1980-1991,1991-2009,House
D000446,Charles Dougherty,Pennsylvania,1972-1979,1979-1983,House
D000537,Robert Duncan,Oregon,1956-1962,"1963-1967, 1975-1981",House
D000586,Bernard J. Dwyer,New Jersey,1974-1980,1981-1993,House
D000592,Mervyn Dymally,California,Assembly 1963-1966 & 2003-2008; Senate 1967-1975,1981-1993,House
D000593,Roy Dyson,Maryland,1975-1980 and 1995-2015,1981-1991,House
D000597,Jo Ann Davis,Virginia,January 1998-January 2001 (2 terms),2001-2007,House
D000598,Susan Davis,California,1994-2000,2001-2021,House
D000599,Lincoln Davis,Tennessee,TN House dist 38 1980-1984 (2 terms); TN Senate dist 12 1996-2002 (2 terms),2003-2011,House
D000600,Mario Diaz-Balart,Florida,1988-1992; 1993-2000; 2000-2002,2003-present,House
D000604,Charlie Dent,Pennsylvania,1991-2004,2005-2018,House
D000605,Thelma Drake,Virginia,January 1996-January 2005; dist 87 (~4 terms),2005-2009,House
D000606,David Davis,Tennessee,1998-2007; dist 6 (4 terms),2007-2009,House
D000609,Steve Driehaus,Ohio,2001-2009,2009-2011,House
D000610,Ted Deutch,Florida,2006-2010,2010-2022,House
D000611,Charles Djou,Hawaii,2000-2002,2010-2011,House
D000612,Jeff Denham,California,2002-2010,2011-2019,House
D000615,Jeff Duncan,South Carolina,2003-2010 (District 15),2011-2025,House
D000623,Mark DeSaulnier,California,Assembly 2006-2008; Senate 2008-2015,2015-present,House
D000631,Madeleine Dean,Pennsylvania,2012-2018,2019-present,House
D000635,Maxine Dexter,Oregon,2020-2024,2025-present,House
E000013,Joseph D. Early,Massachusetts,1963-1974,1975-1993,House
E000031,Dennis Eckart,Ohio,1975-1980,1981-1993,House
E000033,Fred Eckert,New York,1973-1982,1985-1987,House
E000035,Bob Eckhardt,Texas,1958-1966,1967-1981,House
E000063,Thomas Edwards,Texas,1983-1990,1991-2011,House
E000071,Jake Ellzey,Texas,January-July 2021,2021-present,House
E000092,Vernon Ehlers,Michigan,1983-1993,1993-2011,House
E000093,Bob Ehrlich,Maryland,1987-1995,1995-2003,House
E000175,David F. Emery,Maine,1970-1974,1975-1983,House
E000179,Eliot Engel,New York,1977-1988,1989-2021,House
E000186,Karan English,Arizona,1987-1991; 1991-1993,1993-1995,House
E000198,Arlen Erdahl,Minnesota,1963-1970,1979-1983,House
E000201,Ben Erdreich,Alabama,1970-1974,1983-1993,House
E000226,Bob Etheridge,North Carolina,1979-1989,1997-2011,House
E000233,Billy Lee Evans,Georgia,1969-1976,1977-1983,House
E000236,Daniel J. Evans,Washington,1957-1965,1983-1989,Senate
E000246,Chuck Edwards,North Carolina,2016-2023,2023-present,House
E000259,T. Cooper Evans,Iowa,1975-1979,1981-1987,House
E000282,Tom Ewing,Illinois,1974-1991 (districts 38 then 87; chaired House Revenue Cmte),1991-2001,House
E000285,Mike Enzi,Wyoming,1987-1991 (House); 1991-1997 (Senate; appointed then elected),1997-2021,Senate
E000288,Keith Ellison,Minnesota,2003-2007,2007-2019,House
E000293,Elizabeth Esty,Connecticut,2009-2011,2013-2019,House
E000294,Tom Emmer,Minnesota,2005-2011,2015-present,House
E000295,Joni Ernst,Iowa,2011-2014,2015-present,Senate
E000296,Dwight Evans,Pennsylvania,1981-2016,2016-present,House
E000297,Adriano Espaillat,New York,1997-2016,2017-present,House
E000300,Gabe Evans,Colorado,2023-2025,2025-present,House
E000301,Sarah Elfreth,Maryland,2019-2025,2025-present,House
F000030,Sam Farr,California,1980-1993,1993-2017,House
F000040,John G. Fary,Illinois,1955-1975,1975-1983,House
F000041,Dante Fascell,Florida,1950-1954,1955-1993,House
F000043,Chaka Fattah,Pennsylvania,1983-1994,1995-2016,House
F000049,Harris Fawell,Illinois,1963-1977 (districts 41 then 40),1985-1999,House
F000053,Vic Fazio,California,1975-1978,1979-1999,House
F000059,Edward Feighan,Ohio,1973-1978,1983-1993,House
F000061,Russ Feingold,Wisconsin,1983-1993,1993-2011,Senate
F000078,Millicent Fenwick,New Jersey,1970-1972,1975-1983,House
F000110,Cleo Fields,Louisiana,1988-1993 and 1997-2008 and 2020-2025,"1993-1997, 2025-present",House
F000128,Eric Fingerhut,Ohio,1991-1992; 1999-2006,1993-1995,House
F000208,Ronnie Flippo,Alabama,1970-1976,1977-1991,House
F000215,James Florio,New Jersey,1970-1975,1975-1990,House
F000238,Mark Foley,Florida,1990-1992; 1992-1994,1995-2006,House
F000246,Pat Fallon,Texas,2013-2019 (House district 106); 2019-2021 (Senate district 30),2021-present,House
F000261,Harold Ford Sr.,Tennessee,1971-1975 (2 terms),1975-1997,House
F000268,Wendell Ford,Kentucky,1966-1967,1974-1999,Senate
F000270,William D. Ford,Michigan,1962-1964,1965-1995,House
F000286,Edwin B. Forsythe,New Jersey,1964-1970,1969-1984,House
F000319,L. H. Fountain,North Carolina,1947-1952,1953-1983,House
F000332,Jon Fox,Pennsylvania,1985-1992,1995-1999,House
F000339,Barney Frank,Massachusetts,1973-1981,1981-2013,House
F000349,Bob Franks,New Jersey,1980-1992,1993-2001,House
F000372,Rodney Frelinghuysen,New Jersey,1984-1995,1995-2019,House
F000380,Bill Frenzel,Minnesota,1963-1971,1971-1991,House
F000387,Dan Frisa,New York,1985-1992,1995-1997,House
F000430,Don Fuqua,Florida,1958-1962,1963-1987,House
F000438,Sheila Frahm,Kansas,1989-1995,1996-1996,Senate
F000441,Ernie Fletcher,Kentucky,1995-1999,1999-2003,House
F000442,Peter Fitzgerald,Illinois,1993-1998,1999-2005,Senate
F000445,J. Randy Forbes,Virginia,VA House 1989-1997 (4 terms); VA Senate 1997-2001 (2 terms); also chaired VA GOP,2001-2017,House
F000446,Randy Feenstra,Iowa,2009-2021,2021-present,House
F000447,Tom Feeney,Florida,1990-2002,2003-2009,House
F000448,Trent Franks,Arizona,1985-1987,2003-2017,House
F000450,Virginia Foxx,North Carolina,1995-2005,2005-present,House
F000453,Mary Fallin,Oklahoma,1991-1995 (85th district),2007-2011,House
F000462,Lois Frankel,Florida,1986-1992;1994-2002,2013-present,House
F000463,Deb Fischer,Nebraska,2005-2013,2013-present,Senate
F000464,John Faso,New York,1987-2002,2017-2019,House
F000467,Abby Finkenauer,Iowa,2015-2019,2019-2021,House
F000469,Russ Fulcher,Idaho,2005-2014 (District 21 then 22),2019-present,House
F000470,Michelle Fischbach,Minnesota,1996-2018,2021-present,House
F000471,Scott Fitzgerald,Wisconsin,1995-2021 (dist 13),2021-present,House
F000474,Mike Flood,Nebraska,2005-2013; 2021-2022,2022-present,House
F000475,Brad Finstad,Minnesota,2003-2009,2022-present,House
F000478,Russell Fry,South Carolina,2015-2022 (106th district),2023-present,House
F000480,Vince Fong,California,2016-2024,2024-present,House
F000483,Laura Friedman,California,2016-2024,2025-present,House
F000484,Randy Fine,Florida,2016-2024; 2024-2025,2025-present,House
G000025,Dean A. Gallo,New Jersey,~1976-1985,1985-1995,House
G000047,Robert Garcia,New York,1966-1978,1977-1990,House
G000105,Joseph M. Gaydos,Pennsylvania,1967-1968,1967-1993,House
G000120,Sam Gejdenson,Connecticut,c. 1970s (2 terms),1981-2001,House
G000121,George Gekas,Pennsylvania,1967-1981 (gap 1975-1976 not in state legislature),1983-2003,House
G000152,Jim Gibbons,Nevada,1988-1994,1997-2007,House
G000153,Sam Gibbons,Florida,1953-1962,1963-1997,House
G000210,Paul Gillmor,Ohio,1967-1988,1989-2007,House
G000212,Benjamin Gilman,New York,1967-1972,1973-2003,House
G000272,Henry B. Gonzalez,Texas,1956-1961,1961-1999,House
G000280,Virgil Goode,Virginia,circa 1973-1997 (won special election at age 27; exact end date not fully specified in source),1997-2009,House
G000333,Slade Gorton,Washington,1959-1969,"1981-1987, 1989-2001",Senate
G000352,Bob Graham,Florida,House 1966-1970; Senate 1970-1978,1987-2005,Senate
G000359,Lindsey Graham,South Carolina,1993-1995,1995-2003 (House); 2003-2026 (Senate),Both
G000382,Bill Grant,Florida,1983-1987,1987-1991,House
G000386,Chuck Grassley,Iowa,1959-1975,1975-1981 (House); 1981-present (Senate),Both
G000388,Mike Gravel,Alaska,1963-1967,1969-1981,Senate
G000410,Gene Green,Texas,1973-1985 (House district 140); 1985-1993 (Senate),1993-2019,House
G000417,Sedgwick Green,New York,1965-1968,1977-1993,House
G000439,Jim Greenwood,Pennsylvania,1981-1993,1993-2005,House
G000480,Wayne Grisham,California,1984-1988,1979-1983,House
G000499,John E. Grotberg,Illinois,1973-1977 (House; district 38); 1977-1985 (Senate; districts 38 then 25),1985-1987,House
G000511,Frank J. Guarini,New Jersey,1966-1972,1979-1993,House
G000515,Vonno Gudger,North Carolina,1950-1952 (House); 1970-1977 (Senate),1977-1981,House
G000524,Steve Gunderson,Wisconsin,1975-1979 (dist 91),1981-1997,House
G000536,Gil Gutknecht,Minnesota,1983-1995,1995-2007,House
G000537,Tennyson Guyer,Ohio,1959-1972,1973-1983,House
G000545,Mark Green,Wisconsin,1993-1999 (dist 4),1999-2007,House
G000546,Sam Graves,Missouri,1993-2001,2001-present,House
G000548,Scott Garrett,New Jersey,1990-2003,2003-2017,House
G000549,Jim Gerlach,Pennsylvania,1991-2003,2003-2015,House
G000550,Phil Gingrey,Georgia,1999-2003,2003-2015,House
G000554,Gabby Giffords,Arizona,2001-2003; 2003-2005,2007-2012,House
G000557,Parker Griffith,Alabama,2006-2009,2009-2011,House
G000558,Brett Guthrie,Kentucky,1999-2008,2009-present,House
G000559,John Garamendi,California,Assembly 1974-1976; Senate 1976-1990,2009-present,House
G000560,Tom Graves,Georgia,2003-2010,2010-2020,House
G000562,Cory Gardner,Colorado,2005-2011,2011-2015 (House); 2015-2021 (Senate),Both
G000563,Bob Gibbs,Ohio,2003-2009,2011-2023,House
G000568,Morgan Griffith,Virginia,1994-2011; dist 8 (Majority Leader 2000-2010),2011-present,House
G000570,Frank Guinta,New Hampshire,2000-2004,"2011-2013, 2015-2017",House
G000571,Tulsi Gabbard,Hawaii,2002-2004 (42nd district),2013-2021,House
G000572,Pete Gallego,Texas,1991-2013,2013-2015,House
G000574,Ruben Gallego,Arizona,2011-2014,2015-2025 (House); 2025-present (Senate),Both
G000576,Glenn Grothman,Wisconsin,WI Assembly 1993-2005 (6 terms); WI Senate 2005-2015 (3 terms),2015-present,House
G000578,Matt Gaetz,Florida,2010-2016,2017-2024,House
G000580,Tom Garrett,Virginia,dist 22; elected 2011/took office Jan 2012 through his 2016 election to Congress (source shows some date overlap/error with Congress dates - flagged),2017-2019,House
G000585,Jimmy Gomez,California,2012-2017,2017-present,House
G000586,"Jesus ""Chuy"" Garcia",Illinois,1993-1999 (district 1; first IL state senator of Mexican descent),2019-present,House
G000587,Sylvia Garcia,Texas,2013-2018,2019-present,House
G000589,Lance Gooden,Texas,2011-2015; 2017-2019,2019-present,House
G000590,Mark Green,Tennessee,2013-2018; dist 22 (2 terms),2019-2025,House
G000592,Jared Golden,Maine,2014-2018 (District 60; Asst. House Majority Leader),2019-present,House
G000597,Andrew Garbarino,New York,2013-2020,2021-present,House
G000601,Craig Goldman,Texas,2013-2025,2025-present,House
G000605,Adam Gray,California,2012-2022,2025-present,House
H000012,Tom Hagedorn,Minnesota,1971-1975,1975-1983,House
H000058,Katie Hall,Indiana,1974-1976; 1976-1982,1981-1985,House
H000067,Ralph Hall,Texas,1963-1973,1981-2015,House
H000074,Tony Hall,Ohio,1969-1979,1979-2002,House
H000144,Kent Hance,Texas,1975-1979,1979-1985,House
H000172,James V. Hansen,Utah,1973-1980 (Speaker 1979-1980),1981-2003,House
H000302,Thomas F. Hartnett,South Carolina,~1965-1972 (House; 4 terms); 1972-1980 (Senate; 2 terms),1981-1987,House
H000323,Dennis Hastert,Illinois,1981-1987 (districts 39 then 82),1987-2007,House
H000329,Doc Hastings,Washington,January 1979-January 1987; dist 16 (4 terms; Assistant Majority Leader),1995-2015,House
H000340,Charles Hatcher,Georgia,1973-1980,1981-1993,House
H000343,Mark Hatfield,Oregon,1951-1955 (House); 1955-1959 (Senate; resigned to become Sec of State),1967-1997,Senate
H000367,Augustus Hawkins,California,1935-1963,1963-1991,House
H000439,Chic Hecht,Nevada,1967-1975,1983-1989,Senate
H000444,Joel Hefley,Colorado,1977-1987,1987-2007,House
H000514,Paul B. Henry,Michigan,1979-1985,1985-1993,House
H000528,Wally Herger,California,1980-1986,1987-2013,House
H000547,Dennis Hertel,Michigan,1975-1981,1981-1993,House
H000582,Jack Hightower,Texas,1953-1955 (House); 1965-1974 (Senate districts 23 then 30),1975-1985,House
H000621,Earl Hilliard Sr.,Alabama,1974-1993,1993-2003,House
H000624,Elwood Hillis,Indiana,1967-1971 (95th & 96th General Assembly),1971-1987,House
H000627,Maurice Hinchey,New York,1975-1992,1993-2013,House
H000652,Peter Hoagland,Nebraska,1979-1987,1989-1995,House
H000666,David Hobson,Ohio,1982-1991,1991-2009,House
H000670,George Hochbrueckner,New York,1975-1984,1987-1995,House
H000722,Harold C. Hollenbeck,New Jersey,1968-1974,1977-1983,House
H000725,Fritz Hollings,South Carolina,1949-1954 (Speaker Pro Tempore 1951;1953),1966-2005,Senate
H000762,Darlene Hooley,Oregon,1981-1987,1997-2009,House
H000776,Larry Hopkins,Kentucky,1972-1978; 1978 (partial),1979-1993,House
H000874,Steny Hoyer,Maryland,1967-1978,1981-present,House
H000878,Carroll Hubbard,Kentucky,1968-1975,1975-1993,House
H000905,Walter Huddleston,Kentucky,1966-1972,1973-1985,Senate
H000951,Gordon Humphrey,New Hampshire,1990-1992,1979-1990,Senate
H001015,Tim Hutchinson,Arkansas,1985-1993,1993-1997 (House); 1997-2003 (Senate),Both
H001016,Kay Bailey Hutchison,Texas,1972-1976,1993-2013,Senate
H001018,Earl Hutto,Florida,1972-1978,1979-1995,House
H001022,Henry Hyde,Illinois,1967-1975 (Majority Leader 1971-1972),1975-2007,House
H001029,Robin Hayes,North Carolina,1992-1996,1999-2009,House
H001030,Baron Hill,Indiana,1982-1990,"1999-2005, 2007-2011",House
H001031,Joseph Hoeffel,Pennsylvania,1977-1984,1999-2005,House
H001033,Melissa Hart,Pennsylvania,1991-2001,2001-2007,House
H001034,Michael Honda,California,1996-2000,2001-2017,House
H001035,Katherine Harris,Florida,1994-1998,2003-2007,House
H001038,Brian Higgins,New York,1999-2004 (145th district),2005-2024,House
H001041,Dean Heller,Nevada,1990-1994,2007-2011 (House); 2011-2019 (Senate),Both
H001042,Mazie Hirono,Hawaii,1981-1994,2007-2013 (House); 2013-present (Senate),Both
H001044,Debbie Halvorson,Illinois,1997-2009 (district 40),2009-2011,House
H001049,Kay Hagan,North Carolina,1999-2009,2009-2015,Senate
H001050,Colleen Hanabusa,Hawaii,1998-2010 (21st District; Senate President 2007),"2011-2015, 2016-2019",House
H001052,Andy Harris,Maryland,1999-2011,2011-present,House
H001053,Vicky Hartzler,Missouri,1995-2001,2011-2023,House
H001055,Joe Heck,Nevada,2004-2008,2011-2017,House
H001056,Jaime Herrera Beutler,Washington,November 2007-January 2011 (appointed 2007; won 2008 election),2011-2023,House
H001057,Tim Huelskamp,Kansas,1997-2011,2011-2017,House
H001058,Bill Huizenga,Michigan,2003-2009,2011-present,House
H001059,Randy Hultgren,Illinois,1999-2007 (House; districts 40 then 95); 2007-2011 (Senate; district 48),2011-2019,House
H001060,Robert Hurt,Virginia,VA House dist 16 2002-2008 (3 terms); VA Senate dist 19 2008-2011 (1 term),2011-2017,House
H001064,Denny Heck,Washington,1977-1985; dist 17 (5 terms),2013-2021,House
H001066,Steven Horsford,Nevada,2005-2013,"2013-2015, 2019-present",House
H001068,Jared Huffman,California,2006-2012,2013-present,House
H001070,Cresent Hardy,Nevada,2010-2014,2015-2017,House
H001076,Maggie Hassan,New Hampshire,2005-2010,2017-present,Senate
H001079,Cindy Hyde-Smith,Mississippi,2000-2012,2018-present,Senate
H001084,Yvette Herrell,New Mexico,2011-2019 (51st district),2021-2023,House
H001091,Ashley Hinson,Iowa,2017-2021,2021-present,House
H001093,Erin Houchin,Indiana,2014-2022 (resigned Feb 2022),2023-present,House
H001094,Val Hoyle,Oregon,2009-2017,2023-present,House
H001099,Mike Haridopolos,Florida,2000-2012,2025-present,House
H001104,Jon Husted,Ohio,2001-2009 (House; Speaker 2005-2009); 2009-2011 (Senate),2025-present,Senate
I000001,Richard Ichord,Missouri,1952-1960,1961-1981,House
I000024,Jim Inhofe,Oklahoma,1966-1969 (House); 1969-1977 (Senate; Minority Leader 1975-1976),1987-1994 (House); 1994-2023 (Senate),Both
I000025,Daniel Inouye,Hawaii,House 1954-1957; Senate 1957-1959,1959-1963 (House); 1963-2012 (Senate),Both
I000026,Jay Inslee,Washington,January 1989-January 1993; dist 14 (2 terms),"1993-1995, 1999-2012",House
I000047,Ernest Istook,Oklahoma,1987-1993,1993-2007,House
I000055,Johnny Isakson,Georgia,House 1977-1991; Senate 1993-1996,1999-2005 (House); 2005-2019 (Senate),Both
J000020,Chris Jacobs,New York,2017-2020,2020-2023,House
J000033,Andrew Jacobs Jr.,Indiana,1959-1960,"1965-1973, 1975-1997",House
J000070,William J. Jefferson,Louisiana,1979-1990,1991-2009,House
J000072,Jim Jeffords,Vermont,1967-1969,1975-1989 (House); 1989-2007 (Senate),Both
J000082,Bill Jenkins,Tennessee,January 1963-May 1970 (Speaker of the House Jan 1969-May 1970),1997-2007,House
J000099,John Jenrette,South Carolina,1964-1972,1975-1981,House
J000101,Roger Jepsen,Iowa,1967-1969,1979-1985,Senate
J000110,Christopher John,Louisiana,1988-1996,1997-2005,House
J000120,Don Johnson Jr.,Georgia,1987-1993,1993-1995,House
J000126,Eddie Bernice Johnson,Texas,1973-1977 (House district 33); 1987-1993 (Senate district 23),1993-2023,House
J000135,Harold Johnson,California,1949-1959,1959-1981,House
J000163,Nancy Johnson,Connecticut,1977-1983,1983-2007,House
J000174,Sam Johnson,Texas,1985-1991,1991-2019,House
J000177,Tim Johnson,South Dakota,1979-1982 (House); 1983-1986 (Senate),1987-1997 (House); 1997-2015 (Senate),Both
J000187,Harry Johnston,Florida,1974-1986,1989-1997,House
J000189,J. Bennett Johnston,Louisiana,1964-1972,1972-1997,Senate
J000255,Walter B. Jones Jr.,North Carolina,1983-1993,1995-2019,House
J000256,Walter Jones,North Carolina,1955-1959;1965,1965-1992,House
J000265,Jim Jontz,Indiana,1974-1984; 1984-1986,1987-1993,House
J000285,Tim Johnson,Illinois,1976/1977-2000,2001-2013,House
J000289,Jim Jordan,Ohio,1995-2006,2007-present,House
J000290,Lynn Jenkins,Kansas,1999-2002,2009-2019,House
J000294,Hakeem Jeffries,New York,2007-2012 (57th district),2013-present,House
J000297,Evan Jenkins,West Virginia,WV House 1994-2002 (4 terms); WV Senate 2002-2014 (3 terms),2015-2018,House
J000298,Pramila Jayapal,Washington,January 2015-December 2016; dist 37 (1 term),2017-present,House
J000299,Mike Johnson,Louisiana,2015-2017,2017-present,House
J000308,Jeff Jackson,North Carolina,2014-2023,2023-2024,House
J000310,Julie Johnson,Texas,2019-2025,2025-present,House
K000016,John Kasich,Ohio,1979-1983,1983-2001,House
K000019,Bob Kasten,Wisconsin,1973-1975,1975-1979 (House); 1981-1993 (Senate),Both
K000025,Abraham Kazen Jr.,Texas,1947-1953 (House); 1953-1967 (Senate),1967-1985,House
K000113,Patrick J. Kennedy,Rhode Island,1989-1993,1995-2011,House
K000172,Dale Kildee,Michigan,1965-1976,1977-2013,House
K000180,Carolyn Kilpatrick,Michigan,1979-1996,1997-2011,House
K000190,Thomas Kindness,Ohio,1971-1974,1975-1987,House
K000220,Jack Kingston,Georgia,1985-1993,1993-2015,House
K000259,Jerry Kleczka,Wisconsin,WI Assembly dist 14/9 1969-1975 (2 stints); WI Senate dist 3/7 1975-1984 (2 stints),1984-2005,House
K000262,Herbert C. Klein,New Jersey,1972-1976,1993-1995,House
K000304,Raymond Kogovsek,Colorado,1969-1978,1979-1985,House
K000306,Jim Kolbe,Arizona,1977-1982,1985-2007,House
K000307,Joseph P. Kolter,Pennsylvania,1969-1982,1983-1993,House
K000309,Ernie Konnyu,California,1980-1986,1987-1989,House
K000312,Michael Kopetski,Oregon,1985-1988,1991-1995,House
K000322,Ken Kramer,Colorado,1972-1978,1979-1987,House
K000328,Mike Kreidler,Washington,WA House 1976-1984 (4 terms); WA Senate 1984-1992 (2 terms),1993-1995,House
K000336,Dennis Kucinich,Ohio,1995-1997,1997-2013,House
K000357,Steven Kuykendall,California,1994-1998,1999-2001,House
K000362,Steve King,Iowa,1997-2003,2003-2021,House
K000364,Randy Kuhl,New York,1981-2004,2005-2009,House
K000366,Ron Klein,Florida,1992-1996; 1996-2006,2007-2011,House
K000368,Ann Kirkpatrick,Arizona,2005-2007,"2009-2011, 2013-2017, 2019-2023",House
K000370,Suzanne Kosmas,Florida,1996-2004,2009-2011,House
K000375,William Keating,Massachusetts,1977-1999,2011-present,House
K000381,Derek Kilmer,Washington,WA House 2005-2007 (1 term); WA Senate dist 26 2007-2012 (~2 terms),2013-2025,House
K000385,Robin Kelly,Illinois,2003-2007 (district 38),2013-present,House
K000387,Steve Knight,California,Assembly 2008-2012; Senate 2012-2014,2015-2019,House
K000390,Ruben Kihuen,Nevada,2006-2016,2017-2019,House
K000395,Fred Keller,Pennsylvania,2011-2019,2019-2023,House
K000396,Kai Kahele,Hawaii,2016-2020 (1st District; appointed then elected),2021-2023,House
K000397,Young Kim,California,2014-2016,2021-present,House
K000398,Thomas Kean Jr.,New Jersey,2001-2022,2023-present,House
K000399,Jen Kiggans,Virginia,January 2020-November 2022; dist 7 (1 term),2023-present,House
K000400,Sydney Kamlager-Dove,California,Assembly 2018-2021; Senate 2021-2022,2023-present,House
K000401,Kevin Kiley,California,2016-2022,2023-present,House
K000402,Tim Kennedy,New York,2011-2024 (58th district 2011-13; 63rd district 2013-24),2024-present,House
K000403,Mike Kennedy,Utah,UT House 2013-2019 (3 terms); UT Senate 2021-2025 (2 terms),2025-present,House
L000020,Robert J. Lagomarsino,California,1961-1974,1973-1993,House
L000045,H. Martin Lancaster,North Carolina,1979-1987,1987-1995,House
L000116,Delbert Latta,Ohio,1953-1958,1959-1989,House
L000167,Buddy Leach,Louisiana,1968-1979; 1984-1988,1979-1981,House
L000187,Raymond Lederer,Pennsylvania,1973-1976,1977-1983,House
L000192,Gary A. Lee,New York,1975-1978,1979-1983,House
L000225,Richard H. Lehman,California,1976-1982,1983-1995,House
L000237,Mickey Leland,Texas,1973-1979,1979-1989,House
L000243,Norman F. Lent,New York,1963-1970 (2nd/6th/7th districts),1971-1993,House
L000263,Sander Levin,Michigan,1965-1971,1983-2019,House
L000264,Mel Levine,California,1977-1982,1983-1993,House
L000265,Elliott H. Levitas,Georgia,1965-1974,1975-1985,House
L000266,Jake LaTurner,Kansas,2013-2017,2021-2025,House
L000274,Jerry Lewis,California,1969-1978,1979-2013,House
L000295,Tom Lewis,Florida,1972-1980; 1980-1982,1983-1995,House
L000304,Joe Lieberman,Connecticut,1971-1981,1989-2013,Senate
L000321,John Linder,Georgia,1975-1981; 1983-1991,1993-2011,House
L000491,Frank D. Lucas,Oklahoma,1989-1994 (59th district; 42nd-44th Legislature),1993-present,House
L000509,"Donald E. ""Buz"" Lukens",Ohio,1971-1987,"1967-1971, 1987-1991",House
L000521,William Luther,Minnesota,1975-1995,1995-2003,House
L000550,Mary Landrieu,Louisiana,1980-1988,1997-2015,Senate
L000551,Barbara Lee,California,Assembly 1990-1996; Senate 1996-1998,1998-2025,House
L000552,Ray LaHood,Illinois,1982 (appointed to vacancy; ~9 months; lost Nov 1982 election),1995-2009,House
L000554,Frank LoBiondo,New Jersey,1988-1994,1995-2019,House
L000556,John LaFalce,New York,1971-1974,1975-2003,House
L000557,John B. Larson,Connecticut,1983-1995,1999-present,House
L000559,Jim Langevin,Rhode Island,1988-1994,2001-2023,House
L000562,Stephen Lynch,Massachusetts,1995-2001,2001-present,House
L000564,Doug Lamborn,Colorado,1994-2006,2007-2025,House
L000566,Robert Latta,Ohio,1997-2007,2007-present,House
L000567,Leonard Lance,New Jersey,1991-2009,2009-2019,House
L000569,Blaine Luetkemeyer,Missouri,1999-2005,2009-2025,House
L000571,Cynthia Lummis,Wyoming,1979-1983 and 1985-1993 (two stints; also served as WY State Treasurer 1999-2007 and US Rep 2009-2017 in between),2009-2017 (House); 2021-present (Senate),Both
L000573,Raul Labrador,Idaho,2006-2010 (District 14 Seat B),2011-2019,House
L000578,Doug LaMalfa,California,Assembly 2002-2008; Senate 2010-2012,2013-2026,House
L000579,Alan Lowenthal,California,1998-2012,2013-2023,House
L000582,Ted Lieu,California,Assembly 2005-2010; Senate 2011-2014,2015-present,House
L000583,Barry Loudermilk,Georgia,2005-2011; 2011-2013,2015-present,House
L000585,Darin LaHood,Illinois,2011-2015 (district 37; appointed then elected),2015-present,House
L000586,Al Lawson,Florida,1982-2010,2017-2023,House
L000589,Debbie Lesko,Arizona,2009-2015; 2015-2018,2018-2025,House
L000599,Mike Lawler,New York,2021-2022,2023-present,House
L000602,Summer Lee,Pennsylvania,2019-2022,2023-present,House
L000606,George Latimer,New York,2005-2017,2025-present,House
M000023,Buddy MacKay,Florida,1968; 1972-1980,1983-1989,House
M000041,Edward Madigan,Illinois,1967-1973,1973-1991,House
M000053,Warren Magnuson,Washington,1933-1935,1937-1944 (House); 1944-1981 (Senate),Both
M000090,James H. Maloney,Connecticut,1987-1995,1997-2003,House
M000133,Ed Markey,Massachusetts,1973-1976,1975-2013 (House); 2013-present (Senate),Both
M000174,David Martin,New York,1977-1980,1981-1993,House
M000194,Nancy Mace,South Carolina,2018-2020 (99th district),2021-present,House
M000195,Lynn M. Martin,Illinois,1977-1979 (House); 1979-1980 (Senate),1981-1991,House
M000206,Matthew G. Martinez,California,1980-1982,1981-2001,House
M000241,Charles Mathias,Maryland,1959-1960,1961-1969 (House); 1969-1987 (Senate),Both
M000250,Spark Matsunaga,Hawaii,c.1954-1959 (exact term dates unclear in source),1963-1977 (House); 1977-1990 (Senate),Both
M000260,Jim Mattox,Texas,1973-1977,1977-1983,House
M000291,Romano Mazzoli,Kentucky,1968-1970,1971-1995,House
M000316,Karen McCarthy,Missouri,1977-1995,1995-2005,House
M000317,Nicole Malliotakis,New York,2011-2020 (60th district 2011-13; 64th district 2013-21),2021-present,House
M000340,Robert McClory,Illinois,1951-1953 (House; district 8); 1953-1963 (Senate; districts 8 then 52),1963-1983,House
M000346,James A. McClure,Idaho,1961-1966,1967-1973 (House); 1973-1991 (Senate),Both
M000365,Mike McCormack,Washington,WA House 1957-1961 (2 terms); WA Senate 1961-1970 (3 terms),1971-1981,House
M000404,Jim McDermott,Washington,WA House dist 43 1971-1973 (1 term); WA Senate 1974-1987 (3 terms),1989-2017,House
M000432,Bob McEwen,Ohio,1975-1980,1981-1993,House
M000458,Raymond J. McGrath,New York,1977-1980,1981-1993,House
M000466,Paul McHale,Pennsylvania,1983-1991,1993-1999,House
M000472,John M. McHugh,New York,1985-1992,1993-2009,House
M000477,Scott McInnis,Colorado,1983-1993,1993-2005,House
M000490,K. Gunn McKay,Utah,c.1963-1967 (2 terms; began 1962),1971-1981,House
M000512,John R. McKernan Jr.,Maine,1973-1977 (Assistant Republican Floor Leader),1983-1987,House
M000523,Cynthia McKinney,Georgia,1988-1992,"1993-2003, 2005-2007",House
M000527,Stewart McKinney,Connecticut,1967-1971,1971-1987,House
M000589,James F. McNulty Jr.,Arizona,1969-1975,1983-1985,House
M000590,Michael McNulty,New York,1983-1988,1989-2009,House
M000628,Carrie Meek,Florida,1979-1982; 1982-1992,1993-2003,House
M000635,John Melcher,Montana,1960-1964,1969-1977 (House); 1977-1989 (Senate),Both
M000639,Bob Menendez,New Jersey,1988-1993,1993-2006 (House); 2006-2024 (Senate),Both
M000669,Jack Metcalf,Washington,WA House dist 38 1961-1965 (1 term); WA Senate two non-consecutive stints dist 21 then dist 10 (~3-4 terms),1995-2001,House
M000678,Howard Metzenbaum,Ohio,1943-1947 (House); 1947-1951 (Senate),"1974-1974, 1976-1995",Senate
M000684,Jan Meyers,Kansas,1972-1984,1985-1997,House
M000689,John Mica,Florida,1976-1980,1993-2017,House
M000714,Juanita Millender-McDonald,California,1992-1996,1996-2007,House
M000808,Donald J. Mitchell,New York,1965-1972,1973-1983,House
M000834,Joseph Moakley,Massachusetts,1953-1970,1973-2001,House
M000842,Guy Molinari,New York,1975-1980,1981-1989,House
M000865,Sonny Montgomery,Mississippi,1956-1966,1967-1997,House
M000881,Jim Moody,Wisconsin,1977-1982,1983-1993,House
M000926,Carlos J. Moorhead,California,1967-1973,1973-1997,House
M000934,Jerry Moran,Kansas,1989-1997,1997-2011 (House); 2011-present (Senate),Both
M000941,Connie Morella,Maryland,1979-1987,1987-2003,House
M000956,Robert B. Morgan,North Carolina,1955-1969,1975-1981,Senate
M000999,Sid Morrison,Washington,WA House ~4 terms; WA Senate ~3 terms,1981-1993,House
M001025,Carol Moseley Braun,Illinois,1979-1988,1993-1999,Senate
M001044,Ronald Mottl,Ohio,1967-1974;1987-1997,1975-1983,House
M001088,Austin J. Murphy,Pennsylvania,1959-1977,1977-1995,House
M001111,Patty Murray,Washington,1989-1993,1993-present,Senate
M001120,John Murtha,Pennsylvania,1969-1974,1973-2010,House
M001121,Edmund Muskie,Maine,1946-1951 (Dec 1946-Feb 1951),1959-1980,Senate
M001123,Raphael Musto,Pennsylvania,1971-2010,1979-1981,House
M001132,Michael Myers,Pennsylvania,1971-1976,1975-1981,House
M001137,Gregory Meeks,New York,1993-1998,1997-present,House
M001139,Gary Miller,California,1995-1998,1999-2015,House
M001141,Zell Miller,Georgia,1961-1964,2000-2005,Senate
M001143,Betty McCollum,Minnesota,1993-2001,2001-present,House
M001144,Jeff Miller,Florida,1998-2001,2001-2017,House
M001147,Thaddeus McCotter,Michigan,1999-2003,2003-2012,House
M001148,Kendrick Meek,Florida,1995-1998; 1998-2002,2003-2011,House
M001149,Mike Michaud,Maine,1980-1994 (House; district 134); 1994-2002 (Senate; district 3; Senate President 2000-2001),2003-2015,House
M001151,Tim Murphy,Pennsylvania,1996-2003,2003-2017,House
M001152,Marilyn Musgrave,Colorado,1995-2003,2003-2009,House
M001153,Lisa Murkowski,Alaska,1999-2002,2003-present,Senate
M001154,Brad Miller,North Carolina,1993-2003,2003-2013,House
M001155,Connie Mack,Florida,2000-2003,2005-2013,House
M001156,Patrick McHenry,North Carolina,2003-2005,2005-2025,House
M001158,Kenny Marchant,Texas,1987-2004,2005-2021,House
M001159,Cathy McMorris Rodgers,Washington,1994-2005; dist 7 (House Minority Leader 2002-2003),2005-2025,House
M001160,Gwen Moore,Wisconsin,WI Assembly 1989-1993 (2 terms); WI Senate 1993-2005 (3 terms),2005-present,House
M001161,Charlie Melancon,Louisiana,1987-1993,2005-2011,House
M001165,Kevin McCarthy,California,2002-2006,2007-2023,House
M001167,Harry Mitchell,Arizona,1999-2003,2007-2011,House
M001169,Chris Murphy,Connecticut,House 1999-2003; Senate 2003-2007,2007-2013 (House); 2013-present (Senate),Both
M001170,Claire McCaskill,Missouri,1983-1989,2007-2019,Senate
M001176,Jeff Merkley,Oregon,1999-2009 (Speaker 2007-2009),2009-present,Senate
M001177,Tom McClintock,California,Assembly 1982-2000; Senate 2000-2008,2009-present,House
M001180,David McKinley,West Virginia,1980-1994 (dist 3),2011-2023,House
M001182,Mick Mulvaney,South Carolina,2007-2009 (House; 45th district); 2009-2011 (Senate; 16th district),2011-2017,House
M001183,Joe Manchin,West Virginia,1982-1986 (House); 1986-1996 (Senate),2010-2025,Senate
M001188,Grace Meng,New York,2009-2012,2013-present,House
M001189,Luke Messer,Indiana,2003-2006 (appointed; did not seek reelection),2013-2019,House
M001194,John Moolenaar,Michigan,2003-2015,2015-present,House
M001195,Alex Mooney,West Virginia,1999-2011 (dist 3),2015-2025,House
M001200,Donald McEachin,Virginia,VA House dist 74 two non-consecutive stints; VA Senate dist 9 2008-2017 (~2.5 terms),2017-2022,House
M001205,Carol Miller,West Virginia,2006-2018 (dist 15 2006-12; dist 16 2012-18),2019-present,House
M001206,Joseph Morelle,New York,1991-2018,2018-present,House
M001209,Ben McAdams,Utah,2009-2013 (dist 2),2019-2021,House
M001210,Gregory Murphy,North Carolina,2015-2019,2019-present,House
M001212,Barry Moore,Alabama,2010-2018,2021-present,House
M001215,Mariannette Miller-Meeks,Iowa,2019-2021,2021-present,House
M001217,Jared Moskowitz,Florida,2012-2019,2023-present,House
M001220,Morgan McGarvey,Kentucky,2012-2023,2023-present,House
M001221,Marcus Molinaro,New York,2007-2011,2023-2025,House
M001225,Kevin Mullin,California,2012-2022,2023-present,House
M001227,Jennifer McClellan,Virginia,VA House dist 71 2006-2017 (~6 terms); VA Senate dist 9 2017-2023 (~1.5 terms),2023-present,House
M001230,Ryan Mackenzie,Pennsylvania,2012-2024,2025-present,House
M001231,John Mannion,New York,c. 2021-2025 (50th district),2025-present,House
M001233,Mark Messmer,Indiana,2008-2014; 2014-2024,2025-present,House
M001234,Kelly Morrison,Minnesota,2019-2024,2025-present,House
M001235,Riley Moore,West Virginia,2017-2019 (dist 67),2025-present,House
M001236,Tim Moore,North Carolina,2003-2025,2025-present,House
M001237,Kristen McDonald Rivet,Michigan,2023-2025,2025-present,House
M001238,Sarah McBride,Delaware,2021-2025,2025-present,House
M001239,John McGuire,Virginia,VA House dist 56 2018-2024 (2 terms); VA Senate dist 10 2024-2025 (partial term),2025-present,House
M001241,Dave Min,California,2020-2024,2025-present,House
N000002,Jerrold Nadler,New York,1977-1992,1992-present,House
N000032,Bill Nelson,Florida,1972-1978,1979-1991 (House); 2001-2019 (Senate),Both
N000033,Gaylord Nelson,Wisconsin,1949-1959,1963-1981,Senate
N000081,Bob Ney,Ohio,1984-1994,1995-2006,House
N000095,Bill Nichols,Alabama,1958-1966,1967-1989,House
N000102,Don Nickles,Oklahoma,1979-1981,1981-2005,Senate
N000106,Howard C. Nielson,Utah,1967-1974 (Speaker in final term),1983-1991,House
N000127,Rick Nolan,Minnesota,1969-1973,"1975-1981, 2013-2019",House
N000143,Anne Northup,Kentucky,1987-1996,1997-2007,House
N000171,Sam Nunn,Georgia,1969-1972,1972-1997,Senate
N000179,Grace Napolitano,California,1992-1998,1999-2025,House
N000184,Kristi Noem,South Dakota,2007-2010 (dist 6),2011-2019,House
N000186,Alan Nunnelee,Mississippi,1995-2011,2011-2015,House
N000188,Donald Norcross,New Jersey,2010-2014,2014-present,House
N000189,Dan Newhouse,Washington,2003-2009; dist 15 (4 terms),2015-present,House
N000190,Ralph Norman,South Carolina,2005-2007; 2009-2017 (48th district; non-continuous),2017-present,House
N000193,Zach Nunn,Iowa,2015-2019; 2019-2023,2023-present,House
N000194,Wiley Nickel,North Carolina,2019-2023,2023-2025,House
O000001,Mary Oakar,Ohio,2000-2002,1977-1993,House
O000007,David Obey,Wisconsin,1963-1969,1969-2011,House
O000010,George M. O'Brien,Illinois,1971-1973,1973-1987,House
O000019,Jay Obernolte,California,2014-2020,2021-present,House
O000085,John Olver,Massachusetts,1969-1991,1991-2013,House
O000098,Tip O'Neill,Massachusetts,1936-1952,1953-1987,House
O000159,Major Owens,New York,1975-1982,1983-2007,House
O000163,Mike Oxley,Ohio,1973-1981,1981-2007,House
O000166,Butch Otter,Idaho,1972-1976 (Canyon County),2001-2007,House
O000167,Barack Obama,Illinois,1997-2004,2005-2008,Senate
O000171,Tom O'Halleran,Arizona,2001-2007; 2007-2009,2017-2023,House
O000173,Ilhan Omar,Minnesota,2017-2019,2019-present,House
O000176,Johnny Olszewski,Maryland,2006-2015,2025-present,House
O000177,Bob Onder,Missouri,2007-2023,2025-present,House
P000009,Bob Packwood,Oregon,1963-1969,1969-1995,Senate
P000034,Frank Pallone,New Jersey,1984-1988,1987-present,House
P000080,Stan Parris,Virginia,April 1969-November 1972 (dist 20 then 19; 1 term),"1973-1975, 1981-1991",House
P000096,Bill Pascrell,New Jersey,1988-1997,1997-2024,House
P000104,Bill Patman,Texas,1961-1981,1981-1985,House
P000112,Liz Patterson,South Carolina,1980-1987 (4th district 1980-85; 12th district 1985-87),1987-1993,House
P000145,Alex Padilla,California,2006-2014,2021-present,Senate
P000148,Bill Paxon,New York,1983-1988,1989-1999,House
P000170,Donald Pease,Ohio,1969-1977,1977-1993,House
P000171,Ed Pease,Indiana,1980-1992,1997-2001,House
P000215,Timothy Penny,Minnesota,1976-1982,1983-1995,House
P000218,Claude Pepper,Florida,1929-1931,1936-1951 (Senate); 1963-1989 (House),Both
P000229,Carl Christopher Perkins,Kentucky,1982-1984,1983-1993,House
P000230,Carl D. Perkins,Kentucky,elected 1940 (exact end year not confirmed in sources checked),1949-1985,House
P000258,Collin Peterson,Minnesota,1977-1986,1991-2021,House
P000263,John Peterson,Pennsylvania,1977-1996,1997-2009,House
P000265,Tom Petri,Wisconsin,1973-1979 (1 term),1979-2015,House
P000326,Owen B. Pickett,Virginia,1972-1986 (Virginia Beach-area district),1987-2001,House
P000373,Joseph Pitts,Pennsylvania,1973-1996,1997-2017,House
P000422,Earl Pomeroy,North Dakota,1980-1985,1993-2011,House
P000444,John Edward Porter,Illinois,1973-1979 (district 1),1979-2001,House
P000452,Glenn Poshard,Illinois,1984-1989 (district 59),1989-1999,House
P000556,David Pryor,Arkansas,1961-1966,1965-1973 (House); 1979-1997 (Senate),Both
P000574,Carl Pursell,Michigan,1971-1977,1977-1993,House
P000584,David D. Phelps,Illinois,1984-1998,1999-2003,House
P000585,Todd Platts,Pennsylvania,1993-2000,2001-2013,House
P000586,Adam Putnam,Florida,1996-2000,2001-2011,House
P000588,Stevan Pearce,New Mexico,1997-2001,"2003-2009, 2011-2019",House
P000589,Jon Porter,Nevada,1994-2002,2003-2009,House
P000590,Mark Pryor,Arkansas,1991-1995,2003-2015,Senate
P000591,Tom Price,Georgia,1997-2005,2005-2017,House
P000593,Ed Perlmutter,Colorado,1995-2003,2007-2023,House
P000594,Erik Paulsen,Minnesota,1995-2009,2009-2019,House
P000595,Gary Peters,Michigan,1995-2002,2009-2015 (House); 2015-present (Senate),Both
P000597,Chellie Pingree,Maine,1992-2000 (districts 21 then 12; Senate Majority Leader from 1996),2009-present,House
P000599,Bill Posey,Florida,1992-2000; 2000-2008,2009-2025,House
P000601,Steven Palazzo,Mississippi,2006-2011,2011-2023,House
P000605,Scott Perry,Pennsylvania,2007-2012,2013-present,House
P000606,Robert Pittenger,North Carolina,2003-2008,2013-2019,House
P000607,Mark Pocan,Wisconsin,1999-2013 (dist 78),2013-present,House
P000614,Chris Pappas,New Hampshire,2002-2006,2019-present,House
P000619,Mary Peltola,Alaska,1999-2009,2022-2025,House
P000620,Brittany Pettersen,Colorado,2013-2023,2023-present,House
P000621,Nellie Pou,New Jersey,1997-2025,2025-present,House
P000622,Jimmy Patronis,Florida,2006-2014,2025-present,House
Q000013,Jimmy Quillen,Tennessee,1954-1962 (Sullivan County dist; 4 terms),1963-1997,House
R000012,Tom Railsback,Illinois,1962-1966,1967-1983,House
R000033,Jim Ramstad,Minnesota,1981-1991,1991-2009,House
R000053,Charles Rangel,New York,1967-1971,1971-2017,House
R000067,William R. Ratchford,Connecticut,1963-1979,1979-1985,House
R000072,Arthur Ravenel Jr.,South Carolina,1953-1959 (House); 1981-1985; 1985-1987; 1997-2005 (Senate),1987-1995,House
R000103,Matt Rosendale,Montana,2011-2021,2021-2025,House
R000122,Jack Reed,Rhode Island,1985-1991 (elected 1984; 3 terms; exact end date approximate),1991-1997 (House); 1997-present (Senate),Both
R000141,Ralph Regula,Ohio,1964-1973,1973-2009,House
R000146,Harry Reid,Nevada,1969-1971,1983-1987 (House); 1987-2017 (Senate),Both
R000191,Abraham Ribicoff,Connecticut,1938-1942,1949-1953 (House); 1963-1981 (Senate),Both
R000262,Matthew J. Rinaldo,New Jersey,1967-1972,1973-1993,House
R000281,Lynn Rivers,Michigan,1993-1994,1995-2003,House
R000305,Deborah Ross,North Carolina,2003-2013,2021-present,House
R000308,Clint Roberts,South Dakota,1972-1978,1981-1983,House
R000312,Ray Roberts,Texas,1955-1961,1961-1981,House
R000337,J. Kenneth Robinson,Virginia,circa 1965/66-1970 (source lists conflicting end date of 1985 which overlaps his concurrent US House service - clearly an extraction error; true end date likely ~1970 when he entered Congress),1971-1985,House
R000361,Jay Rockefeller,West Virginia,1966-1968,1985-2015,Senate
R000386,James Rogan,California,1994-1996 (won Nov 1994 special election; partial term),1997-2001,House
R000435,Ileana Ros-Lehtinen,Florida,1982-1986; 1986-1989,1989-2019,House
R000458,Dan Rostenkowski,Illinois,1952-1954 (House; district 27); 1954-1959 (Senate),1959-1995,House
R000459,Toby Roth,Wisconsin,1973-1979 (dist 42),1979-1997,House
R000481,J. Roy Rowland,Georgia,1976-1982,1983-1995,House
R000482,John G. Rowland,Connecticut,1981-1985,1985-1991,House
R000486,Lucille Roybal-Allard,California,1987-1992,1993-2023,House
R000487,Ed Royce,California,1982-1993,1993-2019,House
R000510,Harold L. Runnels,New Mexico,1960-1970,1971-1981,House
R000568,Ciro Rodriguez,Texas,1987-1997,"1997-2005, 2007-2011",House
R000569,Thomas Reynolds,New York,1989-1998,1999-2009,House
R000571,Denny Rehberg,Montana,1985-1991,2001-2013,House
R000572,Mike Rogers,Michigan,1995-2001,2001-2015,House
R000573,Mike Ross,Arkansas,1991-2001,2001-2013,House
R000575,Mike Rogers,Alabama,1994-2002; became minority leader in 2nd term,2003-present,House
R000577,Tim Ryan,Ohio,2000-2002,2003-2023,House
R000580,Peter Roskam,Illinois,1993-1999 (House; district 40); 1999(2000)-2007 (Senate; districts 20 then 48),2007-2019,House
R000581,Laura Richardson,California,Assembly 2007 (few months); Senate 2024-present,2007-2013,House
R000584,Jim Risch,Idaho,1974-1988; 1995-2002 (non-consecutive),2009-present,Senate
R000588,Cedric Richmond,Louisiana,2000-2011,2011-2021,House
R000590,David Rivera,Florida,2002-2010,2011-2013,House
R000593,Dennis Ross,Florida,2000-2008,2011-2019,House
R000595,Marco Rubio,Florida,2000-2008,2011-2025,Senate
R000603,David Rouzer,North Carolina,2009-2013,2015-present,House
R000604,Steve Russell,Oklahoma,2009-2013,2015-2019,House
R000605,Mike Rounds,South Dakota,1991-2001 (Majority Leader from 1995),2015-present,Senate
R000606,Jamie Raskin,Maryland,2007-2016,2017-present,House
R000610,Guy Reschenthaler,Pennsylvania,2015-2019,2019-present,House
R000617,Delia Ramirez,Illinois,2018-2022 (district 4; first Guatemalan-American in IL General Assembly),2023-present,House
R000620,Luz Rivas,California,2018-2024,2025-present,House
R000621,Emily Randall,Washington,January 2019-December 2024 (2 terms),2025-present,House
S000005,Martin Olav Sabo,Minnesota,1961-1979,1979-2007,House
S000014,Pat Saiki,Hawaii,1968-1974 (House); 1974-1982 (Senate),1987-1991,House
S000018,Matt Salmon,Arizona,1991-1995,"1995-2001, 2013-2017",House
S000055,Terry Sanford,North Carolina,1953-1955,1986-1993,Senate
S000056,George Sangmeister,Illinois,1972-1977 (House); 1977-1987 (Senate; district 42),1989-1995,House
S000064,Paul Sarbanes,Maryland,1967-1971,1971-1977 (House); 1977-2007 (Senate),Both
S000066,Bill Sarpalius,Texas,1980-1989,1989-1995,House
S000070,David E. Satterfield III,Virginia,1960-1964 (multi-member district; 1 term),1965-1981,House
S000094,Thomas Sawyer,Ohio,1977-1983,1987-2003,House
S000097,Jim Saxton,New Jersey,1976-1984,1984-2009,House
S000109,Daniel Schaefer,Colorado,1976-1983,1983-1999,House
S000112,Bob Schaffer,Colorado,1987-1996,1997-2003,House
S000143,Bill Schuette,Michigan,1995-2003,1985-1991,House
S000146,Richard Schulze,Pennsylvania,1970-1974,1975-1993,House
S000148,Chuck Schumer,New York,1975-1981,1981-1999 (House); 1999-present (Senate),Both
S000185,Bobby Scott,Virginia,VA House dist 49/48 1978-1983 (1 term); VA Senate dist 2 1983-1993 (2 terms),1993-present,House
S000213,Andrea Seastrand,California,1990-1994,1995-1997,House
S000217,Keith Sebelius,Kansas,1962-1969,1969-1981,House
S000244,Jim Sensenbrenner,Wisconsin,WI Assembly 1973-1975 (1 term); WI Senate 1975-1979 (1 term),1979-2021,House
S000248,Jose E. Serrano,New York,1975-1990 (75th district 1975-83; 73rd district 1983-90),1990-2021,House
S000269,John Seymour,California,1982-1991,1991-1992,Senate
S000320,Richard Shelby,Alabama,1970-1978,1979-1987 (House); 1987-2023 (Senate),Both
S000332,Karen Shepherd,Utah,1990-1992,1993-1995,House
S000407,Gerald Sikorski,Minnesota,1977-1983,1983-1993,House
S000409,Mark Siljander,Michigan,1977-1981,1981-1987,House
S000423,Paul Simon,Illinois,House 1955-1963; Senate 1963-1969,1975-1985 (House); 1985-1997 (Senate),Both
S000429,Alan Simpson,Wyoming,1965-1977 (Speaker Pro Tempore),1979-1997,Senate
S000453,Norman Sisisky,Virginia,1974-1983 (5 terms),1983-2001,House
S000462,David Skaggs,Colorado,1981-1987,1987-1999,House
S000465,Ike Skelton,Missouri,1971-1977,1977-2011,House
S000477,Jim Slattery,Kansas,1973-1979,1983-1995,House
S000479,D. French Slaughter Jr.,Virginia,January 1958-January 1978 (20 years),1985-1991,House
S000480,Louise Slaughter,New York,1983-1986,1987-2018,House
S000510,Adam Smith,Washington,1991-1997 (1 term; elected 1990 at age 25),1997-present,House
S000579,Joseph Smith,Pennsylvania,1971-1981,1981-1983,House
S000583,Lamar Smith,Texas,1983-1985,1987-2019,House
S000586,Lawrence J. Smith,Florida,1978-1982,1983-1993,House
S000587,Linda Smith,Washington,1984-1987 (House); 1988-1995 (Senate),1995-1999,House
S000597,Nick Smith,Michigan,1979-1993,1993-2005,House
S000601,Peter P. Smith,Vermont,1981-1983 (Washington County; 1 term),1989-1991,House
S000607,"Robert F. ""Bob"" Smith",Oregon,1961-1983,"1983-1995, 1997-1999",House
S000662,Vincent Snowbarger,Kansas,1985-1997,1997-1999,House
S000663,Olympia Snowe,Maine,1973-1979,1979-1995 (House); 1995-2013 (Senate),Both
S000672,Vic Snyder,Arkansas,1991-1997,1997-2011,House
S000673,Stephen Solarz,New York,1969-1974,1975-1993,House
S000675,Gerald B.H. Solomon,New York,1973-1978,1979-1999,House
S000718,Floyd Spence,South Carolina,1957-1963 (House); 1967-1970 (Senate),1971-2001,House
S000762,Fernand St Germain,Rhode Island,1952-1961,1961-1989,House
S000770,Debbie Stabenow,Michigan,1979-1994,1997-2001 (House); 2001-2025 (Senate),Both
S000779,Harley O. Staggers Jr.,West Virginia,1980-1982 (dist 16; 1 term),1983-1993,House
S000795,Arlan Stangeland,Minnesota,1966-1975,1977-1991,House
S000852,John Stennis,Mississippi,1928-1932,1947-1989,Senate
S000888,Ted Stevens,Alaska,1964-1968,1968-2009,Senate
S000890,Adlai Stevenson III,Illinois,1965-1967,1970-1981,Senate
S000907,Donald W. Stewart,Alabama,House 1970-1974; Senate 1974-1978,1978-1981,Senate
S000929,Victoria Spartz,Indiana,2017-2020 (appointed 2017; elected 2018),2021-present,House
S000962,Richard (Dick) Stone,Florida,1967-1970,1975-1981,Senate
S000991,Michael Strang,Colorado,1970-1974 (introduced marijuana regulation legislation),1985-1987,House
S001044,Bob Stump,Arizona,1959-1967; 1967-1976,1977-2003,House
S001045,Bart Stupak,Michigan,1989-1991,1993-2011,House
S001142,Gordon Smith,Oregon,1993-1997 (Senate President 1995-1997),1997-2009,Senate
S001144,Chris Shays,Connecticut,1975-1987,1987-2009,House
S001145,Janice Schakowsky,Illinois,1991-1998,1999-present,House
S001147,Ronnie Shows,Mississippi,1980-1988,1999-2003,House
S001148,Mike Simpson,Idaho,1984-1998 (districts 26B then 31B; Speaker 1992-1998),1999-present,House
S001150,Adam Schiff,California,1996-2000,2001-2024 (House); 2024-present (Senate),Both
S001151,Ed Schrock,Virginia,1996-2001 (1 term),2001-2005,House
S001152,Rob Simmons,Connecticut,1991-2001,2001-2007,House
S001153,Hilda Solis,California,1992-2000,2001-2009,House
S001155,John Sullivan,Oklahoma,1995-2002,2002-2013,House
S001157,David Scott,Georgia,1975-1983; 1983-2003,2003-2026,House
S001158,John Salazar,Colorado,2003-2004,2005-2011,House
S001161,John Schwarz,Michigan,1987-2002,2005-2007,House
S001162,Allyson Schwartz,Pennsylvania,1991-2005,2005-2015,House
S001164,Jean Schmidt,Ohio,2001-2004; 2021-2022,2005-2013,House
S001165,Albio Sires,New Jersey,2000-2006,2006-2023,House
S001167,Bill Sali,Idaho,1990-2006,2007-2009,House
S001172,Adrian Smith,Nebraska,1999-2007,2007-present,House
S001174,Betty Sutton,Ohio,1993-2000,2007-2013,House
S001175,Jackie Speier,California,Assembly 1986-1996; Senate 1998-2006,2008-2023,House
S001176,Steve Scalise,Louisiana,1996-2008,2008-present,House
S001178,Mark Schauer,Michigan,1997-2009,2009-2011,House
S001179,Aaron Schock,Illinois,2005-2009 (district 92),2009-2015,House
S001180,Kurt Schrader,Oregon,1997-2009,2009-2023,House
S001181,Jeanne Shaheen,New Hampshire,1990-1996,2009-present,Senate
S001183,David Schweikert,Arizona,1991-1994,2011-present,House
S001184,Tim Scott,South Carolina,2009-2011,2011-2013 (House); 2013-present (Senate),Both
S001187,Steve Stivers,Ohio,2003-2008,2011-2021,House
S001188,Marlin Stutzman,Indiana,2003-2009; 2009-2010,"2010-2017, 2025-present",House
S001189,Austin Scott,Georgia,1996-2011,2011-present,House
S001191,Kyrsten Sinema,Arizona,House 2005-2011; Senate 2011-2012,2013-2019 (House); 2019-2025 (Senate),Both
S001194,Brian Schatz,Hawaii,1998-2006,2012-present,Senate
S001195,Jason Smith,Missouri,2005-2013,2013-present,House
S001199,Lloyd Smucker,Pennsylvania,2009-2016,2017-present,House
S001200,Darren Soto,Florida,2007-2012; 2012-2016,2017-present,House
S001214,Greg Steube,Florida,2010-2016; 2016-2018,2019-present,House
S001218,Melanie Stansbury,New Mexico,2019-2021,2021-present,House
S001223,Emilia Sykes,Ohio,2015-2022,2023-present,House
S001226,Andrea Salinas,Oregon,2017-2023,2023-present,House
S001227,Eric Schmitt,Missouri,2009-2017,2023-present,Senate
S001228,Derek Schmidt,Kansas,2001-2011,2025-present,House
S001230,Suhas Subramanyam,Virginia,VA House dist 87 2020-2024 (2 terms); VA Senate dist 32 2024-2025 (partial term),2025-present,House
T000024,Jim Talent,Missouri,1985-1993,1993-2001 (House); 2002-2007 (Senate),Both
T000034,Robin Tallon,South Carolina,1980-1982,1983-1993,House
T000038,John Tanner,Tennessee,January 1977-January 1987 (10 years),1989-2011,House
T000048,Randy Tate,Washington,"1989-1995 (source describes as ""one 6-year term"" = 3 bienniums)",1995-1997,House
T000053,Tom Tauke,Iowa,1975-1979,1979-1991,House
T000058,Billy Tauzin,Louisiana,1972-1980,1979-2005,House
T000067,Charles H. Taylor,North Carolina,1967-1975,1991-2007,House
T000074,Gene Taylor,Mississippi,1983-1989,1989-2011,House
T000113,Frank Tejeda,Texas,1976-1987 (House); 1987-1993 (Senate),1993-1997,House
T000162,Craig Thomas,Wyoming,1985-1989 (resigned May 1989),1989-1995 (House); 1995-2007 (Senate),Both
T000165,Tom Tiffany,Wisconsin,WI Assembly 2011-2013 (1 term); WI Senate 2013-2020 (partial/2 terms),2020-present,House
T000188,Bill Thomas,California,1974-1978,1979-2007,House
T000200,Frank Thompson Jr.,New Jersey,1950-1954,1955-1981,House
T000253,Karen Thurman,Florida,1983-1993,1993-2003,House
T000254,Strom Thurmond,South Carolina,1933-1938,"1954-1956, 1956-2003",Senate
T000260,Todd Tiahrt,Kansas,1992-1994,1995-2011,House
T000314,Peter Torkildsen,Massachusetts,1985-1991,1993-1997,House
T000356,Bob Traxler,Michigan,1962-1974,1973-1993,House
T000424,Jim Turner,Texas,1981-1984 (House); 1991-1996 (Senate),1997-2005,House
T000458,Tom Tancredo,Colorado,1977-1981,1999-2009,House
T000460,Mike Thompson,California,1990-1998,1999-present,House
T000462,Pat Tiberi,Ohio,1993-2000,2001-2018,House
T000464,Jon Tester,Montana,1999-2007,2007-2025,Senate
T000468,Dina Titus,Nevada,1988-2008,"2009-2011, 2013-present",House
T000469,Paul Tonko,New York,1983-2007 (105th district),2009-present,House
T000470,Scott Tipton,Colorado,2009-2011,2011-2021,House
T000473,Mark Takai,Hawaii,1994-2014 (districts 34 then 33),2015-2016,House
T000474,Norma Torres,California,Assembly 2008-2013; Senate 2013-2014,2015-present,House
T000476,Thom Tillis,North Carolina,2007-2015,2015-present,Senate
T000477,Scott Taylor,Virginia,January 2014-January 2017; dist 85 (1 term),2017-2019,House
T000478,Claudia Tenney,New York,2011-2016 (115th district 2011-13; 101st district 2013-16),"2017-2019, 2021-present",House
T000479,Van Taylor,Texas,2010-2015 (House district 66); 2015-2019 (Senate district 8),2019-2023,House
T000480,William Timmons,South Carolina,2016-2018,2019-present,House
T000481,Rashida Tlaib,Michigan,2009-2015,2019-present,House
T000487,Jill Tokuda,Hawaii,2006-2018 (24th district),2023-present,House
T000488,Shri Thanedar,Michigan,2021-2023,2023-present,House
T000489,Sylvester Turner,Texas,1989-2016,2025-2025,House
U000017,Jolene Unsoeld,Washington,January 1985-January 1989 (2 terms),1989-1995,House
U000038,Mark Udall,Colorado,1996-1998,1999-2009 (House); 2009-2015 (Senate),Both
V000027,Guy Vander Jagt,Michigan,1965-1966,1966-1993,House
V000087,Bruce Vento,Minnesota,1971-1976,1977-2001,House
V000112,Harold Volkmer,Missouri,1967-1977,1977-1997,House
V000126,George Voinovich,Ohio,1967-1971,1999-2011,Senate
V000127,David Vitter,Louisiana,1992-1999,1999-2005 (House); 2005-2017 (Senate),Both
V000128,Chris Van Hollen,Maryland,1991-2003,2003-2017 (House); 2017-present (Senate),Both
V000129,David Valadao,California,2010-2012,"2013-2019, 2021-present",House
V000130,Juan Vargas,California,Assembly 2000-2006; Senate 2010-2013,2013-present,House
V000131,Marc Veasey,Texas,2005-2013,2013-present,House
V000133,Jeff Van Drew,New Jersey,2002-2018,2019-present,House
W000038,Alton Waldon,New York,1983-1986,1985-1987,House
W000092,Malcolm Wallop,Wyoming,1973-1976,1977-1995,Senate
W000139,Mike Ward,Kentucky,1989-1993 (resigned Nov 1993),1995-1997,House
W000177,Craig Washington,Texas,1973-1982 (House district 86); 1983-1989 (Senate district 13),1989-1995,House
W000180,Harold Washington,Illinois,1965-1977 (House; district 26); 1977-1981 (Senate),1981-1985,House
W000187,Maxine Waters,California,1976-1990,1991-present,House
W000194,Wes Watkins,Oklahoma,1974-1976,"1977-1991, 1997-2003",House
W000207,Melvin Watt,North Carolina,1985-1987,1993-2014,House
W000215,Henry Waxman,California,1969-1974,1975-2015,House
W000273,Jerry Weller,Illinois,1987 (brief; unseated); 1989-1995 (districts 85 then 75),1995-2009,House
W000314,Robert Wexler,Florida,1990-1996,1997-2010,House
W000315,Robert Weygand,Rhode Island,1985-1993,1997-2001,House
W000326,Alan Wheat,Missouri,1976-1982,1983-1995,House
W000390,Richard C. White,Texas,1955-1959,1965-1983,House
W000413,Ed Whitfield,Kentucky,1974-1976,1995-2016,House
W000426,Robert Whittaker,Kansas,1974-1977,1979-1991,House
W000428,Jamie Whitten,Mississippi,1931-1932,1941-1995,House
W000437,Roger Wicker,Mississippi,1988-1994,1995-2007 (House); 2007-present (Senate),Both
W000520,Pat Williams,Montana,1967-1971,1979-1997,House
W000570,Charlie Wilson,Texas,1961-1963 (House); 1963-1967 (Senate),1973-1997,House
W000571,Charles H. Wilson,California,1955-1963,1963-1981,House
W000607,Pete Wilson,California,1966-1971,1983-1991,Senate
W000654,Bob Wise,West Virginia,1980-1982 (dist 17; 1 term),1983-2001,House
W000682,Howard Wolpe,Michigan,c. 1973-1978 (approximate; source did not give exact dates),1979-1993,House
W000763,Jim Wright,Texas,1947-1949,1955-1989,House
W000777,Joseph P. Wyatt Jr.,Texas,1971-1979,1979-1981,House
W000784,Albert Wynn,Maryland,1983-1993,1993-2008,House
W000788,Nikema Williams,Georgia,Dec 2017-Jan 2021,2021-present,House
W000791,Greg Walden,Oregon,1989-1997,1999-2021,House
W000794,Diane Watson,California,1978-1998,2001-2011,House
W000795,Joe Wilson,South Carolina,1985-2001,2001-present,House
W000796,Lynn Westmoreland,Georgia,1993-2005,2005-2017,House
W000797,Debbie Wasserman Schultz,Florida,1992-2000; 2000-2004,2005-present,House
W000798,Tim Walberg,Michigan,1983-1999,"2007-2009, 2011-present",House
W000800,Peter Welch,Vermont,1981-1989 (Pres pro tempore 1985-1989); 2001-2007 (Pres pro tempore 2003-2007),2007-2023 (House); 2023-present (Senate),Both
W000801,Charlie Wilson,Ohio,1997-2006,2007-2011,House
W000804,Rob Wittman,Virginia,January 2006-December 2007 (dist 99; 1 partial term),2007-present,House
W000806,Daniel Webster,Florida,1980-1998; 1998-2008,2011-present,House
W000808,Frederica Wilson,Florida,1998-2002; 2002-2010,2011-present,House
W000813,Jackie Walorski,Indiana,2005-2010,2013-2022,House
W000814,Randy Weber,Texas,2009-2013,2013-present,House
W000820,Mimi Walters,California,Assembly 2005-2008; Senate 2008-2015,2015-2019,House
W000821,Bruce Westerman,Arkansas,2011-2015 (House Minority Leader 2012; House Majority Leader 2013),2015-present,House
W000822,Bonnie Watson Coleman,New Jersey,1998-2015,2015-present,House
W000825,Jennifer Wexton,Virginia,January 2014-January 2019; dist 33 (special election win plus 1 full term),2019-2025,House
Y000014,Gus Yatron,Pennsylvania,1956-1968,1969-1993,House
Y000031,C. Young,Florida,1961-1970,1971-2013,House
Y000033,Don Young,Alaska,1967-1973,1973-2022,House
Y000047,Milton Young,North Dakota,1933-1945,1945-1981,Senate
Y000051,Robert A. Young,Missouri,1956-1976,1977-1987,House
Y000063,Kevin Yoder,Kansas,2003-2011,2011-2019,House
Y000066,David Young,Iowa,2023-present,2015-2019,House
Z000001,Clement Zablocki,Wisconsin,c.1942-1949 (elected 1942; served until election to Congress),1949-1983,House
Z000008,Dick Zimmer,New Jersey,1982-1991,1991-1997,House
Z000017,Lee Zeldin,New York,2011-2014,2015-2023,House
Z000018,Ryan Zinke,Montana,2009-2013,"2015-2017, 2023-present",House
