bioguide_id,name,gender,veteran,party,race
A000009,James Abdnor,Male,Yes,Republican,Not on House Historian lists
A000014,Neil Abercrombie,Male,No,Democrat,Not on House Historian lists
A000022,Gary Ackerman,Male,No,Democrat,Not on House Historian lists
A000076,Donald Albosta,Male,Yes,Democrat,Not on House Historian lists
A000109,Wayne Allard,Male,No,Republican,Not on House Historian lists
A000121,George Allen,Male,No,Republican,Not on House Historian lists
A000189,Glenn M. Anderson,Male,Yes,Democrat,Not on House Historian lists
A000207,Ike Andrews,Male,Yes,Democrat,Not on House Historian lists
A000211,Tom Andrews,Male,No,Democrat,Not on House Historian lists
A000214,Douglas Applegate,Male,No,Democrat,Not on House Historian lists
A000215,Bill Archer,Male,Yes,Republican,Not on House Historian lists
A000219,William L. Armstrong,Male,Yes,Republican,Not on House Historian lists
A000226,Chester Atkins,Male,No,Democrat,Not on House Historian lists
A000337,Les AuCoin,Male,Not found,Democrat,Not on House Historian lists
A000358,W. Akin,Male,Yes,Republican,Not on House Historian lists
A000361,Rodney Alexander,Male,Yes,Republican,Not on House Historian lists
A000364,John Adler,Male,No,Democrat,Not on House Historian lists
A000365,Steve Austria,Male,No,Republican,Asian or Pacific Islander
A000366,Sandy Adams,Female,No,Republican,Not on House Historian lists
A000367,Justin Amash,Male,No,Libertarian,Not on House Historian lists
A000369,Mark Amodei,Male,Yes,Republican,Not on House Historian lists
A000370,Alma Adams,Female,No,Democrat,Black
A000373,Brad Ashford,Male,No,Democrat,Not on House Historian lists
A000377,Kelly Armstrong,Male,No,Republican,Not on House Historian lists
B000013,Spencer Bachus,Male,No,Republican,Not on House Historian lists
B000024,Robert Badham,Male,Yes,Republican,Not on House Historian lists
B000029,Skip Bafalis,Male,Yes,Republican,Not on House Historian lists
B000047,Wendell Bailey,Male,No,Republican,Not on House Historian lists
B000072,Richard Baker,Male,No,Republican,Not on House Historian lists
B000078,Bill Baker,Male,No,Republican,Not on House Historian lists
B000081,John Baldacci,Male,No,Democrat,Not on House Historian lists
B000083,Alvin Baldus,Male,Not found,Democrat,Not on House Historian lists
B000104,Cass Ballenger,Male,Yes,Republican,Not on House Historian lists
B000134,James Barcia,Male,No,Democrat,Not on House Historian lists
B000177,Thomas Barrett,Male,No,Democrat,Not on House Historian lists
B000179,Bill Barrett,Male,Yes,Republican,Not on House Historian lists
B000220,Charles Bass,Male,No,Republican,Not on House Historian lists
B000229,Herbert H. Bateman,Male,Yes,Republican,Not on House Historian lists
B000243,Max Baucus,Male,No,Democrat,Not on House Historian lists
B000244,Robert Bauman,Male,Not found,Republican,Not on House Historian lists
B000254,Birch Bayh,Male,Not found,Democrat,Not on House Historian lists
B000279,Edward Beard,Male,Not found,Democrat,Not on House Historian lists
B000287,Xavier Becerra,Male,No,Democrat,Hispanic
B000318,Anthony Beilenson,Male,No,Democrat,Not on House Historian lists
B000363,Adam Benjamin Jr.,Male,Yes,Democrat,Not on House Historian lists
B000371,Charles Edward Bennett,Male,Yes,Democrat,Not on House Historian lists
B000403,Doug Bereuter,Male,Yes,Republican,Not on House Historian lists
B000410,Howard Berman,Male,No,Democrat,Not on House Historian lists
B000431,Tom Bevill,Male,Yes,Democrat,Not on House Historian lists
B000462,James Bilbray,Male,Yes,Democrat,Not on House Historian lists
B000490,Sanford Bishop,Male,Yes,Democrat,Black
B000517,Lucien Blackwell,Male,Yes,Democrat,Black
B000518,Rod Blagojevich,Male,No,Democrat,Not on House Historian lists
B000574,Earl Blumenauer,Male,No,Democrat,Not on House Historian lists
B000576,Peter Blute,Male,No,Republican,Not on House Historian lists
B000589,John Boehner,Male,No,Republican,Not on House Historian lists
B000600,Edward Boland,Male,No,Democrat,Not on House Historian lists
B000615,William Boner,Male,No,Democrat,Not on House Historian lists
B000619,David Bonior,Male,Yes,Democrat,Not on House Historian lists
B000639,David Boren,Male,Yes,Democrat,Not on House Historian lists
B000644,Robert Borski,Male,No,Democrat,Not on House Historian lists
B000648,Douglas Bosco,Male,No,Democrat,Not on House Historian lists
B000652,Leonard Boswell,Male,Yes,Democrat,Not on House Historian lists
B000657,Rick Boucher,Male,No,Democrat,Not on House Historian lists
B000668,Cliff Bentz,Male,No,Republican,Not on House Historian lists
B000716,Allen Boyd,Male,Yes,Democrat,Not on House Historian lists
B000740,Stephanie Bice,Female,No,Republican,Not on House Historian lists
B000755,Kevin Brady,Male,No,Republican,Not on House Historian lists
B000798,Joseph E. Brennan,Male,Yes,Democrat,Not on House Historian lists
B000817,Bill Brewster,Male,Yes,Democrat,Not on House Historian lists
B000839,Jack Brinkley,Male,Yes,Democrat,Not on House Historian lists
B000862,William Brodhead,Male,No,Democrat,Not on House Historian lists
B000880,Jack Brooks,Male,Yes,Democrat,Not on House Historian lists
B000890,William Broomfield,Male,Yes,Republican,Not on House Historian lists
B000897,Glen Browder,Male,No,Democrat,Not on House Historian lists
B000911,Corrine Brown,Female,No,Democrat,Black
B000918,George E. Brown Jr.,Male,No,Democrat,Not on House Historian lists
B000919,Hank Brown,Male,Yes,Republican,Not on House Historian lists
B000944,Sherrod Brown,Male,No,Democrat,Not on House Historian lists
B000971,Terry L. Bruce,Male,No,Democrat,Not on House Historian lists
B000993,Richard Bryan,Male,Yes,Democrat,Not on House Historian lists
B000997,John Bryant,Male,No,Democrat,Not on House Historian lists
B001036,Jack Buechner,Male,No,Republican,Not on House Historian lists
B001063,Jim Bunn,Male,Yes,Republican,Not on House Historian lists
B001066,Jim Bunning,Male,No,Republican,Not on House Historian lists
B001080,Clair Burgener,Male,Yes,Republican,Not on House Historian lists
B001149,Dan Burton,Male,Yes,Republican,Not on House Historian lists
B001153,John Burton,Male,Not found,Democrat,Not on House Historian lists
B001156,Phillip Burton,Male,Yes,Democrat,Not on House Historian lists
B001182,M. Caldwell Butler,Male,Yes,Republican,Not on House Historian lists
B001209,Harry F. Byrd Jr.,Male,Yes,Independent,Not on House Historian lists
B001210,Robert Byrd,Male,No,Democrat,Not on House Historian lists
B001213,Leslie Byrne,Female,No,Democrat,Not on House Historian lists
B001226,Peter Barca,Male,No,Democrat,Not on House Historian lists
B001230,Tammy Baldwin,Female,No,Democrat,Not on House Historian lists
B001231,Shelley Berkley,Female,No,Democrat,Not on House Historian lists
B001232,Judy Biggert,Female,No,Republican,Not on House Historian lists
B001234,Joe Baca,Male,Yes,Democrat,Hispanic
B001235,Henry Brown,Male,No,Republican,Not on House Historian lists
B001238,Frank Ballance,Male,Yes,Democrat,Black
B001239,Gresham Barrett,Male,Yes,Republican,Not on House Historian lists
B001243,Marsha Blackburn,Female,No,Republican,Not on House Historian lists
B001246,Jeb Bradley,Male,No,Republican,Not on House Historian lists
B001247,Ginny Brown-Waite,Female,No,Republican,Not on House Historian lists
B001249,Max Burns,Male,Yes,Republican,Not on House Historian lists
B001250,Rob Bishop,Male,No,Republican,Not on House Historian lists
B001254,Dan Boren,Male,No,Democrat,Not on House Historian lists
B001256,Michele Bachmann,Female,No,Republican,Not on House Historian lists
B001257,Gus Bilirakis,Male,No,Republican,Not on House Historian lists
B001261,John Barrasso,Male,No,Republican,Not on House Historian lists
B001263,John Boccieri,Male,Yes,Democrat,Not on House Historian lists
B001268,Scott Brown,Male,Yes,Republican,Not on House Historian lists
B001270,Karen Bass,Female,No,Democrat,Black
B001272,Rick Berg,Male,No,Republican,Not on House Historian lists
B001273,Diane Black,Female,No,Republican,Not on House Historian lists
B001274,Mo Brooks,Male,No,Republican,Not on House Historian lists
B001277,Richard Blumenthal,Male,Yes,Democrat,Not on House Historian lists
B001278,Suzanne Bonamici,Female,No,Democrat,Not on House Historian lists
B001281,Joyce Beatty,Female,No,Democrat,Black
B001285,Julia Brownley,Female,No,Democrat,Not on House Historian lists
B001289,Bradley Byrne,Male,No,Republican,Not on House Historian lists
B001293,Mike Bishop,Male,No,Republican,Not on House Historian lists
B001295,Mike Bost,Male,Yes,Republican,Not on House Historian lists
B001296,Brendan Boyle,Male,No,Democrat,Not on House Historian lists
B001299,Jim Banks,Male,Yes,Republican,Not on House Historian lists
B001302,Andy Biggs,Male,No,Republican,Not on House Historian lists
B001304,Anthony Brown,Male,Yes,Democrat,Black
B001306,Troy Balderson,Male,No,Republican,Not on House Historian lists
B001307,Jim Baird,Male,Yes,Republican,Not on House Historian lists
B001309,Tim Burchett,Male,No,Republican,Not on House Historian lists
B001310,Mike Braun,Male,No,Republican,Not on House Historian lists
B001311,Dan Bishop,Male,No,Republican,Not on House Historian lists
B001314,Aaron Bean,Male,No,Republican,Not on House Historian lists
B001316,Eric Burlison,Male,No,Republican,Not on House Historian lists
B001317,Josh Brecheen,Male,No,Republican,Not on House Historian lists
B001318,Becca Balint,Female,No,Democrat,Not on House Historian lists
B001321,Tom Barrett,Male,Yes,Republican,Not on House Historian lists
B001322,Michael Baumgartner,Male,No,Republican,Not on House Historian lists
B001326,Janelle Bynum,Female,No,Democrat,Black
C000052,Sonny Callahan,Male,Yes,Republican,Not on House Historian lists
C000071,Dave Camp,Male,No,Republican,Not on House Historian lists
C000077,Ben Nighthorse Campbell,Male,Yes,Republican,Not on House Historian lists
C000079,Carroll Campbell Jr.,Male,No,Republican,Not on House Historian lists
C000100,Tom Campbell,Male,No,Republican,Not on House Historian lists
C000107,Charles Canady,Male,No,Republican,Not on House Historian lists
C000127,Maria Cantwell,Female,No,Democrat,Not on House Historian lists
C000141,Ben Cardin,Male,No,Democrat,Not on House Historian lists
C000191,Julia Carson,Female,No,Democrat,Black
C000243,Michael N. Castle,Male,No,Republican,Not on House Historian lists
C000261,John Cavanaugh,Male,Not found,Democrat,Not on House Historian lists
C000293,Rod Chandler,Male,No,Republican,Not on House Historian lists
C000321,Bill Chappell,Male,Yes,Democrat,Not on House Historian lists
C000322,Eugene Chappie,Male,Yes,Republican,Not on House Historian lists
C000356,Lawton Chiles,Male,Yes,Democrat,Not on House Historian lists
C000371,Shirley Chisholm,Female,No,Democrat,Black
C000462,James McClure Clarke,Male,Yes,Democrat,Not on House Historian lists
C000512,James Cleveland,Male,Not found,Republican,Not on House Historian lists
C000556,Howard Coble,Male,Yes,Republican,Not on House Historian lists
C000618,E. Thomas Coleman,Male,No,Republican,Not on House Historian lists
C000621,Ronald D. Coleman,Male,Yes,Democrat,Not on House Historian lists
C000633,Barbara-Rose Collins,Female,No,Democrat,Black
C000640,Mac Collins,Male,No,Republican,Not on House Historian lists
C000666,Barber Conable,Male,Yes,Republican,Not on House Historian lists
C000670,Gary Condit,Male,No,Democrat,Not on House Historian lists
C000709,Silvio Conte,Male,No,Republican,Not on House Historian lists
C000737,Wes Cooley,Male,Yes,Republican,Not on House Historian lists
C000813,Paul Coverdell,Male,Yes,Republican,Not on House Historian lists
C000846,William Coyne,Male,Yes,Democrat,Not on House Historian lists
C000858,Larry Craig,Male,No,Republican,Not on House Historian lists
C000880,Mike Crapo,Male,No,Republican,Not on House Historian lists
C000962,Barbara Cubin,Female,No,Republican,Not on House Historian lists
C000984,Elijah Cummings,Male,No,Democrat,Black
C001034,Max Cleland,Male,Yes,Democrat,Not on House Historian lists
C001038,Joseph Crowley,Male,No,Democrat,Not on House Historian lists
C001045,Ander Crenshaw,Male,No,Republican,Not on House Historian lists
C001046,Eric Cantor,Male,No,Republican,Not on House Historian lists
C001047,Shelley Moore Capito,Female,No,Republican,Not on House Historian lists
C001048,John Culberson,Male,No,Republican,Not on House Historian lists
C001049,Lacy Clay,Male,No,Democrat,Black
C001050,Dennis Cardoza,Male,No,Democrat,Hispanic
C001053,Tom Cole,Male,No,Republican,Not on House Historian lists
C001055,Ed Case,Male,No,Democrat,Not on House Historian lists
C001059,Jim Costa,Male,No,Democrat,Hispanic
C001060,Russ Carnahan,Male,No,Democrat,Not on House Historian lists
C001063,Henry Cuellar,Male,No,Democrat,Hispanic
C001064,John Campbell,Male,No,Republican,Not on House Historian lists
C001068,Steve Cohen,Male,No,Democrat,Not on House Historian lists
C001069,Joe Courtney,Male,No,Democrat,Not on House Historian lists
C001073,Donald Cazayoux,Male,Not found,Democrat,Not on House Historian lists
C001075,Bill Cassidy,Male,No,Republican,Not on House Historian lists
C001077,Mike Coffman,Male,Yes,Republican,Not on House Historian lists
C001080,Judy Chu,Female,No,Democrat,Asian or Pacific Islander
C001084,David Cicilline,Male,No,Democrat,Not on House Historian lists
C001085,Hansen Clarke,Male,No,Democrat,Black; Asian or Pacific Islander
C001091,Joaquin Castro,Male,No,Democrat,Hispanic
C001093,Doug Collins,Male,Yes,Republican,Not on House Historian lists
C001094,Paul Cook,Male,Yes,Republican,Not on House Historian lists
C001097,Tony Cardenas,Male,No,Democrat,Hispanic
C001101,Katherine Clark,Female,No,Democrat,Not on House Historian lists
C001103,Buddy Carter,Male,No,Republican,Not on House Historian lists
C001105,Barbara Comstock,Female,No,Republican,Not on House Historian lists
C001108,James Comer,Male,No,Republican,Not on House Historian lists
C001110,Lou Correa,Male,No,Democrat,Hispanic
C001111,Charlie Crist,Male,No,Democrat,Not on House Historian lists
C001118,Ben Cline,Male,No,Republican,Not on House Historian lists
C001125,Troy Carter,Male,No,Democrat,Black
C001128,Connie Conway,Female,No,Republican,Not on House Historian lists
C001130,Jasmine Crockett,Female,No,Democrat,Black
C001134,Yadira Caraveo,Female,No,Democrat,Hispanic
C001136,Herb Conaway,Male,Yes,Democrat,Black
D000032,Byron Donalds,Male,No,Republican,Black
D000038,"W.C. ""Dan"" Daniel",Male,No,Democrat,Not on House Historian lists
D000043,George Danielson,Male,Yes,Democrat,Not on House Historian lists
D000044,William Dannemeyer,Male,Yes,Republican,Not on House Historian lists
D000046,Pat Danner,Female,No,Democrat,Not on House Historian lists
D000051,Buddy Darden,Male,No,Democrat,Not on House Historian lists
D000106,Jack Davis,Male,Yes,Republican,Not on House Historian lists
D000114,James Davis,Male,No,Democrat,Not on House Historian lists
D000131,Bob Davis,Male,No,Republican,Not on House Historian lists
D000168,Nathan Deal,Male,Yes,Republican,Not on House Historian lists
D000183,Joel Deckard,Male,No,Republican,Not on House Historian lists
D000197,Diana DeGette,Female,No,Democrat,Not on House Historian lists
D000203,Kika de la Garza,Male,Yes,Democrat,Hispanic
D000210,Bill Delahunt,Male,Yes,Democrat,Not on House Historian lists
D000217,Tom DeLay,Male,No,Republican,Not on House Historian lists
D000230,Don Davis,Male,Yes,Democrat,Black
D000231,Lawrence J. DeNardis,Male,Yes,Republican,Not on House Historian lists
D000267,Butler Derrick,Male,No,Democrat,Not on House Historian lists
D000269,Edward Derwinski,Male,Yes,Republican,Not on House Historian lists
D000275,Peter Deutsch,Male,No,Democrat,Not on House Historian lists
D000294,Mike DeWine,Male,No,Republican,Not on House Historian lists
D000299,Lincoln Diaz-Balart,Male,No,Republican,Hispanic
D000366,Alan J. Dixon,Male,Yes,Democrat,Not on House Historian lists
D000373,Julian Dixon,Male,Yes,Democrat,Black
D000399,Lloyd Doggett,Male,No,Democrat,Not on House Historian lists
D000401,Bob Dole,Male,Yes,Republican,Not on House Historian lists
D000416,Brian Donnelly,Male,No,Democrat,Not on House Historian lists
D000429,John Doolittle,Male,No,Republican,Not on House Historian lists
D000446,Charles Dougherty,Male,Yes,Republican,Not on House Historian lists
D000537,Robert Duncan,Male,Not found,Democrat,Not on House Historian lists
D000586,Bernard J. Dwyer,Male,Yes,Democrat,Not on House Historian lists
D000592,Mervyn Dymally,Male,No,Democrat,Black
D000593,Roy Dyson,Male,No,Democrat,Not on House Historian lists
D000597,Jo Ann Davis,Female,No,Republican,Not on House Historian lists
D000598,Susan Davis,Female,No,Democrat,Not on House Historian lists
D000599,Lincoln Davis,Male,No,Democrat,Not on House Historian lists
D000600,Mario Diaz-Balart,Male,No,Republican,Hispanic
D000604,Charlie Dent,Male,No,Republican,Not on House Historian lists
D000605,Thelma Drake,Female,No,Republican,Not on House Historian lists
D000606,David Davis,Male,No,Republican,Not on House Historian lists
D000609,Steve Driehaus,Male,No,Democrat,Not on House Historian lists
D000610,Ted Deutch,Male,No,Democrat,Not on House Historian lists
D000611,Charles Djou,Male,Not found,Republican,Asian or Pacific Islander
D000612,Jeff Denham,Male,Yes,Republican,Not on House Historian lists
D000615,Jeff Duncan,Male,No,Republican,Not on House Historian lists
D000623,Mark DeSaulnier,Male,No,Democrat,Not on House Historian lists
D000631,Madeleine Dean,Female,No,Democrat,Not on House Historian lists
D000635,Maxine Dexter,Female,No,Democrat,Not on House Historian lists
E000013,Joseph D. Early,Male,Yes,Democrat,Not on House Historian lists
E000031,Dennis Eckart,Male,No,Democrat,Not on House Historian lists
E000033,Fred Eckert,Male,Yes,Republican,Not on House Historian lists
E000035,Bob Eckhardt,Male,Not found,Democrat,Not on House Historian lists
E000063,Thomas Edwards,Male,No,Democrat,Not on House Historian lists
E000071,Jake Ellzey,Male,Yes,Republican,Not on House Historian lists
E000092,Vernon Ehlers,Male,No,Republican,Not on House Historian lists
E000093,Bob Ehrlich,Male,No,Republican,Not on House Historian lists
E000175,David F. Emery,Male,No,Republican,Not on House Historian lists
E000179,Eliot Engel,Male,No,Democrat,Not on House Historian lists
E000186,Karan English,Female,No,Democrat,Not on House Historian lists
E000198,Arlen Erdahl,Male,Yes,Republican,Not on House Historian lists
E000201,Ben Erdreich,Male,Yes,Democrat,Not on House Historian lists
E000226,Bob Etheridge,Male,Yes,Democrat,Not on House Historian lists
E000233,Billy Lee Evans,Male,No,Democrat,Not on House Historian lists
E000236,Daniel J. Evans,Male,Yes,Republican,Not on House Historian lists
E000246,Chuck Edwards,Male,No,Republican,Not on House Historian lists
E000259,T. Cooper Evans,Male,Yes,Republican,Not on House Historian lists
E000282,Tom Ewing,Male,No,Republican,Not on House Historian lists
E000285,Mike Enzi,Male,Yes,Republican,Not on House Historian lists
E000288,Keith Ellison,Male,No,Democrat,Black
E000293,Elizabeth Esty,Female,No,Democrat,Not on House Historian lists
E000294,Tom Emmer,Male,No,Republican,Not on House Historian lists
E000295,Joni Ernst,Female,Yes,Republican,Not on House Historian lists
E000296,Dwight Evans,Male,No,Democrat,Black
E000297,Adriano Espaillat,Male,No,Democrat,Black; Hispanic
E000300,Gabe Evans,Male,Yes,Republican,Hispanic
E000301,Sarah Elfreth,Female,No,Democrat,Not on House Historian lists
F000030,Sam Farr,Male,No,Democrat,Not on House Historian lists
F000040,John G. Fary,Male,No,Democrat,Not on House Historian lists
F000041,Dante Fascell,Male,Yes,Democrat,Not on House Historian lists
F000043,Chaka Fattah,Male,No,Democrat,Black
F000049,Harris Fawell,Male,No,Republican,Not on House Historian lists
F000053,Vic Fazio,Male,No,Democrat,Not on House Historian lists
F000059,Edward Feighan,Male,No,Democrat,Not on House Historian lists
F000061,Russ Feingold,Male,No,Democrat,Not on House Historian lists
F000078,Millicent Fenwick,Female,No,Republican,Not on House Historian lists
F000110,Cleo Fields,Male,No,Democrat,Black
F000128,Eric Fingerhut,Male,No,Democrat,Not on House Historian lists
F000208,Ronnie Flippo,Male,No,Democrat,Not on House Historian lists
F000215,James Florio,Male,Yes,Democrat,Not on House Historian lists
F000238,Mark Foley,Male,No,Republican,Not on House Historian lists
F000246,Pat Fallon,Male,Yes,Republican,Not on House Historian lists
F000261,Harold Ford Sr.,Male,No,Democrat,Black
F000268,Wendell Ford,Male,Yes,Democrat,Not on House Historian lists
F000270,William D. Ford,Male,Yes,Democrat,Not on House Historian lists
F000286,Edwin B. Forsythe,Male,No,Republican,Not on House Historian lists
F000319,L. H. Fountain,Male,No,Democrat,Not on House Historian lists
F000332,Jon Fox,Male,Yes,Republican,Not on House Historian lists
F000339,Barney Frank,Male,No,Democrat,Not on House Historian lists
F000349,Bob Franks,Male,No,Republican,Not on House Historian lists
F000372,Rodney Frelinghuysen,Male,Yes,Republican,Not on House Historian lists
F000380,Bill Frenzel,Male,Yes,Republican,Not on House Historian lists
F000387,Dan Frisa,Male,No,Republican,Not on House Historian lists
F000430,Don Fuqua,Male,Yes,Democrat,Not on House Historian lists
F000438,Sheila Frahm,Female,Not found,Republican,Not on House Historian lists
F000441,Ernie Fletcher,Male,No,Republican,Not on House Historian lists
F000442,Peter Fitzgerald,Male,No,Republican,Not on House Historian lists
F000445,J. Randy Forbes,Male,No,Republican,Not on House Historian lists
F000446,Randy Feenstra,Male,No,Republican,Not on House Historian lists
F000447,Tom Feeney,Male,No,Republican,Not on House Historian lists
F000448,Trent Franks,Male,No,Republican,Not on House Historian lists
F000450,Virginia Foxx,Female,No,Republican,Not on House Historian lists
F000453,Mary Fallin,Female,No,Republican,Not on House Historian lists
F000462,Lois Frankel,Female,No,Democrat,Not on House Historian lists
F000463,Deb Fischer,Female,No,Republican,Not on House Historian lists
F000464,John Faso,Male,No,Republican,Not on House Historian lists
F000467,Abby Finkenauer,Female,No,Democrat,Not on House Historian lists
F000469,Russ Fulcher,Male,No,Republican,Not on House Historian lists
F000470,Michelle Fischbach,Female,No,Republican,Not on House Historian lists
F000471,Scott Fitzgerald,Male,Yes,Republican,Not on House Historian lists
F000474,Mike Flood,Male,No,Republican,Not on House Historian lists
F000475,Brad Finstad,Male,No,Republican,Not on House Historian lists
F000478,Russell Fry,Male,No,Republican,Not on House Historian lists
F000480,Vince Fong,Male,No,Republican,Asian or Pacific Islander
F000483,Laura Friedman,Female,No,Democrat,Not on House Historian lists
F000484,Randy Fine,Male,No,Republican,Not on House Historian lists
G000025,Dean A. Gallo,Male,No,Republican,Not on House Historian lists
G000047,Robert Garcia,Male,Yes,Democrat,Hispanic
G000105,Joseph M. Gaydos,Male,No,Democrat,Not on House Historian lists
G000120,Sam Gejdenson,Male,No,Democrat,Not on House Historian lists
G000121,George Gekas,Male,Yes,Republican,Not on House Historian lists
G000152,Jim Gibbons,Male,Yes,Republican,Not on House Historian lists
G000153,Sam Gibbons,Male,Yes,Democrat,Not on House Historian lists
G000210,Paul Gillmor,Male,Yes,Republican,Not on House Historian lists
G000212,Benjamin Gilman,Male,Yes,Republican,Not on House Historian lists
G000272,Henry B. Gonzalez,Male,No,Democrat,Hispanic
G000280,Virgil Goode,Male,Yes,Republican,Not on House Historian lists
G000333,Slade Gorton,Male,Yes,Republican,Not on House Historian lists
G000352,Bob Graham,Male,No,Democrat,Not on House Historian lists
G000359,Lindsey Graham,Male,Yes,Republican,Not on House Historian lists
G000382,Bill Grant,Male,No,Republican,Not on House Historian lists
G000386,Chuck Grassley,Male,No,Republican,Not on House Historian lists
G000388,Mike Gravel,Male,Not found,Democrat,Not on House Historian lists
G000410,Gene Green,Male,No,Democrat,Not on House Historian lists
G000417,Sedgwick Green,Male,Yes,Republican,Not on House Historian lists
G000439,Jim Greenwood,Male,No,Republican,Not on House Historian lists
G000480,Wayne Grisham,Male,Yes,Republican,Not on House Historian lists
G000499,John E. Grotberg,Male,Not found,Republican,Not on House Historian lists
G000511,Frank J. Guarini,Male,Yes,Democrat,Not on House Historian lists
G000515,Vonno Gudger,Male,Not found,Democrat,Not on House Historian lists
G000524,Steve Gunderson,Male,No,Republican,Not on House Historian lists
G000536,Gil Gutknecht,Male,No,Republican,Not on House Historian lists
G000537,Tennyson Guyer,Male,Not found,Republican,Not on House Historian lists
G000545,Mark Green,Male,No,Republican,Not on House Historian lists
G000546,Sam Graves,Male,No,Republican,Not on House Historian lists
G000548,Scott Garrett,Male,No,Republican,Not on House Historian lists
G000549,Jim Gerlach,Male,No,Republican,Not on House Historian lists
G000550,Phil Gingrey,Male,No,Republican,Not on House Historian lists
G000554,Gabby Giffords,Female,Yes,Democrat,Not on House Historian lists
G000557,Parker Griffith,Male,No,Republican,Not on House Historian lists
G000558,Brett Guthrie,Male,Yes,Republican,Not on House Historian lists
G000559,John Garamendi,Male,No,Democrat,Not on House Historian lists
G000560,Tom Graves,Male,No,Republican,Not on House Historian lists
G000562,Cory Gardner,Male,No,Republican,Not on House Historian lists
G000563,Bob Gibbs,Male,No,Republican,Not on House Historian lists
G000568,Morgan Griffith,Male,No,Republican,Not on House Historian lists
G000570,Frank Guinta,Male,No,Republican,Not on House Historian lists
G000571,Tulsi Gabbard,Female,Yes,Democrat,Asian or Pacific Islander
G000572,Pete Gallego,Male,No,Democrat,Hispanic
G000574,Ruben Gallego,Male,Yes,Democrat,Hispanic
G000576,Glenn Grothman,Male,No,Republican,Not on House Historian lists
G000578,Matt Gaetz,Male,No,Republican,Not on House Historian lists
G000580,Tom Garrett,Male,Yes,Republican,Not on House Historian lists
G000585,Jimmy Gomez,Male,No,Democrat,Hispanic
G000586,"Jesus ""Chuy"" Garcia",Male,No,Democrat,Hispanic
G000587,Sylvia Garcia,Female,No,Democrat,Hispanic
G000589,Lance Gooden,Male,No,Republican,Not on House Historian lists
G000590,Mark Green,Male,Yes,Republican,Not on House Historian lists
G000592,Jared Golden,Male,Yes,Democrat,Not on House Historian lists
G000597,Andrew Garbarino,Male,No,Republican,Not on House Historian lists
G000601,Craig Goldman,Male,No,Republican,Not on House Historian lists
G000605,Adam Gray,Male,No,Democrat,Not on House Historian lists
H000012,Tom Hagedorn,Male,Yes,Republican,Not on House Historian lists
H000058,Katie Hall,Female,No,Democrat,Black
H000067,Ralph Hall,Male,Yes,Republican,Not on House Historian lists
H000074,Tony Hall,Male,No,Democrat,Not on House Historian lists
H000144,Kent Hance,Male,No,Democrat,Not on House Historian lists
H000172,James V. Hansen,Male,Yes,Republican,Not on House Historian lists
H000302,Thomas F. Hartnett,Male,No,Republican,Not on House Historian lists
H000323,Dennis Hastert,Male,No,Republican,Not on House Historian lists
H000329,Doc Hastings,Male,Yes,Republican,Not on House Historian lists
H000340,Charles Hatcher,Male,Yes,Democrat,Not on House Historian lists
H000343,Mark Hatfield,Male,Yes,Republican,Not on House Historian lists
H000367,Augustus Hawkins,Male,No,Democrat,Black
H000439,Chic Hecht,Male,Yes,Republican,Not on House Historian lists
H000444,Joel Hefley,Male,No,Republican,Not on House Historian lists
H000514,Paul B. Henry,Male,No,Republican,Not on House Historian lists
H000528,Wally Herger,Male,No,Republican,Not on House Historian lists
H000547,Dennis Hertel,Male,No,Democrat,Not on House Historian lists
H000582,Jack Hightower,Male,Yes,Democrat,Not on House Historian lists
H000621,Earl Hilliard Sr.,Male,No,Democrat,Black
H000624,Elwood Hillis,Male,Yes,Republican,Not on House Historian lists
H000627,Maurice Hinchey,Male,Yes,Democrat,Not on House Historian lists
H000652,Peter Hoagland,Male,Yes,Democrat,Not on House Historian lists
H000666,David Hobson,Male,Yes,Republican,Not on House Historian lists
H000670,George Hochbrueckner,Male,Yes,Democrat,Not on House Historian lists
H000722,Harold C. Hollenbeck,Male,Yes,Republican,Not on House Historian lists
H000725,Fritz Hollings,Male,No,Democrat,Not on House Historian lists
H000762,Darlene Hooley,Female,No,Democrat,Not on House Historian lists
H000776,Larry Hopkins,Male,Yes,Republican,Not on House Historian lists
H000874,Steny Hoyer,Male,No,Democrat,Not on House Historian lists
H000878,Carroll Hubbard,Male,Yes,Democrat,Not on House Historian lists
H000905,Walter Huddleston,Male,Yes,Democrat,Not on House Historian lists
H000951,Gordon Humphrey,Male,Yes,Republican,Not on House Historian lists
H001015,Tim Hutchinson,Male,No,Republican,Not on House Historian lists
H001016,Kay Bailey Hutchison,Female,No,Republican,Not on House Historian lists
H001018,Earl Hutto,Male,Yes,Democrat,Not on House Historian lists
H001022,Henry Hyde,Male,Yes,Republican,Not on House Historian lists
H001029,Robin Hayes,Male,No,Republican,Not on House Historian lists
H001030,Baron Hill,Male,No,Democrat,Not on House Historian lists
H001031,Joseph Hoeffel,Male,No,Democrat,Not on House Historian lists
H001033,Melissa Hart,Female,No,Republican,Not on House Historian lists
H001034,Michael Honda,Male,No,Democrat,Asian or Pacific Islander
H001035,Katherine Harris,Female,No,Republican,Not on House Historian lists
H001038,Brian Higgins,Male,No,Democrat,Not on House Historian lists
H001041,Dean Heller,Male,No,Republican,Not on House Historian lists
H001042,Mazie Hirono,Female,No,Democrat,Asian or Pacific Islander
H001044,Debbie Halvorson,Female,No,Democrat,Not on House Historian lists
H001049,Kay Hagan,Female,No,Democrat,Not on House Historian lists
H001050,Colleen Hanabusa,Female,No,Democrat,Asian or Pacific Islander
H001052,Andy Harris,Male,Yes,Republican,Not on House Historian lists
H001053,Vicky Hartzler,Female,No,Republican,Not on House Historian lists
H001055,Joe Heck,Male,Yes,Republican,Not on House Historian lists
H001056,Jaime Herrera Beutler,Female,No,Republican,Hispanic
H001057,Tim Huelskamp,Male,No,Republican,Not on House Historian lists
H001058,Bill Huizenga,Male,No,Republican,Not on House Historian lists
H001059,Randy Hultgren,Male,No,Republican,Not on House Historian lists
H001060,Robert Hurt,Male,No,Republican,Not on House Historian lists
H001064,Denny Heck,Male,No,Democrat,Not on House Historian lists
H001066,Steven Horsford,Male,No,Democrat,Black
H001068,Jared Huffman,Male,No,Democrat,Not on House Historian lists
H001070,Cresent Hardy,Male,No,Republican,Not on House Historian lists
H001076,Maggie Hassan,Female,No,Democrat,Not on House Historian lists
H001079,Cindy Hyde-Smith,Female,No,Republican,Not on House Historian lists
H001084,Yvette Herrell,Female,No,Republican,Not on House Historian lists
H001091,Ashley Hinson,Female,No,Republican,Not on House Historian lists
H001093,Erin Houchin,Female,No,Republican,Not on House Historian lists
H001094,Val Hoyle,Female,No,Democrat,Not on House Historian lists
H001099,Mike Haridopolos,Male,No,Republican,Not on House Historian lists
H001104,Jon Husted,Male,No,Republican,Not on House Historian lists
I000001,Richard Ichord,Male,Not found,Democrat,Not on House Historian lists
I000024,Jim Inhofe,Male,Yes,Republican,Not on House Historian lists
I000025,Daniel Inouye,Male,Yes,Democrat,Asian or Pacific Islander
I000026,Jay Inslee,Male,No,Democrat,Not on House Historian lists
I000047,Ernest Istook,Male,No,Republican,Not on House Historian lists
I000055,Johnny Isakson,Male,No,Republican,Not on House Historian lists
J000020,Chris Jacobs,Male,No,Republican,Not on House Historian lists
J000033,Andrew Jacobs Jr.,Male,Yes,Democrat,Not on House Historian lists
J000070,William J. Jefferson,Male,Yes,Democrat,Black
J000072,Jim Jeffords,Male,Yes,Independent,Not on House Historian lists
J000082,Bill Jenkins,Male,Yes,Republican,Not on House Historian lists
J000099,John Jenrette,Male,Not found,Democrat,Not on House Historian lists
J000101,Roger Jepsen,Male,Yes,Republican,Not on House Historian lists
J000110,Christopher John,Male,No,Democrat,Not on House Historian lists
J000120,Don Johnson Jr.,Male,Yes,Democrat,Not on House Historian lists
J000126,Eddie Bernice Johnson,Female,No,Democrat,Black
J000135,Harold Johnson,Male,Not found,Democrat,Not on House Historian lists
J000163,Nancy Johnson,Female,No,Republican,Not on House Historian lists
J000174,Sam Johnson,Male,Yes,Republican,Not on House Historian lists
J000177,Tim Johnson,Male,No,Democrat,Not on House Historian lists
J000187,Harry Johnston,Male,Yes,Democrat,Not on House Historian lists
J000189,J. Bennett Johnston,Male,Yes,Democrat,Not on House Historian lists
J000255,Walter B. Jones Jr.,Male,Yes,Republican,Not on House Historian lists
J000256,Walter Jones,Male,No,Democrat,Not on House Historian lists
J000265,Jim Jontz,Male,No,Democrat,Not on House Historian lists
J000285,Tim Johnson,Male,No,Republican,Not on House Historian lists
J000289,Jim Jordan,Male,No,Republican,Not on House Historian lists
J000290,Lynn Jenkins,Female,No,Republican,Not on House Historian lists
J000294,Hakeem Jeffries,Male,No,Democrat,Black
J000297,Evan Jenkins,Male,No,Republican,Not on House Historian lists
J000298,Pramila Jayapal,Female,No,Democrat,Asian or Pacific Islander
J000299,Mike Johnson,Male,No,Republican,Not on House Historian lists
J000308,Jeff Jackson,Male,Yes,Democrat,Not on House Historian lists
J000310,Julie Johnson,Female,No,Democrat,Not on House Historian lists
K000016,John Kasich,Male,No,Republican,Not on House Historian lists
K000019,Bob Kasten,Male,Yes,Republican,Not on House Historian lists
K000025,Abraham Kazen Jr.,Male,Yes,Democrat,Not on House Historian lists
K000113,Patrick J. Kennedy,Male,No,Democrat,Not on House Historian lists
K000172,Dale Kildee,Male,No,Democrat,Not on House Historian lists
K000180,Carolyn Kilpatrick,Female,No,Democrat,Black
K000190,Thomas Kindness,Male,No,Republican,Not on House Historian lists
K000220,Jack Kingston,Male,No,Republican,Not on House Historian lists
K000259,Jerry Kleczka,Male,Yes,Democrat,Not on House Historian lists
K000262,Herbert C. Klein,Male,Yes,Democrat,Not on House Historian lists
K000304,Raymond Kogovsek,Male,No,Democrat,Not on House Historian lists
K000306,Jim Kolbe,Male,Yes,Republican,Not on House Historian lists
K000307,Joseph P. Kolter,Male,Yes,Democrat,Not on House Historian lists
K000309,Ernie Konnyu,Male,Yes,Republican,Not on House Historian lists
K000312,Michael Kopetski,Male,No,Democrat,Not on House Historian lists
K000322,Ken Kramer,Male,Yes,Republican,Not on House Historian lists
K000328,Mike Kreidler,Male,Yes,Democrat,Not on House Historian lists
K000336,Dennis Kucinich,Male,No,Democrat,Not on House Historian lists
K000357,Steven Kuykendall,Male,Yes,Republican,Not on House Historian lists
K000362,Steve King,Male,No,Republican,Not on House Historian lists
K000364,Randy Kuhl,Male,No,Republican,Not on House Historian lists
K000366,Ron Klein,Male,No,Democrat,Not on House Historian lists
K000368,Ann Kirkpatrick,Female,No,Democrat,Not on House Historian lists
K000370,Suzanne Kosmas,Female,No,Democrat,Not on House Historian lists
K000375,William Keating,Male,No,Democrat,Not on House Historian lists
K000381,Derek Kilmer,Male,No,Democrat,Not on House Historian lists
K000385,Robin Kelly,Female,No,Democrat,Black
K000387,Steve Knight,Male,Yes,Republican,Not on House Historian lists
K000390,Ruben Kihuen,Male,No,Democrat,Hispanic
K000395,Fred Keller,Male,No,Republican,Not on House Historian lists
K000396,Kai Kahele,Male,No,Democrat,Asian or Pacific Islander
K000397,Young Kim,Female,No,Republican,Asian or Pacific Islander
K000398,Thomas Kean Jr.,Male,No,Republican,Not on House Historian lists
K000399,Jen Kiggans,Female,Yes,Republican,Not on House Historian lists
K000400,Sydney Kamlager-Dove,Female,No,Democrat,Black
K000401,Kevin Kiley,Male,No,Independent,Not on House Historian lists
K000402,Tim Kennedy,Male,No,Democrat,Not on House Historian lists
K000403,Mike Kennedy,Male,No,Republican,Not on House Historian lists
L000020,Robert J. Lagomarsino,Male,Yes,Republican,Not on House Historian lists
L000045,H. Martin Lancaster,Male,Yes,Democrat,Not on House Historian lists
L000116,Delbert Latta,Male,No,Republican,Not on House Historian lists
L000167,Buddy Leach,Male,Not found,Democrat,Not on House Historian lists
L000187,Raymond Lederer,Male,No,Democrat,Not on House Historian lists
L000192,Gary A. Lee,Male,Yes,Republican,Not on House Historian lists
L000225,Richard H. Lehman,Male,No,Democrat,Not on House Historian lists
L000237,Mickey Leland,Male,No,Democrat,Black
L000243,Norman F. Lent,Male,Yes,Republican-Conservative,Not on House Historian lists
L000263,Sander Levin,Male,No,Democrat,Not on House Historian lists
L000264,Mel Levine,Male,No,Democrat,Not on House Historian lists
L000265,Elliott H. Levitas,Male,Yes,Democrat,Not on House Historian lists
L000266,Jake LaTurner,Male,No,Republican,Not on House Historian lists
L000274,Jerry Lewis,Male,No,Republican,Not on House Historian lists
L000295,Tom Lewis,Male,Yes,Republican,Not on House Historian lists
L000304,Joe Lieberman,Male,No,Independent,Not on House Historian lists
L000321,John Linder,Male,Yes,Republican,Not on House Historian lists
L000491,Frank D. Lucas,Male,No,Republican,Not on House Historian lists
L000509,"Donald E. ""Buz"" Lukens",Male,Yes,Republican,Not on House Historian lists
L000521,William Luther,Male,Yes,Democrat,Not on House Historian lists
L000550,Mary Landrieu,Female,No,Democrat,Not on House Historian lists
L000551,Barbara Lee,Female,No,Democrat,Black
L000552,Ray LaHood,Male,No,Republican,Not on House Historian lists
L000554,Frank LoBiondo,Male,Yes,Republican,Not on House Historian lists
L000556,John LaFalce,Male,Yes,Democrat,Not on House Historian lists
L000557,John B. Larson,Male,No,Democrat,Not on House Historian lists
L000559,Jim Langevin,Male,No,Democrat,Not on House Historian lists
L000562,Stephen Lynch,Male,No,Democrat,Not on House Historian lists
L000564,Doug Lamborn,Male,No,Republican,Not on House Historian lists
L000566,Robert Latta,Male,Yes,Republican,Not on House Historian lists
L000567,Leonard Lance,Male,No,Republican,Not on House Historian lists
L000569,Blaine Luetkemeyer,Male,No,Republican,Not on House Historian lists
L000571,Cynthia Lummis,Female,No,Republican,Not on House Historian lists
L000573,Raul Labrador,Male,No,Republican,Hispanic
L000578,Doug LaMalfa,Male,No,Republican,Not on House Historian lists
L000579,Alan Lowenthal,Male,No,Democrat,Not on House Historian lists
L000582,Ted Lieu,Male,Yes,Democrat,Asian or Pacific Islander
L000583,Barry Loudermilk,Male,Yes,Republican,Not on House Historian lists
L000585,Darin LaHood,Male,No,Republican,Not on House Historian lists
L000586,Al Lawson,Male,No,Democrat,Black
L000589,Debbie Lesko,Female,No,Republican,Not on House Historian lists
L000599,Mike Lawler,Male,No,Republican,Not on House Historian lists
L000602,Summer Lee,Female,No,Democrat,Black
L000606,George Latimer,Male,No,Democrat,Not on House Historian lists
M000023,Buddy MacKay,Male,Yes,Democrat,Not on House Historian lists
M000041,Edward Madigan,Male,No,Republican,Not on House Historian lists
M000053,Warren Magnuson,Male,Not found,Democrat,Not on House Historian lists
M000090,James H. Maloney,Male,No,Democrat,Not on House Historian lists
M000133,Ed Markey,Male,Yes,Democrat,Not on House Historian lists
M000174,David Martin,Male,Yes,Republican,Not on House Historian lists
M000194,Nancy Mace,Female,No,Republican,Not on House Historian lists
M000195,Lynn M. Martin,Female,No,Republican,Not on House Historian lists
M000206,Matthew G. Martinez,Male,Yes,Republican,Hispanic
M000241,Charles Mathias,Male,No,Republican,Not on House Historian lists
M000250,Spark Matsunaga,Male,Yes,Democrat,Asian or Pacific Islander
M000260,Jim Mattox,Male,No,Democrat,Not on House Historian lists
M000291,Romano Mazzoli,Male,Yes,Democrat,Not on House Historian lists
M000316,Karen McCarthy,Female,No,Democrat,Not on House Historian lists
M000317,Nicole Malliotakis,Female,No,Republican,Hispanic
M000340,Robert McClory,Male,Yes,Republican,Not on House Historian lists
M000346,James A. McClure,Male,Yes,Republican,Not on House Historian lists
M000365,Mike McCormack,Male,Not found,Democrat,Not on House Historian lists
M000404,Jim McDermott,Male,Yes,Democrat,Not on House Historian lists
M000432,Bob McEwen,Male,No,Republican,Not on House Historian lists
M000458,Raymond J. McGrath,Male,No,Republican,Not on House Historian lists
M000466,Paul McHale,Male,Yes,Democrat,Not on House Historian lists
M000472,John M. McHugh,Male,Yes,Republican,Not on House Historian lists
M000477,Scott McInnis,Male,No,Republican,Not on House Historian lists
M000490,K. Gunn McKay,Male,Not found,Democrat,Not on House Historian lists
M000512,John R. McKernan Jr.,Male,Yes,Republican,Not on House Historian lists
M000523,Cynthia McKinney,Female,No,Democrat,Black
M000527,Stewart McKinney,Male,Yes,Republican,Not on House Historian lists
M000589,James F. McNulty Jr.,Male,Yes,Democrat,Not on House Historian lists
M000590,Michael McNulty,Male,No,Democrat,Not on House Historian lists
M000628,Carrie Meek,Female,No,Democrat,Black
M000635,John Melcher,Male,Yes,Democrat,Not on House Historian lists
M000639,Bob Menendez,Male,No,Democrat,Hispanic
M000669,Jack Metcalf,Male,Yes,Republican,Not on House Historian lists
M000678,Howard Metzenbaum,Male,No,Democrat,Not on House Historian lists
M000684,Jan Meyers,Female,No,Republican,Not on House Historian lists
M000689,John Mica,Male,No,Republican,Not on House Historian lists
M000714,Juanita Millender-McDonald,Female,No,Democrat,Black
M000808,Donald J. Mitchell,Male,Yes,Republican,Not on House Historian lists
M000834,Joseph Moakley,Male,Yes,Democrat,Not on House Historian lists
M000842,Guy Molinari,Male,Yes,Republican,Not on House Historian lists
M000865,Sonny Montgomery,Male,Yes,Democrat,Not on House Historian lists
M000881,Jim Moody,Male,No,Democrat,Not on House Historian lists
M000926,Carlos J. Moorhead,Male,Yes,Republican,Not on House Historian lists
M000934,Jerry Moran,Male,No,Republican,Not on House Historian lists
M000941,Connie Morella,Female,No,Republican,Not on House Historian lists
M000956,Robert B. Morgan,Male,Not found,Democrat,Not on House Historian lists
M000999,Sid Morrison,Male,Yes,Republican,Not on House Historian lists
M001025,Carol Moseley Braun,Female,No,Democrat,Black
M001044,Ronald Mottl,Male,Yes,Democrat,Not on House Historian lists
M001088,Austin J. Murphy,Male,Yes,Democrat,Not on House Historian lists
M001111,Patty Murray,Female,No,Democrat,Not on House Historian lists
M001120,John Murtha,Male,Yes,Democrat,Not on House Historian lists
M001121,Edmund Muskie,Male,Not found,Democrat,Not on House Historian lists
M001123,Raphael Musto,Male,Not found,Democrat,Not on House Historian lists
M001132,Michael Myers,Male,Not found,Democrat,Not on House Historian lists
M001137,Gregory Meeks,Male,No,Democrat,Black
M001139,Gary Miller,Male,Yes,Republican,Not on House Historian lists
M001141,Zell Miller,Male,Yes,Democrat,Not on House Historian lists
M001143,Betty McCollum,Female,No,Democrat,Not on House Historian lists
M001144,Jeff Miller,Male,No,Republican,Not on House Historian lists
M001147,Thaddeus McCotter,Male,No,Republican,Not on House Historian lists
M001148,Kendrick Meek,Male,No,Democrat,Black
M001149,Mike Michaud,Male,No,Democrat,Not on House Historian lists
M001151,Tim Murphy,Male,Yes,Republican,Not on House Historian lists
M001152,Marilyn Musgrave,Female,No,Republican,Not on House Historian lists
M001153,Lisa Murkowski,Female,No,Republican,Not on House Historian lists
M001154,Brad Miller,Male,No,Democrat,Not on House Historian lists
M001155,Connie Mack,Male,No,Republican,Not on House Historian lists
M001156,Patrick McHenry,Male,No,Republican,Not on House Historian lists
M001158,Kenny Marchant,Male,No,Republican,Not on House Historian lists
M001159,Cathy McMorris Rodgers,Female,No,Republican,Not on House Historian lists
M001160,Gwen Moore,Female,No,Democrat,Black
M001161,Charlie Melancon,Male,No,Democrat,Not on House Historian lists
M001165,Kevin McCarthy,Male,No,Republican,Not on House Historian lists
M001167,Harry Mitchell,Male,No,Democrat,Not on House Historian lists
M001169,Chris Murphy,Male,No,Democrat,Not on House Historian lists
M001170,Claire McCaskill,Female,No,Democrat,Not on House Historian lists
M001176,Jeff Merkley,Male,No,Democrat,Not on House Historian lists
M001177,Tom McClintock,Male,No,Republican,Not on House Historian lists
M001180,David McKinley,Male,No,Republican,Not on House Historian lists
M001182,Mick Mulvaney,Male,No,Republican,Not on House Historian lists
M001183,Joe Manchin,Male,No,Independent,Not on House Historian lists
M001188,Grace Meng,Female,No,Democrat,Asian or Pacific Islander
M001189,Luke Messer,Male,No,Republican,Not on House Historian lists
M001194,John Moolenaar,Male,No,Republican,Not on House Historian lists
M001195,Alex Mooney,Male,No,Republican,Hispanic
M001200,Donald McEachin,Male,No,Democrat,Black
M001205,Carol Miller,Female,No,Republican,Not on House Historian lists
M001206,Joseph Morelle,Male,No,Democrat,Not on House Historian lists
M001209,Ben McAdams,Male,No,Democrat,Not on House Historian lists
M001210,Gregory Murphy,Male,No,Republican,Not on House Historian lists
M001212,Barry Moore,Male,Yes,Republican,Not on House Historian lists
M001215,Mariannette Miller-Meeks,Female,Yes,Republican,Not on House Historian lists
M001217,Jared Moskowitz,Male,No,Democrat,Not on House Historian lists
M001220,Morgan McGarvey,Male,No,Democrat,Not on House Historian lists
M001221,Marcus Molinaro,Male,No,Republican,Not on House Historian lists
M001225,Kevin Mullin,Male,No,Democrat,Not on House Historian lists
M001227,Jennifer McClellan,Female,No,Democrat,Black
M001230,Ryan Mackenzie,Male,No,Republican,Not on House Historian lists
M001231,John Mannion,Male,No,Democrat,Not on House Historian lists
M001233,Mark Messmer,Male,No,Republican,Not on House Historian lists
M001234,Kelly Morrison,Female,No,Democrat,Not on House Historian lists
M001235,Riley Moore,Male,No,Republican,Not on House Historian lists
M001236,Tim Moore,Male,No,Republican,Not on House Historian lists
M001237,Kristen McDonald Rivet,Female,No,Democrat,Not on House Historian lists
M001238,Sarah McBride,Female,No,Democrat,Not on House Historian lists
M001239,John McGuire,Male,Yes,Republican,Not on House Historian lists
M001241,Dave Min,Male,No,Democrat,Asian or Pacific Islander
N000002,Jerrold Nadler,Male,No,Democrat,Not on House Historian lists
N000032,Bill Nelson,Male,Yes,Democrat,Not on House Historian lists
N000033,Gaylord Nelson,Male,Not found,Democrat,Not on House Historian lists
N000081,Bob Ney,Male,No,Republican,Not on House Historian lists
N000095,Bill Nichols,Male,Yes,Democrat,Not on House Historian lists
N000102,Don Nickles,Male,Yes,Republican,Not on House Historian lists
N000106,Howard C. Nielson,Male,Yes,Republican,Not on House Historian lists
N000127,Rick Nolan,Male,No,Democrat,Not on House Historian lists
N000143,Anne Northup,Female,No,Republican,Not on House Historian lists
N000171,Sam Nunn,Male,Yes,Democrat,Not on House Historian lists
N000179,Grace Napolitano,Female,No,Democrat,Hispanic
N000184,Kristi Noem,Female,No,Republican,Not on House Historian lists
N000186,Alan Nunnelee,Male,No,Republican,Not on House Historian lists
N000188,Donald Norcross,Male,No,Democrat,Not on House Historian lists
N000189,Dan Newhouse,Male,No,Republican,Not on House Historian lists
N000190,Ralph Norman,Male,No,Republican,Not on House Historian lists
N000193,Zach Nunn,Male,Yes,Republican,Not on House Historian lists
N000194,Wiley Nickel,Male,No,Democrat,Not on House Historian lists
O000001,Mary Oakar,Female,No,Democrat,Not on House Historian lists
O000007,David Obey,Male,No,Democrat,Not on House Historian lists
O000010,George M. O'Brien,Male,Yes,Republican,Not on House Historian lists
O000019,Jay Obernolte,Male,No,Republican,Not on House Historian lists
O000085,John Olver,Male,No,Democrat,Not on House Historian lists
O000098,Tip O'Neill,Male,No,Democrat,Not on House Historian lists
O000159,Major Owens,Male,No,Democrat,Black
O000163,Mike Oxley,Male,No,Republican,Not on House Historian lists
O000166,Butch Otter,Male,Yes,Republican,Not on House Historian lists
O000167,Barack Obama,Male,No,Democrat,Black
O000171,Tom O'Halleran,Male,Yes,Democrat,Not on House Historian lists
O000173,Ilhan Omar,Female,No,Democrat,Black
O000176,Johnny Olszewski,Male,No,Democrat,Not on House Historian lists
O000177,Bob Onder,Male,No,Republican,Not on House Historian lists
P000009,Bob Packwood,Male,No,Republican,Not on House Historian lists
P000034,Frank Pallone,Male,No,Democrat,Not on House Historian lists
P000080,Stan Parris,Male,Yes,Republican,Not on House Historian lists
P000096,Bill Pascrell,Male,Yes,Democrat,Not on House Historian lists
P000104,Bill Patman,Male,Yes,Democrat,Not on House Historian lists
P000112,Liz Patterson,Female,No,Democrat,Not on House Historian lists
P000145,Alex Padilla,Male,No,Democrat,Hispanic
P000148,Bill Paxon,Male,No,Republican,Not on House Historian lists
P000170,Donald Pease,Male,Yes,Democrat,Not on House Historian lists
P000171,Ed Pease,Male,No,Republican,Not on House Historian lists
P000215,Timothy Penny,Male,No,Democrat,Not on House Historian lists
P000218,Claude Pepper,Male,Yes,Democrat,Not on House Historian lists
P000229,Carl Christopher Perkins,Male,No,Democrat,Not on House Historian lists
P000230,Carl D. Perkins,Male,Yes,Democrat,Not on House Historian lists
P000258,Collin Peterson,Male,Yes,Democrat,Not on House Historian lists
P000263,John Peterson,Male,Yes,Republican,Not on House Historian lists
P000265,Tom Petri,Male,No,Republican,Not on House Historian lists
P000326,Owen B. Pickett,Male,No,Democrat,Not on House Historian lists
P000373,Joseph Pitts,Male,Yes,Republican,Not on House Historian lists
P000422,Earl Pomeroy,Male,No,Democrat,Not on House Historian lists
P000444,John Edward Porter,Male,Yes,Republican,Not on House Historian lists
P000452,Glenn Poshard,Male,Yes,Democrat,Not on House Historian lists
P000556,David Pryor,Male,Yes,Democrat,Not on House Historian lists
P000574,Carl Pursell,Male,Yes,Republican,Not on House Historian lists
P000584,David D. Phelps,Male,No,Democrat,Not on House Historian lists
P000585,Todd Platts,Male,No,Republican,Not on House Historian lists
P000586,Adam Putnam,Male,No,Republican,Not on House Historian lists
P000588,Stevan Pearce,Male,Yes,Republican,Not on House Historian lists
P000589,Jon Porter,Male,No,Republican,Not on House Historian lists
P000590,Mark Pryor,Male,No,Democrat,Not on House Historian lists
P000591,Tom Price,Male,No,Republican,Not on House Historian lists
P000593,Ed Perlmutter,Male,No,Democrat,Not on House Historian lists
P000594,Erik Paulsen,Male,No,Republican,Not on House Historian lists
P000595,Gary Peters,Male,Yes,Democrat,Not on House Historian lists
P000597,Chellie Pingree,Female,No,Democrat,Not on House Historian lists
P000599,Bill Posey,Male,No,Republican,Not on House Historian lists
P000601,Steven Palazzo,Male,Yes,Republican,Not on House Historian lists
P000605,Scott Perry,Male,Yes,Republican,Not on House Historian lists
P000606,Robert Pittenger,Male,No,Republican,Not on House Historian lists
P000607,Mark Pocan,Male,No,Democrat,Not on House Historian lists
P000614,Chris Pappas,Male,No,Democrat,Not on House Historian lists
P000619,Mary Peltola,Female,No,Democrat,Not on House Historian lists
P000620,Brittany Pettersen,Female,No,Democrat,Not on House Historian lists
P000621,Nellie Pou,Female,No,Democrat,Hispanic
P000622,Jimmy Patronis,Male,No,Republican,Not on House Historian lists
Q000013,Jimmy Quillen,Male,Yes,Republican,Not on House Historian lists
R000012,Tom Railsback,Male,Yes,Republican,Not on House Historian lists
R000033,Jim Ramstad,Male,Yes,Republican,Not on House Historian lists
R000053,Charles Rangel,Male,Yes,Democrat,Black
R000067,William R. Ratchford,Male,No,Democrat,Not on House Historian lists
R000072,Arthur Ravenel Jr.,Male,Yes,Republican,Not on House Historian lists
R000103,Matt Rosendale,Male,No,Republican,Not on House Historian lists
R000122,Jack Reed,Male,Yes,Democrat,Not on House Historian lists
R000141,Ralph Regula,Male,Yes,Republican,Not on House Historian lists
R000146,Harry Reid,Male,No,Democrat,Not on House Historian lists
R000191,Abraham Ribicoff,Male,Not found,Democrat,Not on House Historian lists
R000262,Matthew J. Rinaldo,Male,No,Republican,Not on House Historian lists
R000281,Lynn Rivers,Female,No,Democrat,Not on House Historian lists
R000305,Deborah Ross,Female,No,Democrat,Not on House Historian lists
R000308,Clint Roberts,Male,No,Republican,Not on House Historian lists
R000312,Ray Roberts,Male,Not found,Democrat,Not on House Historian lists
R000337,J. Kenneth Robinson,Male,Yes,Republican,Not on House Historian lists
R000361,Jay Rockefeller,Male,No,Democrat,Not on House Historian lists
R000386,James Rogan,Male,No,Republican,Not on House Historian lists
R000435,Ileana Ros-Lehtinen,Female,No,Republican,Hispanic
R000458,Dan Rostenkowski,Male,Yes,Democrat,Not on House Historian lists
R000459,Toby Roth,Male,Yes,Republican,Not on House Historian lists
R000481,J. Roy Rowland,Male,Yes,Democrat,Not on House Historian lists
R000482,John G. Rowland,Male,No,Republican,Not on House Historian lists
R000486,Lucille Roybal-Allard,Female,No,Democrat,Hispanic
R000487,Ed Royce,Male,No,Republican,Not on House Historian lists
R000510,Harold L. Runnels,Male,Not found,Democrat,Not on House Historian lists
R000568,Ciro Rodriguez,Male,No,Democrat,Hispanic
R000569,Thomas Reynolds,Male,No,Republican,Not on House Historian lists
R000571,Denny Rehberg,Male,No,Republican,Not on House Historian lists
R000572,Mike Rogers,Male,Yes,Republican,Not on House Historian lists
R000573,Mike Ross,Male,No,Democrat,Not on House Historian lists
R000575,Mike Rogers,Male,No,Republican,Not on House Historian lists
R000577,Tim Ryan,Male,No,Democrat,Not on House Historian lists
R000580,Peter Roskam,Male,No,Republican,Not on House Historian lists
R000581,Laura Richardson,Female,No,Democrat,Black
R000584,Jim Risch,Male,No,Republican,Not on House Historian lists
R000588,Cedric Richmond,Male,No,Democrat,Black
R000590,David Rivera,Male,No,Republican,Hispanic
R000593,Dennis Ross,Male,No,Republican,Not on House Historian lists
R000595,Marco Rubio,Male,No,Republican,Hispanic
R000603,David Rouzer,Male,No,Republican,Not on House Historian lists
R000604,Steve Russell,Male,Yes,Republican,Not on House Historian lists
R000605,Mike Rounds,Male,No,Republican,Not on House Historian lists
R000606,Jamie Raskin,Male,No,Democrat,Not on House Historian lists
R000610,Guy Reschenthaler,Male,Yes,Republican,Not on House Historian lists
R000617,Delia Ramirez,Female,No,Democrat,Hispanic
R000620,Luz Rivas,Female,No,Democrat,Hispanic
R000621,Emily Randall,Female,No,Democrat,Hispanic
S000005,Martin Olav Sabo,Male,No,Democrat,Not on House Historian lists
S000014,Pat Saiki,Female,No,Republican,Asian or Pacific Islander
S000018,Matt Salmon,Male,No,Republican,Not on House Historian lists
S000055,Terry Sanford,Male,Yes,Democrat,Not on House Historian lists
S000056,George Sangmeister,Male,Yes,Democrat,Not on House Historian lists
S000064,Paul Sarbanes,Male,No,Democrat,Not on House Historian lists
S000066,Bill Sarpalius,Male,No,Democrat,Not on House Historian lists
S000070,David E. Satterfield III,Male,Not found,Democrat,Not on House Historian lists
S000094,Thomas Sawyer,Male,No,Democrat,Not on House Historian lists
S000097,Jim Saxton,Male,Yes,Republican,Not on House Historian lists
S000109,Daniel Schaefer,Male,No,Republican,Not on House Historian lists
S000112,Bob Schaffer,Male,No,Republican,Not on House Historian lists
S000143,Bill Schuette,Male,No,Republican,Not on House Historian lists
S000146,Richard Schulze,Male,Yes,Republican,Not on House Historian lists
S000148,Chuck Schumer,Male,No,Democrat,Not on House Historian lists
S000185,Bobby Scott,Male,Yes,Democrat,Black; Asian or Pacific Islander
S000213,Andrea Seastrand,Female,No,Republican,Not on House Historian lists
S000217,Keith Sebelius,Male,Not found,Republican,Not on House Historian lists
S000244,Jim Sensenbrenner,Male,No,Republican,Not on House Historian lists
S000248,Jose E. Serrano,Male,Yes,Democrat,Hispanic
S000269,John Seymour,Male,Not found,Republican,Not on House Historian lists
S000320,Richard Shelby,Male,No,Republican,Not on House Historian lists
S000332,Karen Shepherd,Female,No,Democrat,Not on House Historian lists
S000407,Gerald Sikorski,Male,No,Democrat,Not on House Historian lists
S000409,Mark Siljander,Male,No,Republican,Not on House Historian lists
S000423,Paul Simon,Male,Yes,Democrat,Not on House Historian lists
S000429,Alan Simpson,Male,Yes,Republican,Not on House Historian lists
S000453,Norman Sisisky,Male,Yes,Democrat,Not on House Historian lists
S000462,David Skaggs,Male,Yes,Democrat,Not on House Historian lists
S000465,Ike Skelton,Male,No,Democrat,Not on House Historian lists
S000477,Jim Slattery,Male,No,Democrat,Not on House Historian lists
S000479,D. French Slaughter Jr.,Male,Yes,Republican,Not on House Historian lists
S000480,Louise Slaughter,Female,No,Democrat,Not on House Historian lists
S000510,Adam Smith,Male,No,Democrat,Not on House Historian lists
S000579,Joseph Smith,Male,Not found,Democrat,Not on House Historian lists
S000583,Lamar Smith,Male,No,Republican,Not on House Historian lists
S000586,Lawrence J. Smith,Male,No,Democrat,Not on House Historian lists
S000587,Linda Smith,Female,No,Republican,Not on House Historian lists
S000597,Nick Smith,Male,Yes,Republican,Not on House Historian lists
S000601,Peter P. Smith,Male,No,Republican,Not on House Historian lists
S000607,"Robert F. ""Bob"" Smith",Male,No,Republican,Not on House Historian lists
S000662,Vincent Snowbarger,Male,No,Republican,Not on House Historian lists
S000663,Olympia Snowe,Female,No,Republican,Not on House Historian lists
S000672,Vic Snyder,Male,Yes,Democrat,Not on House Historian lists
S000673,Stephen Solarz,Male,No,Democrat,Not on House Historian lists
S000675,Gerald B.H. Solomon,Male,Yes,Republican,Not on House Historian lists
S000718,Floyd Spence,Male,Yes,Republican,Not on House Historian lists
S000762,Fernand St Germain,Male,No,Democrat,Not on House Historian lists
S000770,Debbie Stabenow,Female,No,Democrat,Not on House Historian lists
S000779,Harley O. Staggers Jr.,Male,No,Democrat,Not on House Historian lists
S000795,Arlan Stangeland,Male,No,Republican,Not on House Historian lists
S000852,John Stennis,Male,No,Democrat,Not on House Historian lists
S000888,Ted Stevens,Male,Yes,Republican,Not on House Historian lists
S000890,Adlai Stevenson III,Male,Not found,Democrat,Not on House Historian lists
S000907,Donald W. Stewart,Male,Not found,Democrat,Not on House Historian lists
S000929,Victoria Spartz,Female,No,Republican,Not on House Historian lists
S000962,Richard (Dick) Stone,Male,Not found,Democrat,Not on House Historian lists
S000991,Michael Strang,Male,Not found,Republican,Not on House Historian lists
S001044,Bob Stump,Male,Yes,Republican,Not on House Historian lists
S001045,Bart Stupak,Male,No,Democrat,Not on House Historian lists
S001142,Gordon Smith,Male,No,Republican,Not on House Historian lists
S001144,Chris Shays,Male,No,Republican,Not on House Historian lists
S001145,Janice Schakowsky,Female,No,Democrat,Not on House Historian lists
S001147,Ronnie Shows,Male,No,Democrat,Not on House Historian lists
S001148,Mike Simpson,Male,No,Republican,Not on House Historian lists
S001150,Adam Schiff,Male,No,Democrat,Not on House Historian lists
S001151,Ed Schrock,Male,Yes,Republican,Not on House Historian lists
S001152,Rob Simmons,Male,Yes,Republican,Not on House Historian lists
S001153,Hilda Solis,Female,No,Democrat,Hispanic
S001155,John Sullivan,Male,No,Republican,Not on House Historian lists
S001157,David Scott,Male,No,Democrat,Black
S001158,John Salazar,Male,Yes,Democrat,Hispanic
S001161,John Schwarz,Male,No,Republican,Not on House Historian lists
S001162,Allyson Schwartz,Female,No,Democrat,Not on House Historian lists
S001164,Jean Schmidt,Female,No,Republican,Not on House Historian lists
S001165,Albio Sires,Male,No,Democrat,Hispanic
S001167,Bill Sali,Male,No,Republican,Not on House Historian lists
S001172,Adrian Smith,Male,No,Republican,Not on House Historian lists
S001174,Betty Sutton,Female,No,Democrat,Not on House Historian lists
S001175,Jackie Speier,Female,No,Democrat,Not on House Historian lists
S001176,Steve Scalise,Male,No,Republican,Not on House Historian lists
S001178,Mark Schauer,Male,No,Democrat,Not on House Historian lists
S001179,Aaron Schock,Male,No,Republican,Not on House Historian lists
S001180,Kurt Schrader,Male,No,Democrat,Not on House Historian lists
S001181,Jeanne Shaheen,Female,No,Democrat,Not on House Historian lists
S001183,David Schweikert,Male,No,Republican,Not on House Historian lists
S001184,Tim Scott,Male,No,Republican,Black
S001187,Steve Stivers,Male,Yes,Republican,Not on House Historian lists
S001188,Marlin Stutzman,Male,No,Republican,Not on House Historian lists
S001189,Austin Scott,Male,No,Republican,Not on House Historian lists
S001191,Kyrsten Sinema,Female,No,Independent,Not on House Historian lists
S001194,Brian Schatz,Male,No,Democrat,Not on House Historian lists
S001195,Jason Smith,Male,No,Republican,Not on House Historian lists
S001199,Lloyd Smucker,Male,No,Republican,Not on House Historian lists
S001200,Darren Soto,Male,No,Democrat,Hispanic
S001214,Greg Steube,Male,Yes,Republican,Not on House Historian lists
S001218,Melanie Stansbury,Female,No,Democrat,Not on House Historian lists
S001223,Emilia Sykes,Female,No,Democrat,Black
S001226,Andrea Salinas,Female,No,Democrat,Hispanic
S001227,Eric Schmitt,Male,No,Republican,Not on House Historian lists
S001228,Derek Schmidt,Male,No,Republican,Not on House Historian lists
S001230,Suhas Subramanyam,Male,No,Democrat,Asian or Pacific Islander
T000024,Jim Talent,Male,No,Republican,Not on House Historian lists
T000034,Robin Tallon,Male,No,Democrat,Not on House Historian lists
T000038,John Tanner,Male,Yes,Democrat,Not on House Historian lists
T000048,Randy Tate,Male,No,Republican,Not on House Historian lists
T000053,Tom Tauke,Male,No,Republican,Not on House Historian lists
T000058,Billy Tauzin,Male,No,Republican,Not on House Historian lists
T000067,Charles H. Taylor,Male,No,Republican,Not on House Historian lists
T000074,Gene Taylor,Male,Yes,Democrat,Not on House Historian lists
T000113,Frank Tejeda,Male,Yes,Democrat,Hispanic
T000162,Craig Thomas,Male,Yes,Republican,Not on House Historian lists
T000165,Tom Tiffany,Male,No,Republican,Not on House Historian lists
T000188,Bill Thomas,Male,No,Republican,Not on House Historian lists
T000200,Frank Thompson Jr.,Male,Not found,Democrat,Not on House Historian lists
T000253,Karen Thurman,Female,No,Democrat,Not on House Historian lists
T000254,Strom Thurmond,Male,Yes,Republican,Not on House Historian lists
T000260,Todd Tiahrt,Male,No,Republican,Not on House Historian lists
T000314,Peter Torkildsen,Male,No,Republican,Not on House Historian lists
T000356,Bob Traxler,Male,Yes,Democrat,Not on House Historian lists
T000424,Jim Turner,Male,Yes,Democrat,Not on House Historian lists
T000458,Tom Tancredo,Male,No,Republican,Not on House Historian lists
T000460,Mike Thompson,Male,Yes,Democrat,Not on House Historian lists
T000462,Pat Tiberi,Male,No,Republican,Not on House Historian lists
T000464,Jon Tester,Male,No,Democrat,Not on House Historian lists
T000468,Dina Titus,Female,No,Democrat,Not on House Historian lists
T000469,Paul Tonko,Male,No,Democrat,Not on House Historian lists
T000470,Scott Tipton,Male,No,Republican,Not on House Historian lists
T000473,Mark Takai,Male,No,Democrat,Asian or Pacific Islander
T000474,Norma Torres,Female,No,Democrat,Hispanic
T000476,Thom Tillis,Male,No,Republican,Not on House Historian lists
T000477,Scott Taylor,Male,No,Republican,Not on House Historian lists
T000478,Claudia Tenney,Female,Yes,Republican,Not on House Historian lists
T000479,Van Taylor,Male,Yes,Republican,Not on House Historian lists
T000480,William Timmons,Male,Yes,Republican,Not on House Historian lists
T000481,Rashida Tlaib,Female,No,Democrat,Not on House Historian lists
T000487,Jill Tokuda,Female,No,Democrat,Asian or Pacific Islander
T000488,Shri Thanedar,Male,No,Democrat,Asian or Pacific Islander
T000489,Sylvester Turner,Male,Not found,Democrat,Black
U000017,Jolene Unsoeld,Female,No,Democrat,Not on House Historian lists
U000038,Mark Udall,Male,No,Democrat,Not on House Historian lists
V000027,Guy Vander Jagt,Male,No,Republican,Not on House Historian lists
V000087,Bruce Vento,Male,No,Democrat,Not on House Historian lists
V000112,Harold Volkmer,Male,Yes,Democrat,Not on House Historian lists
V000126,George Voinovich,Male,No,Republican,Not on House Historian lists
V000127,David Vitter,Male,No,Republican,Not on House Historian lists
V000128,Chris Van Hollen,Male,No,Democrat,Not on House Historian lists
V000129,David Valadao,Male,No,Republican,Hispanic
V000130,Juan Vargas,Male,No,Democrat,Hispanic
V000131,Marc Veasey,Male,No,Democrat,Black
V000133,Jeff Van Drew,Male,No,Republican,Not on House Historian lists
W000038,Alton Waldon,Male,Not found,Democrat,Black
W000092,Malcolm Wallop,Male,Yes,Republican,Not on House Historian lists
W000139,Mike Ward,Male,No,Democrat,Not on House Historian lists
W000177,Craig Washington,Male,No,Democrat,Black
W000180,Harold Washington,Male,Yes,Democrat,Black
W000187,Maxine Waters,Female,No,Democrat,Black
W000194,Wes Watkins,Male,Yes,Republican,Not on House Historian lists
W000207,Melvin Watt,Male,No,Democrat,Black
W000215,Henry Waxman,Male,No,Democrat,Not on House Historian lists
W000273,Jerry Weller,Male,No,Republican,Not on House Historian lists
W000314,Robert Wexler,Male,No,Democrat,Not on House Historian lists
W000315,Robert Weygand,Male,No,Democrat,Not on House Historian lists
W000326,Alan Wheat,Male,No,Democrat,Black
W000390,Richard C. White,Male,Yes,Democrat,Not on House Historian lists
W000413,Ed Whitfield,Male,Yes,Republican,Not on House Historian lists
W000426,Robert Whittaker,Male,No,Republican,Not on House Historian lists
W000428,Jamie Whitten,Male,No,Democrat,Not on House Historian lists
W000437,Roger Wicker,Male,Yes,Republican,Not on House Historian lists
W000520,Pat Williams,Male,Yes,Democrat,Not on House Historian lists
W000570,Charlie Wilson,Male,Yes,Democrat,Not on House Historian lists
W000571,Charles H. Wilson,Male,Not found,Democrat,Not on House Historian lists
W000607,Pete Wilson,Male,Yes,Republican,Not on House Historian lists
W000654,Bob Wise,Male,No,Democrat,Not on House Historian lists
W000682,Howard Wolpe,Male,No,Democrat,Not on House Historian lists
W000763,Jim Wright,Male,Yes,Democrat,Not on House Historian lists
W000777,Joseph P. Wyatt Jr.,Male,Not found,Democrat,Not on House Historian lists
W000784,Albert Wynn,Male,No,Democrat,Black
W000788,Nikema Williams,Female,No,Democrat,Black
W000791,Greg Walden,Male,No,Republican,Not on House Historian lists
W000794,Diane Watson,Female,No,Democrat,Black
W000795,Joe Wilson,Male,Yes,Republican,Not on House Historian lists
W000796,Lynn Westmoreland,Male,No,Republican,Not on House Historian lists
W000797,Debbie Wasserman Schultz,Female,No,Democrat,Not on House Historian lists
W000798,Tim Walberg,Male,No,Republican,Not on House Historian lists
W000800,Peter Welch,Male,No,Democrat,Not on House Historian lists
W000801,Charlie Wilson,Male,No,Democrat,Not on House Historian lists
W000804,Rob Wittman,Male,No,Republican,Not on House Historian lists
W000806,Daniel Webster,Male,No,Republican,Not on House Historian lists
W000808,Frederica Wilson,Female,No,Democrat,Black
W000813,Jackie Walorski,Female,No,Republican,Not on House Historian lists
W000814,Randy Weber,Male,No,Republican,Not on House Historian lists
W000820,Mimi Walters,Female,No,Republican,Not on House Historian lists
W000821,Bruce Westerman,Male,Yes,Republican,Not on House Historian lists
W000822,Bonnie Watson Coleman,Female,No,Democrat,Black
W000825,Jennifer Wexton,Female,No,Democrat,Not on House Historian lists
Y000014,Gus Yatron,Male,No,Democrat,Not on House Historian lists
Y000031,C. Young,Male,No,Republican,Not on House Historian lists
Y000033,Don Young,Male,Yes,Republican,Not on House Historian lists
Y000047,Milton Young,Male,Not found,Republican,Not on House Historian lists
Y000051,Robert A. Young,Male,Yes,Democrat,Not on House Historian lists
Y000063,Kevin Yoder,Male,No,Republican,Not on House Historian lists
Y000066,David Young,Male,No,Republican,Not on House Historian lists
Z000001,Clement Zablocki,Male,No,Democrat,Not on House Historian lists
Z000008,Dick Zimmer,Male,No,Republican,Not on House Historian lists
Z000017,Lee Zeldin,Male,No,Republican,Not on House Historian lists
Z000018,Ryan Zinke,Male,Yes,Republican,Not on House Historian lists
