Name,State,Chambers,BioguideId,MaxCongress,TotalSponsoredItems
Donald Albosta,Michigan,House,A000076,98,
Ike Andrews,North Carolina,House,A000207,98,
W. Akin,Missouri,House,A000358,112,
Alvin Baldus,Wisconsin,House,B000083,96,
Thomas Barrett,Wisconsin,House,B000177,107,
Lucien Blackwell,Pennsylvania,House,B000517,103,
William Boner,Tennessee,House,B000615,100,
David Bonior,Michigan,House,B000619,107,
Robert Borski,Pennsylvania,House,B000644,107,
Douglas Bosco,California,House,B000648,101,
William Brodhead,Michigan,House,B000862,97,
Jim Bunn,Oregon,House,B001063,104,
Henry Brown,South Carolina,House,B001235,111,
Mike Bishop,Michigan,House,B001293,115,
Tom Campbell,California,House,C000100,106,
John Cavanaugh,Nebraska,House,C000261,96,
Eugene Chappie,California,House,C000322,99,
Barbara-Rose Collins,Michigan,House,C000633,104,
Wes Cooley,Oregon,House,C000737,104,
William Coyne,Pennsylvania,House,C000846,107,
John Campbell,California,House,C001064,113,
Donald Cazayoux,Louisiana,House,C001073,110,
Connie Conway,California,House,C001128,117,
George Danielson,California,House,D000043,97,
James Davis,Florida,House,D000114,109,
Charles Dougherty,Pennsylvania,House,D000446,97,
Robert Duncan,Oregon,House,D000537,96,
Steve Driehaus,Ohio,House,D000609,111,
Jeff Denham,California,House,D000612,115,
Dennis Eckart,Ohio,House,E000031,102,
Fred Eckert,New York,House,E000033,99,
Thomas Edwards,Texas,House,E000063,111,
Edward Feighan,Ohio,House,F000059,102,
Jon Fox,Pennsylvania,House,F000332,105,
Dan Frisa,New York,House,F000387,104,
Sheila Frahm,Kansas,Senate,F000438,104,
Lois Frankel,Florida,House,F000462,119,
John Faso,New York,House,F000464,115,
Sam Gibbons,Florida,House,G000153,104,
Sedgwick Green,New York,House,G000417,102,
Vonno Gudger,North Carolina,House,G000515,96,
Tennyson Guyer,Ohio,House,G000537,97,
Gordon Humphrey,New Hampshire,Senate,H000951,101,
Joseph Hoeffel,Pennsylvania,House,H001031,108,
Michael Honda,California,House,H001034,114,
Katherine Harris,Florida,House,H001035,109,
Mike Haridopolos,Florida,House,H001099,119,
Chris Jacobs,New York,House,J000020,117,
Christopher John,Louisiana,House,J000110,108,
Harold Johnson,California,House,J000135,96,
Walter Jones,North Carolina,House,J000256,102,
Jim Jordan,Ohio,House,J000289,119,
Carolyn Kilpatrick,Michigan,House,K000180,111,
Thomas Kindness,Ohio,House,K000190,99,
Michael Kopetski,Oregon,House,K000312,103,
Steven Kuykendall,California,House,K000357,106,
Delbert Latta,Ohio,House,L000116,100,
Raymond Lederer,Pennsylvania,House,L000187,97,
Gary Lee,New York,House,L000192,97,
William Luther,Minnesota,House,L000521,107,
Robert Latta,Ohio,House,L000566,119,
Alan Lowenthal,California,House,L000579,117,
Al Lawson,Florida,House,L000586,117,
David Martin,New York,House,M000174,102,
Charles Mathias,Maryland,House+Senate,M000241,99,
Bob McEwen,Ohio,House,M000432,102,
Paul McHale,Pennsylvania,House,M000466,105,
John Melcher,Montana,House+Senate,M000635,100,
Jan Meyers,Kansas,House,M000684,104,
Jim Moody,Wisconsin,House,M000881,102,
Ronald Mottl,Ohio,House,M001044,97,
Raphael Musto,Pennsylvania,House,M001123,96,
Michael Myers,Pennsylvania,House,M001132,96,
Jeff Miller,Florida,House,M001144,114,
Connie Mack,Florida,House,M001155,112,
Gregory Murphy,North Carolina,House,M001210,119,
Marcus Molinaro,New York,House,M001221,118,
Mary Oakar,Ohio,House,O000001,102,
John Olver,Massachusetts,House,O000085,112,
Donald Pease,Ohio,House,P000170,102,
Stevan Pearce,New Mexico,House,P000588,115,
Mark Pryor,Arkansas,Senate,P000590,113,
Clint Roberts,South Dakota,House,R000308,97,
Thomas Reynolds,New York,House,R000569,110,
David Rouzer,North Carolina,House,R000603,119,
Thomas Sawyer,Ohio,House,S000094,107,
Bill Schuette,Michigan,House,S000143,101,
Richard Schulze,Pennsylvania,House,S000146,102,
Andrea Seastrand,California,House,S000213,104,
Karen Shepherd,Utah,House,S000332,103,
Gerald Sikorski,Minnesota,House,S000407,102,
Mark Siljander,Michigan,House,S000409,99,
Joseph Smith,Pennsylvania,House,S000579,97,
Vincent Snowbarger,Kansas,House,S000662,105,
Janice Schakowsky,Illinois,House,S001145,119,
Hilda Solis,California,House,S001153,111,
John Sullivan,Oklahoma,House,S001155,112,
John Schwarz,Michigan,House,S001161,109,
Mark Schauer,Michigan,House,S001178,111,
Lloyd Smucker,Pennsylvania,House,S001199,119,
Peter Torkildsen,Massachusetts,House,T000314,104,
Alton Waldon,New York,House,W000038,99,
Melvin Watt,North Carolina,House,W000207,113,
Robert Whittaker,Kansas,House,W000426,101,
James Wright,Texas,House,W000763,101,
Randy Weber,Texas,House,W000814,119,
C. Young,Florida,House,Y000031,113,
Kevin Yoder,Kansas,House,Y000063,115,
Lee Zeldin,New York,House,Z000017,117,
